#pragma once
#include "epd_driver.h"
const uint8_t OpenSans12BBitmaps[33805] = {
    0xF7, 0xFF, 0x0A, 0xF6, 0xFF, 0x09, 0xF6, 0xFF, 0x08, 0xF5, 0xFF, 0x08, 0xF4, 0xFF, 0x07, 0xF3,
    0xFF, 0x06, 0xF2, 0xFF, 0x05, 0xF1, 0xFF, 0x04, 0xF0, 0xFF, 0x03, 0xF0, 0xFF, 0x02, 0xE0, 0xFF,
    0x01, 0x00, 0x00, 0x00, 0x00, 0x00, 0x00, 0x00, 0x02, 0x00, 0xE2, 0xFF, 0x04, 0xF8, 0xFF, 0x0A,
    0xF8, 0xFF, 0x0A, 0xC1, 0xCF, 0x02, 0xF5, 0xFF, 0x20, 0xFF, 0x2F, 0xF4, 0xEF, 0x10, 0xFF, 0x1F,
    0xF2, 0xDF, 0x00, 0xFF, 0x0F, 0xF1, 0xBF, 0x00, 0xFE, 0x0E, 0xF0, 0xAF, 0x00, 0xFD, 0x0D, 0xE0,
    0x9F, 0x00, 0xFC, 0x0B, 0x00, 0x00, 0x30, 0xFF, 0x07, 0xF1, 0x8F, 0x00, 0x00, 0x00, 0x60, 0xFF,
    0x03, 0xF5, 0x4F, 0x00, 0x00, 0x00, 0xA0, 0xFF, 0x00, 0xF8, 0x1F, 0x00, 0x00, 0x00, 0xD0, 0xDF,
    0x00, 0xFC, 0x0E, 0x00, 0x50, 0x99, 0xF9, 0xDF, 0x99, 0xFF, 0x9E, 0x59, 0x90, 0xFF, 0xFF, 0xFF,
    0xFF, 0xFF, 0xFF, 0x9F, 0x90, 0xFF, 0xFF, 0xFF, 0xFF, 0xFF, 0xFF, 0x9F, 0x00, 0x00, 0xF9, 0x0F,
    0x80, 0xFF, 0x01, 0x00, 0x00, 0x00, 0xFC, 0x0D, 0xB0, 0xEF, 0x00, 0x00, 0x00, 0x00, 0xFF, 0x0A,
    0xE0, 0xBF, 0x00, 0x00, 0xF7, 0xFF, 0xFF, 0xFF, 0xFF, 0xFF, 0xFF, 0x0C, 0xF7, 0xFF, 0xFF, 0xFF,
    0xFF, 0xFF, 0xFF, 0x0C, 0x83, 0xC8, 0xFF, 0x88, 0xFC, 0x9F, 0x88, 0x06, 0x00, 0xB0, 0xFF, 0x00,
    0xFB, 0x0F, 0x00, 0x00, 0x00, 0xE0, 0xCF, 0x00, 0xFE, 0x0C, 0x00, 0x00, 0x00, 0xF0, 0x9F, 0x00,
    0xFF, 0x0A, 0x00, 0x00, 0x00, 0xF3, 0x6F, 0x30, 0xFF, 0x07, 0x00, 0x00, 0x00, 0xF5, 0x4F, 0x60,
    0xFF, 0x04, 0x00, 0x00, 0x00, 0x00, 0xA0, 0x0F, 0x00, 0x00, 0x00, 0x00, 0x00, 0xA0, 0x0F, 0x00,
    0x00, 0x00, 0x00, 0xA4, 0xFE, 0xFF, 0xBE, 0x27, 0x00, 0xA0, 0xFF, 0xFF, 0xFF, 0xFF, 0xDF, 0x00,
    0xF7, 0xFF, 0xFF, 0xFF, 0xFF, 0x7F, 0x00, 0xFD, 0xFF, 0xB4, 0x0F, 0x73, 0x1C, 0x00, 0xFE, 0xDF,
    0xA0, 0x0F, 0x00, 0x00, 0x00, 0xFC, 0xFF, 0xB9, 0x0F, 0x00, 0x00, 0x00, 0xF4, 0xFF, 0xFF, 0x4F,
    0x00, 0x00, 0x00, 0x60, 0xFF, 0xFF, 0xFF, 0x6D, 0x00, 0x00, 0x00, 0x91, 0xFF, 0xFF, 0xFF, 0x1D,
    0x00, 0x00, 0x00, 0xC1, 0xFF, 0xFF, 0xDF, 0x00, 0x00, 0x00, 0xA0, 0x4F, 0xFE, 0xFF, 0x03, 0x01,
    0x00, 0xA0, 0x0F, 0xF6, 0xFF, 0x05, 0xBE, 0x26, 0xA0, 0x1F, 0xFB, 0xFF, 0x03, 0xFE, 0xFF, 0xFF,
    0xFF, 0xFF, 0xCF, 0x00, 0xFE, 0xFF, 0xFF, 0xFF, 0xFF, 0x1D, 0x00, 0x71, 0xDB, 0xFF, 0xEF, 0x6B,
    0x00, 0x00, 0x00, 0x00, 0xA0, 0x0F, 0x00, 0x00, 0x00, 0x00, 0x00, 0xA0, 0x0F, 0x00, 0x00, 0x00,
    0x00, 0xC4, 0xFF, 0x3C, 0x00, 0x00, 0x00, 0xF8, 0x6F, 0x00, 0x00, 0x40, 0xFF, 0xFF, 0xFF, 0x03,
    0x00, 0x20, 0xFF, 0x0D, 0x00, 0x00, 0xC0, 0xFF, 0xCC, 0xFF, 0x0B, 0x00, 0xA0, 0xFF, 0x04, 0x00,
    0x00, 0xF0, 0xFF, 0x11, 0xFF, 0x0F, 0x00, 0xF3, 0xBF, 0x00, 0x00, 0x00, 0xF3, 0xEF, 0x00, 0xFE,
    0x3F, 0x00, 0xFC, 0x3F, 0x00, 0x00, 0x00, 0xF3, 0xDF, 0x00, 0xFD, 0x3F, 0x40, 0xFF, 0x0A, 0x00,
    0x00, 0x00, 0xF2, 0xEF, 0x00, 0xFE, 0x3F, 0xD0, 0xFF, 0x01, 0x00, 0x00, 0x00, 0xF0, 0xFF, 0x11,
    0xFF, 0x0F, 0xF6, 0x8F, 0x90, 0xFE, 0x8E, 0x00, 0xB0, 0xFF, 0xCC, 0xFF, 0x0C, 0xFE, 0x1E, 0xFB,
    0xFF, 0xFF, 0x0B, 0x30, 0xFF, 0xFF, 0xFF, 0x83, 0xFF, 0x46, 0xFF, 0x9F, 0xFF, 0x3F, 0x00, 0xC3,
    0xFF, 0x4C, 0xF1, 0xDF, 0x80, 0xFF, 0x09, 0xF8, 0x8F, 0x00, 0x00, 0x00, 0x00, 0xF9, 0x5F, 0xB0,
    0xFF, 0x06, 0xF6, 0xBF, 0x00, 0x00, 0x00, 0x20, 0xFF, 0x0C, 0xB0, 0xFF, 0x05, 0xF5, 0xBF, 0x00,
    0x00, 0x00, 0xB0, 0xFF, 0x03, 0xA0, 0xFF, 0x06, 0xF6, 0xBF, 0x00, 0x00, 0x00, 0xF4, 0xAF, 0x00,
    0x80, 0xFF, 0x09, 0xF8, 0x8F, 0x00, 0x00, 0x00, 0xFC, 0x2F, 0x00, 0x30, 0xFF, 0x9F, 0xFF, 0x4F,
    0x00, 0x00, 0x50, 0xFF, 0x09, 0x00, 0x00, 0xFA, 0xFF, 0xFF, 0x0B, 0x00, 0x00, 0xD0, 0xFF, 0x01,
    0x00, 0x00, 0x80, 0xFE, 0x9E, 0x00, 0x00, 0x40, 0xEA, 0xFF, 0x7C, 0x00, 0x00, 0x00, 0x00, 0x00,
    0xF7, 0xFF, 0xFF, 0xFF, 0x1D, 0x00, 0x00, 0x00, 0x20, 0xFF, 0xFF, 0xFE, 0xFF, 0x8F, 0x00, 0x00,
    0x00, 0x70, 0xFF, 0x4F, 0x10, 0xFE, 0xBF, 0x00, 0x00, 0x00, 0x60, 0xFF, 0x0F, 0x00, 0xFC, 0xAF,
    0x00, 0x00, 0x00, 0x20, 0xFF, 0x7F, 0x80, 0xFF, 0x4F, 0x00, 0x00, 0x00, 0x00, 0xFA, 0xFF, 0xFD,
    0xFF, 0x09, 0x00, 0x00, 0x00, 0x00, 0xF1, 0xFF, 0xFF, 0x6F, 0x00, 0x00, 0x00, 0x00, 0x10, 0xFC,
    0xFF, 0xFF, 0x08, 0x00, 0xF0, 0xFF, 0x0E, 0xD0, 0xFF, 0xFF, 0xFF, 0x6F, 0x00, 0xF5, 0xFF, 0x08,
    0xF8, 0xFF, 0x3C, 0xFE, 0xFF, 0x06, 0xFB, 0xFF, 0x02, 0xFD, 0xFF, 0x02, 0xE2, 0xFF, 0x9F, 0xFF,
    0xBF, 0x00, 0xFF, 0xFF, 0x00, 0x20, 0xFE, 0xFF, 0xFF, 0x3F, 0x00, 0xFF, 0xFF, 0x02, 0x00, 0xE2,
    0xFF, 0xFF, 0x08, 0x00, 0xFB, 0xFF, 0x5E, 0x32, 0xE7, 0xFF, 0xFF, 0x07, 0x00, 0xF3, 0xFF, 0xFF,
    0xFF, 0xFF, 0xFF, 0xFF, 0x6F, 0x00, 0x50, 0xFF, 0xFF, 0xFF, 0xFF, 0x8F, 0xFF, 0xFF, 0x05, 0x00,
    0x81, 0xFC, 0xEF, 0x7C, 0x01, 0xF4, 0xFF, 0x4F, 0xF5, 0xFF, 0x00, 0xF4, 0xEF, 0x00, 0xF2, 0xDF,
    0x00, 0xF1, 0xBF, 0x00, 0xF0, 0xAF, 0x00, 0xE0, 0x9F, 0x00, 0x00, 0xB0, 0xFF, 0x06, 0x00, 0xF6,
    0xCF, 0x00, 0x00, 0xFE, 0x3F, 0x00, 0x70, 0xFF, 0x0C, 0x00, 0xE0, 0xFF, 0x06, 0x00, 0xF3, 0xFF,
    0x01, 0x00, 0xF7, 0xCF, 0x00, 0x00, 0xFA, 0x9F, 0x00, 0x00, 0xFD, 0x6F, 0x00, 0x00, 0xFE, 0x5F,
    0x00, 0x00, 0xFF, 0x4F, 0x00, 0x00, 0xFF, 0x4F, 0x00, 0x00, 0xFF, 0x4F, 0x00, 0x00, 0xFD, 0x6F,
    0x00, 0x00, 0xFB, 0x8F, 0x00, 0x00, 0xF8, 0xCF, 0x00, 0x00, 0xF4, 0xFF, 0x00, 0x00, 0xE0, 0xFF,
    0x05, 0x00, 0x80, 0xFF, 0x0B, 0x00, 0x10, 0xFF, 0x3F, 0x00, 0x00, 0xF6, 0xBF, 0x00, 0x00, 0xB0,
    0xFF, 0x05, 0xD0, 0xFF, 0x03, 0x00, 0x40, 0xFF, 0x0D, 0x00, 0x00, 0xFC, 0x7F, 0x00, 0x00, 0xF4,
    0xEF, 0x00, 0x00, 0xE0, 0xFF, 0x05, 0x00, 0x90, 0xFF, 0x0A, 0x00, 0x50, 0xFF, 0x0F, 0x00, 0x10,
    0xFF, 0x2F, 0x00, 0x00, 0xFF, 0x4F, 0x00, 0x00, 0xFD, 0x6F, 0x00, 0x00, 0xFC, 0x7F, 0x00, 0x00,
    0xFC, 0x7F, 0x00, 0x00, 0xFD, 0x6F, 0x00, 0x00, 0xFF, 0x5F, 0x00, 0x10, 0xFF, 0x2F, 0x00, 0x40,
    0xFF, 0x0F, 0x00, 0x90, 0xFF, 0x0B, 0x00, 0xE0, 0xFF, 0x06, 0x00, 0xF4, 0xFF, 0x00, 0x00, 0xFB,
    0x7F, 0x00, 0x40, 0xFF, 0x0D, 0x00, 0xD0, 0xFF, 0x03, 0x00, 0x00, 0x00, 0xB0, 0xFF, 0x05, 0x00,
    0x00, 0x00, 0x00, 0xA0, 0xFF, 0x03, 0x00, 0x00, 0x00, 0x00, 0x80, 0xFF, 0x02, 0x00, 0x00, 0x70,
    0x05, 0x60, 0xFF, 0x00, 0x62, 0x05, 0xE0, 0xFF, 0xAB, 0xFF, 0xD8, 0xFF, 0x09, 0xF1, 0xFF, 0xFF,
    0xFF, 0xFF, 0xFF, 0x0B, 0x81, 0xA9, 0xFC, 0xFF, 0xBF, 0x9A, 0x06, 0x00, 0x00, 0xFA, 0xFF, 0x3F,
    0x00, 0x00, 0x00, 0x50, 0xFF, 0xFA, 0xEF, 0x01, 0x00, 0x00, 0xF2, 0xFF, 0x92, 0xFF, 0x0B, 0x00,
    0x00, 0xF7, 0xBF, 0x10, 0xFF, 0x2E, 0x00, 0x00, 0x30, 0x4B, 0x00, 0x99, 0x01, 0x00, 0x00, 0x00,
    0x00, 0x00, 0x00, 0x00, 0x00, 0x00, 0x00, 0x71, 0x37, 0x00, 0x00, 0x00, 0x00, 0x00, 0xF3, 0x7F,
    0x00, 0x00, 0x00, 0x00, 0x00, 0xF3, 0x7F, 0x00, 0x00, 0x00, 0x00, 0x00, 0xF3, 0x7F, 0x00, 0x00,
    0x00, 0x00, 0x00, 0xF3, 0x7F, 0x00, 0x00, 0x00, 0xA9, 0xAA, 0xFB, 0xDF, 0xAA, 0xAA, 0x02, 0xFE,
    0xFF, 0xFF, 0xFF, 0xFF, 0xFF, 0x03, 0xFE, 0xFF, 0xFF, 0xFF, 0xFF, 0xFF, 0x03, 0x00, 0x00, 0xF3,
    0x7F, 0x00, 0x00, 0x00, 0x00, 0x00, 0xF3, 0x7F, 0x00, 0x00, 0x00, 0x00, 0x00, 0xF3, 0x7F, 0x00,
    0x00, 0x00, 0x00, 0x00, 0xF3, 0x7F, 0x00, 0x00, 0x00, 0x00, 0x00, 0xB2, 0x5B, 0x00, 0x00, 0x00,
    0x10, 0xFF, 0x8F, 0x40, 0xFF, 0x4F, 0x70, 0xFF, 0x0E, 0xA0, 0xFF, 0x08, 0xD0, 0xFF, 0x02, 0xF1,
    0xAF, 0x00, 0x10, 0x11, 0x11, 0x01, 0xF4, 0xFF, 0xFF, 0x4F, 0xF4, 0xFF, 0xFF, 0x4F, 0xF4, 0xFF,
    0xFF, 0x4F, 0x00, 0x02, 0x00, 0xE2, 0xFF, 0x04, 0xF8, 0xFF, 0x0A, 0xF8, 0xFF, 0x0A, 0xC1, 0xCF,
    0x02, 0x00, 0x00, 0x00, 0xF5, 0xFF, 0x00, 0x00, 0x00, 0x00, 0xFB, 0xAF, 0x00, 0x00, 0x00, 0x10,
    0xFF, 0x4F, 0x00, 0x00, 0x00, 0x70, 0xFF, 0x0E, 0x00, 0x00, 0x00, 0xD0, 0xFF, 0x08, 0x00, 0x00,
    0x00, 0xF3, 0xFF, 0x02, 0x00, 0x00, 0x00, 0xF9, 0xCF, 0x00, 0x00, 0x00, 0x00, 0xFE, 0x6F, 0x00,
    0x00, 0x00, 0x50, 0xFF, 0x1F, 0x00, 0x00, 0x00, 0xB0, 0xFF, 0x0B, 0x00, 0x00, 0x00, 0xF1, 0xFF,
    0x05, 0x00, 0x00, 0x00, 0xF6, 0xEF, 0x00, 0x00, 0x00, 0x00, 0xFC, 0x9F, 0x00, 0x00, 0x00, 0x20,
    0xFF, 0x3F, 0x00, 0x00, 0x00, 0x80, 0xFF, 0x0D, 0x00, 0x00, 0x00, 0xE0, 0xFF, 0x07, 0x00, 0x00,
    0x00, 0xF4, 0xFF, 0x01, 0x00, 0x00, 0x00, 0xFA, 0xBF, 0x00, 0x00, 0x00, 0x00, 0x00, 0x00, 0xD8,
    0xFF, 0x9D, 0x01, 0x00, 0x00, 0xD1, 0xFF, 0xFF, 0xFF, 0x3E, 0x00, 0x00, 0xFB, 0xFF, 0xFF, 0xFF,
    0xDF, 0x00, 0x30, 0xFF, 0xDF, 0x12, 0xFA, 0xFF, 0x07, 0x90, 0xFF, 0x3F, 0x00, 0xE0, 0xFF, 0x0C,
    0xC0, 0xFF, 0x0E, 0x00, 0xA0, 0xFF, 0x0F, 0xF0, 0xFF, 0x0C, 0x00, 0x80, 0xFF, 0x3F, 0xF0, 0xFF,
    0x0B, 0x00, 0x60, 0xFF, 0x5F, 0xF1, 0xFF, 0x0A, 0x00, 0x60, 0xFF, 0x5F, 0xF1, 0xFF, 0x0A, 0x00,
    0x60, 0xFF, 0x5F, 0xF0, 0xFF, 0x0B, 0x00, 0x60, 0xFF, 0x5F, 0xF0, 0xFF, 0x0C, 0x00, 0x80, 0xFF,
    0x3F, 0xC0, 0xFF, 0x0E, 0x00, 0xA0, 0xFF, 0x1F, 0x80, 0xFF, 0x3F, 0x00, 0xE0, 0xFF, 0x0D, 0x20,
    0xFF, 0xCF, 0x12, 0xFA, 0xFF, 0x08, 0x00, 0xFA, 0xFF, 0xFF, 0xFF, 0xEF, 0x01, 0x00, 0xC1, 0xFF,
    0xFF, 0xFF, 0x4F, 0x00, 0x00, 0x00, 0xC7, 0xFF, 0x9E, 0x02, 0x00, 0x00, 0x00, 0x60, 0xFF, 0x5F,
    0x00, 0x00, 0xF9, 0xFF, 0x5F, 0x00, 0xB1, 0xFF, 0xFF, 0x5F, 0x20, 0xFD, 0xFF, 0xFF, 0x5F, 0xF3,
    0xFF, 0x9E, 0xFF, 0x5F, 0xD0, 0xEF, 0x62, 0xFF, 0x5F, 0x20, 0x1B, 0x60, 0xFF, 0x5F, 0x00, 0x00,
    0x70, 0xFF, 0x5F, 0x00, 0x00, 0x70, 0xFF, 0x5F, 0x00, 0x00, 0x70, 0xFF, 0x5F, 0x00, 0x00, 0x70,
    0xFF, 0x5F, 0x00, 0x00, 0x70, 0xFF, 0x5F, 0x00, 0x00, 0x70, 0xFF, 0x5F, 0x00, 0x00, 0x70, 0xFF,
    0x5F, 0x00, 0x00, 0x70, 0xFF, 0x5F, 0x00, 0x00, 0x70, 0xFF, 0x5F, 0x00, 0x00, 0x70, 0xFF, 0x5F,
    0x00, 0x00, 0x70, 0xFF, 0x5F, 0x00, 0x30, 0xD9, 0xFF, 0xAE, 0x04, 0x00, 0x00, 0xFA, 0xFF, 0xFF,
    0xFF, 0x8F, 0x00, 0xC0, 0xFF, 0xFF, 0xFF, 0xFF, 0xFF, 0x05, 0x40, 0xFF, 0x7E, 0x33, 0xF9, 0xFF,
    0x0C, 0x00, 0x96, 0x00, 0x00, 0xE0, 0xFF, 0x0F, 0x00, 0x00, 0x00, 0x00, 0xC0, 0xFF, 0x0E, 0x00,
    0x00, 0x00, 0x00, 0xF0, 0xFF, 0x0B, 0x00, 0x00, 0x00, 0x00, 0xF8, 0xFF, 0x05, 0x00, 0x00, 0x00,
    0x40, 0xFF, 0xCF, 0x00, 0x00, 0x00, 0x00, 0xF3, 0xFF, 0x1E, 0x00, 0x00, 0x00, 0x30, 0xFF, 0xEF,
    0x02, 0x00, 0x00, 0x00, 0xE3, 0xFF, 0x2E, 0x00, 0x00, 0x00, 0x30, 0xFE, 0xEF, 0x02, 0x00, 0x00,
    0x00, 0xE3, 0xFF, 0x1D, 0x00, 0x00, 0x00, 0x30, 0xFE, 0xEF, 0x24, 0x22, 0x22, 0x12, 0xE0, 0xFF,
    0xFF, 0xFF, 0xFF, 0xFF, 0x7F, 0xF0, 0xFF, 0xFF, 0xFF, 0xFF, 0xFF, 0x7F, 0xF0, 0xFF, 0xFF, 0xFF,
    0xFF, 0xFF, 0x7F, 0x00, 0x82, 0xEC, 0xFF, 0xAD, 0x04, 0x00, 0x80, 0xFF, 0xFF, 0xFF, 0xFF, 0xAF,
    0x00, 0x80, 0xFF, 0xFF, 0xFF, 0xFF, 0xFF, 0x06, 0x00, 0xED, 0x27, 0x21, 0xFA, 0xFF, 0x0B, 0x00,
    0x01, 0x00, 0x00, 0xF0, 0xFF, 0x0C, 0x00, 0x00, 0x00, 0x00, 0xF0, 0xFF, 0x08, 0x00, 0x00, 0x00,
    0x20, 0xFB, 0xEF, 0x01, 0x00, 0x40, 0xEE, 0xFF, 0xFF, 0x2B, 0x00, 0x00, 0x40, 0xFF, 0xFF, 0xAF,
    0x03, 0x00, 0x00, 0x40, 0xFF, 0xFF, 0xFF, 0xCF, 0x01, 0x00, 0x00, 0x00, 0x31, 0xFA, 0xFF, 0x0C,
    0x00, 0x00, 0x00, 0x00, 0xD0, 0xFF, 0x3F, 0x00, 0x00, 0x00, 0x00, 0xA0, 0xFF, 0x4F, 0x00, 0x00,
    0x00, 0x00, 0xE0, 0xFF, 0x3F, 0xE0, 0x48, 0x01, 0x30, 0xFB, 0xFF, 0x0E, 0xF0, 0xFF, 0xFF, 0xFF,
    0xFF, 0xFF, 0x06, 0xF0, 0xFF, 0xFF, 0xFF, 0xFF, 0x7F, 0x00, 0x30, 0xC8, 0xFE, 0xEF, 0x8C, 0x02,
    0x00, 0x00, 0x00, 0x00, 0x20, 0xFF, 0xBF, 0x00, 0x00, 0x00, 0x00, 0xC0, 0xFF, 0xBF, 0x00, 0x00,
    0x00, 0x00, 0xF7, 0xFF, 0xBF, 0x00, 0x00, 0x00, 0x20, 0xFF, 0xFF, 0xBF, 0x00, 0x00, 0x00, 0xD0,
    0xFF, 0xFE, 0xBF, 0x00, 0x00, 0x00, 0xF8, 0x7F, 0xFE, 0xBF, 0x00, 0x00, 0x30, 0xFF, 0x0D, 0xFE,
    0xBF, 0x00, 0x00, 0xD0, 0xFF, 0x03, 0xFF, 0xBF, 0x00, 0x00, 0xF9, 0x7F, 0x00, 0xFF, 0xBF, 0x00,
    0x40, 0xFF, 0x0C, 0x00, 0xFF, 0xBF, 0x00, 0xE1, 0xFF, 0x02, 0x00, 0xFF, 0xBF, 0x00, 0xF8, 0xFF,
    0xEE, 0xEE, 0xFF, 0xFF, 0xCE, 0xF9, 0xFF, 0xFF, 0xFF, 0xFF, 0xFF, 0xEF, 0xF9, 0xFF, 0xFF, 0xFF,
    0xFF, 0xFF, 0xEF, 0x00, 0x00, 0x00, 0x00, 0xFF, 0xBF, 0x00, 0x00, 0x00, 0x00, 0x00, 0xFF, 0xBF,
    0x00, 0x00, 0x00, 0x00, 0x00, 0xFF, 0xBF, 0x00, 0x00, 0x00, 0x00, 0x00, 0xFF, 0xBF, 0x00, 0xC0,
    0xFF, 0xFF, 0xFF, 0xFF, 0x0E, 0x00, 0xD0, 0xFF, 0xFF, 0xFF, 0xFF, 0x0E, 0x00, 0xF0, 0xFF, 0xFF,
    0xFF, 0xFF, 0x0E, 0x00, 0xF0, 0xFF, 0x39, 0x33, 0x33, 0x02, 0x00, 0xF1, 0xFF, 0x06, 0x00, 0x00,
    0x00, 0x00, 0xF2, 0xFF, 0x04, 0x00, 0x00, 0x00, 0x00, 0xF4, 0xFF, 0xFD, 0xEF, 0x4B, 0x00, 0x00,
    0xF5, 0xFF, 0xFF, 0xFF, 0xFF, 0x09, 0x00, 0xF4, 0xFF, 0xFF, 0xFF, 0xFF, 0x5F, 0x00, 0x20, 0x25,
    0x11, 0xD5, 0xFF, 0xDF, 0x00, 0x00, 0x00, 0x00, 0x10, 0xFF, 0xFF, 0x00, 0x00, 0x00, 0x00, 0x00,
    0xFB, 0xFF, 0x02, 0x00, 0x00, 0x00, 0x00, 0xFB, 0xFF, 0x01, 0x00, 0x00, 0x00, 0x10, 0xFF, 0xEF,
    0x00, 0xBC, 0x26, 0x11, 0xC4, 0xFF, 0x9F, 0x00, 0xFC, 0xFF, 0xFF, 0xFF, 0xFF, 0x1E, 0x00, 0xFC,
    0xFF, 0xFF, 0xFF, 0xEF, 0x03, 0x00, 0x82, 0xEC, 0xFF, 0xBE, 0x06, 0x00, 0x00, 0x00, 0x00, 0x20,
    0xC8, 0xFE, 0xEF, 0x02, 0x00, 0x00, 0xFA, 0xFF, 0xFF, 0xFF, 0x03, 0x00, 0xC0, 0xFF, 0xFF, 0xFF,
    0xFF, 0x03, 0x00, 0xF9, 0xFF, 0x4B, 0x00, 0x10, 0x00, 0x10, 0xFF, 0x8F, 0x00, 0x00, 0x00, 0x00,
    0x70, 0xFF, 0x0E, 0x00, 0x00, 0x00, 0x00, 0xB0, 0xFF, 0x29, 0xEA, 0xEF, 0x19, 0x00, 0xE0, 0xFF,
    0xE8, 0xFF, 0xFF, 0xEF, 0x02, 0xF0, 0xFF, 0xFF, 0xEF, 0xFF, 0xFF, 0x0C, 0xF1, 0xFF, 0xAF, 0x00,
    0xD2, 0xFF, 0x2F, 0xF1, 0xFF, 0x0D, 0x00, 0x50, 0xFF, 0x6F, 0xF1, 0xFF, 0x0A, 0x00, 0x30, 0xFF,
    0x7F, 0xE0, 0xFF, 0x0C, 0x00, 0x30, 0xFF, 0x7F, 0xA0, 0xFF, 0x2F, 0x00, 0x70, 0xFF, 0x4F, 0x40,
    0xFF, 0xDF, 0x03, 0xF5, 0xFF, 0x0F, 0x00, 0xFB, 0xFF, 0xFF, 0xFF, 0xFF, 0x07, 0x00, 0xC0, 0xFF,
    0xFF, 0xFF, 0x9F, 0x00, 0x00, 0x00, 0xB6, 0xFF, 0xBE, 0x04, 0x00, 0xF5, 0xFF, 0xFF, 0xFF, 0xFF,
    0xFF, 0x7F, 0xF5, 0xFF, 0xFF, 0xFF, 0xFF, 0xFF, 0x7F, 0xF5, 0xFF, 0xFF, 0xFF, 0xFF, 0xFF, 0x6F,
    0x20, 0x22, 0x22, 0x22, 0xC2, 0xFF, 0x0F, 0x00, 0x00, 0x00, 0x00, 0xF2, 0xFF, 0x08, 0x00, 0x00,
    0x00, 0x00, 0xF9, 0xFF, 0x02, 0x00, 0x00, 0x00, 0x10, 0xFF, 0xBF, 0x00, 0x00, 0x00, 0x00, 0x70,
    0xFF, 0x4F, 0x00, 0x00, 0x00, 0x00, 0xE0, 0xFF, 0x0D, 0x00, 0x00, 0x00, 0x00, 0xF6, 0xFF, 0x06,
    0x00, 0x00, 0x00, 0x00, 0xFD, 0xEF, 0x00, 0x00, 0x00, 0x00, 0x40, 0xFF, 0x8F, 0x00, 0x00, 0x00,
    0x00, 0xB0, 0xFF, 0x1F, 0x00, 0x00, 0x00, 0x00, 0xF3, 0xFF, 0x0A, 0x00, 0x00, 0x00, 0x00, 0xFA,
    0xFF, 0x03, 0x00, 0x00, 0x00, 0x10, 0xFF, 0xCF, 0x00, 0x00, 0x00, 0x00, 0x80, 0xFF, 0x5F, 0x00,
    0x00, 0x00, 0x00, 0xF0, 0xFF, 0x0E, 0x00, 0x00, 0x00, 0x00, 0x20, 0xD9, 0xFF, 0xAE, 0x04, 0x00,
    0x00, 0xF6, 0xFF, 0xFF, 0xFF, 0xAF, 0x00, 0x20, 0xFF, 0xFF, 0xCD, 0xFF, 0xFF, 0x07, 0x70, 0xFF,
    0x6F, 0x00, 0xF2, 0xFF, 0x0C, 0x90, 0xFF, 0x0F, 0x00, 0xB0, 0xFF, 0x0D, 0x60, 0xFF, 0x4F, 0x00,
    0xE1, 0xFF, 0x0A, 0x00, 0xFE, 0xFF, 0x36, 0xFD, 0xFF, 0x03, 0x00, 0xE3, 0xFF, 0xFF, 0xFF, 0x4E,
    0x00, 0x00, 0x20, 0xFF, 0xFF, 0xEF, 0x02, 0x00, 0x00, 0xE3, 0xFF, 0xFF, 0xFF, 0x5E, 0x00, 0x30,
    0xFF, 0xEF, 0x65, 0xFF, 0xFF, 0x05, 0xC0, 0xFF, 0x1E, 0x00, 0xD1, 0xFF, 0x1F, 0xF0, 0xFF, 0x07,
    0x00, 0x30, 0xFF, 0x5F, 0xF1, 0xFF, 0x07, 0x00, 0x20, 0xFF, 0x6F, 0xF0, 0xFF, 0x2E, 0x00, 0xA0,
    0xFF, 0x3F, 0x90, 0xFF, 0xFF, 0xCD, 0xFF, 0xFF, 0x0C, 0x00, 0xFB, 0xFF, 0xFF, 0xFF, 0xCF, 0x01,
    0x00, 0x50, 0xEA, 0xFF, 0xBE, 0x05, 0x00, 0x00, 0x20, 0xE9, 0xFF, 0x7C, 0x01, 0x00, 0x00, 0xF6,
    0xFF, 0xFF, 0xFF, 0x3E, 0x00, 0x30, 0xFF, 0xFF, 0xFF, 0xFF, 0xEF, 0x01, 0xB0, 0xFF, 0x8F, 0x11,
    0xFA, 0xFF, 0x09, 0xF0, 0xFF, 0x0C, 0x00, 0xD0, 0xFF, 0x0F, 0xF2, 0xFF, 0x08, 0x00, 0x70, 0xFF,
    0x3F, 0xF2, 0xFF, 0x07, 0x00, 0x50, 0xFF, 0x5F, 0xF1, 0xFF, 0x0A, 0x00, 0x90, 0xFF, 0x6F, 0xE0,
    0xFF, 0x4F, 0x00, 0xF6, 0xFF, 0x6F, 0x70, 0xFF, 0xFF, 0xFE, 0xFF, 0xFF, 0x5F, 0x00, 0xFC, 0xFF,
    0xFF, 0x7F, 0xFF, 0x3F, 0x00, 0x70, 0xFD, 0xCF, 0x44, 0xFF, 0x0F, 0x00, 0x00, 0x00, 0x00, 0xA0,
    0xFF, 0x0C, 0x00, 0x00, 0x00, 0x00, 0xF4, 0xFF, 0x06, 0x00, 0x01, 0x00, 0x83, 0xFF, 0xDF, 0x00,
    0x00, 0xFF, 0xFF, 0xFF, 0xFF, 0x2E, 0x00, 0x00, 0xFF, 0xFF, 0xFF, 0xCF, 0x02, 0x00, 0x00, 0xFD,
    0xFF, 0xAD, 0x04, 0x00, 0x00, 0xC1, 0xDF, 0x02, 0xF8, 0xFF, 0x0A, 0xF8, 0xFF, 0x0A, 0xE2, 0xEF,
    0x03, 0x00, 0x02, 0x00, 0x00, 0x00, 0x00, 0x00, 0x00, 0x00, 0x00, 0x00, 0x00, 0x00, 0x00, 0x00,
    0x00, 0x02, 0x00, 0xE2, 0xFF, 0x04, 0xF8, 0xFF, 0x0A, 0xF8, 0xFF, 0x0A, 0xC1, 0xCF, 0x02, 0x10,
    0xFC, 0x2D, 0x80, 0xFF, 0xAF, 0x80, 0xFF, 0xAF, 0x20, 0xFE, 0x3E, 0x00, 0x20, 0x00, 0x00, 0x00,
    0x00, 0x00, 0x00, 0x00, 0x00, 0x00, 0x00, 0x00, 0x00, 0x00, 0x00, 0x00, 0x00, 0x00, 0x00, 0x00,
    0x10, 0xFF, 0x8F, 0x40, 0xFF, 0x4F, 0x70, 0xFF, 0x0E, 0xA0, 0xFF, 0x08, 0xD0, 0xFF, 0x02, 0xF1,
    0xAF, 0x00, 0x00, 0x00, 0x00, 0x00, 0x00, 0xA2, 0x03, 0x00, 0x00, 0x00, 0x00, 0xA2, 0xFF, 0x03,
    0x00, 0x00, 0x00, 0xA3, 0xFF, 0xFF, 0x03, 0x00, 0x00, 0xB3, 0xFF, 0xFF, 0x3B, 0x00, 0x00, 0xB3,
    0xFF, 0xFF, 0x29, 0x00, 0x00, 0xB3, 0xFF, 0xEF, 0x18, 0x00, 0x00, 0x00, 0xFE, 0xFF, 0x07, 0x00,
    0x00, 0x00, 0x00, 0xFD, 0xFF, 0x9F, 0x03, 0x00, 0x00, 0x00, 0x50, 0xFC, 0xFF, 0xCF, 0x06, 0x00,
    0x00, 0x00, 0x30, 0xFA, 0xFF, 0xFF, 0x39, 0x00, 0x00, 0x00, 0x10, 0xE8, 0xFF, 0xFF, 0x03, 0x00,
    0x00, 0x00, 0x00, 0xD6, 0xFF, 0x03, 0x00, 0x00, 0x00, 0x00, 0x00, 0xB4, 0x03, 0xA9, 0xAA, 0xAA,
    0xAA, 0xAA, 0xAA, 0x02, 0xFE, 0xFF, 0xFF, 0xFF, 0xFF, 0xFF, 0x03, 0xFE, 0xFF, 0xFF, 0xFF, 0xFF,
    0xFF, 0x03, 0x00, 0x00, 0x00, 0x00, 0x00, 0x00, 0x00, 0x00, 0x00, 0x00, 0x00, 0x00, 0x00, 0x00,
    0xFE, 0xFF, 0xFF, 0xFF, 0xFF, 0xFF, 0x03, 0xFE, 0xFF, 0xFF, 0xFF, 0xFF, 0xFF, 0x03, 0xA9, 0xAA,
    0xAA, 0xAA, 0xAA, 0xAA, 0x02, 0x4B, 0x00, 0x00, 0x00, 0x00, 0x00, 0x00, 0xFE, 0x5C, 0x00, 0x00,
    0x00, 0x00, 0x00, 0xFE, 0xFF, 0x5C, 0x00, 0x00, 0x00, 0x00, 0x92, 0xFF, 0xFF, 0x5D, 0x00, 0x00,
    0x00, 0x00, 0x71, 0xFE, 0xFF, 0x5D, 0x00, 0x00, 0x00, 0x00, 0x60, 0xFD, 0xFF, 0x5D, 0x00, 0x00,
    0x00, 0x00, 0x50, 0xFE, 0xFF, 0x03, 0x00, 0x00, 0x10, 0xE8, 0xFF, 0xFF, 0x02, 0x00, 0x40, 0xFB,
    0xFF, 0xEF, 0x17, 0x00, 0x71, 0xFE, 0xFF, 0xCF, 0x05, 0x00, 0x00, 0xFE, 0xFF, 0xAF, 0x03, 0x00,
    0x00, 0x00, 0xFE, 0x8E, 0x01, 0x00, 0x00, 0x00, 0x00, 0x6B, 0x00, 0x00, 0x00, 0x00, 0x00, 0x00,
    0x20, 0xC8, 0xFE, 0xDF, 0x19, 0x00, 0xF9, 0xFF, 0xFF, 0xFF, 0xEF, 0x03, 0xF7, 0xFF, 0xFF, 0xFF,
    0xFF, 0x0D, 0xE0, 0x5B, 0x01, 0xB2, 0xFF, 0x3F, 0x00, 0x00, 0x00, 0x30, 0xFF, 0x5F, 0x00, 0x00,
    0x00, 0x70, 0xFF, 0x3F, 0x00, 0x00, 0x00, 0xF4, 0xFF, 0x0C, 0x00, 0x00, 0x80, 0xFF, 0xDF, 0x02,
    0x00, 0x00, 0xFA, 0xFF, 0x1B, 0x00, 0x00, 0x50, 0xFF, 0x8F, 0x00, 0x00, 0x00, 0x90, 0xFF, 0x0C,
    0x00, 0x00, 0x00, 0xA0, 0xFF, 0x09, 0x00, 0x00, 0x00, 0x00, 0x00, 0x00, 0x00, 0x00, 0x00, 0x00,
    0x11, 0x00, 0x00, 0x00, 0x00, 0x80, 0xFF, 0x0B, 0x00, 0x00, 0x00, 0xF0, 0xFF, 0x3F, 0x00, 0x00,
    0x00, 0xF0, 0xFF, 0x2F, 0x00, 0x00, 0x00, 0x50, 0xFE, 0x08, 0x00, 0x00, 0x00, 0x00, 0x00, 0x82,
    0xEC, 0xFF, 0xBE, 0x17, 0x00, 0x00, 0x00, 0x00, 0x00, 0xA1, 0xFF, 0xFF, 0xFF, 0xFF, 0xFF, 0x07,
    0x00, 0x00, 0x00, 0x40, 0xFE, 0xEF, 0x69, 0x55, 0xB7, 0xFF, 0xBF, 0x00, 0x00, 0x00, 0xF3, 0xFF,
    0x07, 0x00, 0x00, 0x00, 0xD2, 0xFF, 0x09, 0x00, 0x00, 0xFE, 0x4F, 0x00, 0x00, 0x00, 0x00, 0x10,
    0xFD, 0x3F, 0x00, 0x80, 0xFF, 0x06, 0x30, 0xEA, 0xFF, 0xBE, 0x08, 0xF3, 0xAF, 0x00, 0xF0, 0xDF,
    0x00, 0xF8, 0xFF, 0xFF, 0xFF, 0x1F, 0xD0, 0xEF, 0x00, 0xF5, 0x6F, 0x50, 0xFF, 0x7F, 0x44, 0xFC,
    0x0F, 0x90, 0xFF, 0x01, 0xF8, 0x2F, 0xD0, 0xFF, 0x03, 0x00, 0xFC, 0x0F, 0x80, 0xFF, 0x02, 0xFA,
    0x0F, 0xF1, 0xCF, 0x00, 0x00, 0xFD, 0x0F, 0x80, 0xFF, 0x02, 0xFB, 0x0F, 0xF2, 0xBF, 0x00, 0x00,
    0xFF, 0x0E, 0xA0, 0xFF, 0x00, 0xFB, 0x0F, 0xF0, 0xDF, 0x00, 0x30, 0xFF, 0x0E, 0xE0, 0xCF, 0x00,
    0xFA, 0x1F, 0xC0, 0xFF, 0x49, 0xD5, 0xFF, 0x5F, 0xF9, 0x5F, 0x00, 0xF6, 0x5F, 0x20, 0xFF, 0xFF,
    0xFF, 0xEC, 0xFF, 0xFF, 0x0B, 0x00, 0xF2, 0xCF, 0x00, 0xA2, 0xFE, 0x8E, 0x20, 0xFC, 0x8E, 0x00,
    0x00, 0xB0, 0xFF, 0x07, 0x00, 0x00, 0x00, 0x00, 0x00, 0x00, 0x00, 0x00, 0x20, 0xFF, 0x8F, 0x00,
    0x00, 0x00, 0x00, 0x40, 0x00, 0x00, 0x00, 0x00, 0xF4, 0xFF, 0x9E, 0x56, 0x65, 0xB8, 0xEF, 0x00,
    0x00, 0x00, 0x00, 0x20, 0xFB, 0xFF, 0xFF, 0xFF, 0xFF, 0xDF, 0x00, 0x00, 0x00, 0x00, 0x00, 0x30,
    0xC8, 0xFE, 0xFF, 0xAD, 0x16, 0x00, 0x00, 0x00, 0x00, 0x00, 0x00, 0xFE, 0xFF, 0x1F, 0x00, 0x00,
    0x00, 0x00, 0x00, 0x30, 0xFF, 0xFF, 0x7F, 0x00, 0x00, 0x00, 0x00, 0x00, 0x90, 0xFF, 0xFF, 0xCF,
    0x00, 0x00, 0x00, 0x00, 0x00, 0xE0, 0xFF, 0xFA, 0xFF, 0x02, 0x00, 0x00, 0x00, 0x00, 0xF4, 0xFF,
    0xE2, 0xFF, 0x08, 0x00, 0x00, 0x00, 0x00, 0xFA, 0xEF, 0x90, 0xFF, 0x0D, 0x00, 0x00, 0x00, 0x00,
    0xFF, 0x9F, 0x50, 0xFF, 0x3F, 0x00, 0x00, 0x00, 0x50, 0xFF, 0x5F, 0x00, 0xFF, 0x8F, 0x00, 0x00,
    0x00, 0xA0, 0xFF, 0x0F, 0x00, 0xFB, 0xEF, 0x00, 0x00, 0x00, 0xF0, 0xFF, 0x0B, 0x00, 0xF6, 0xFF,
    0x04, 0x00, 0x00, 0xF6, 0xFF, 0x28, 0x22, 0xF4, 0xFF, 0x09, 0x00, 0x00, 0xFB, 0xFF, 0xFF, 0xFF,
    0xFF, 0xFF, 0x0F, 0x00, 0x10, 0xFF, 0xFF, 0xFF, 0xFF, 0xFF, 0xFF, 0x5F, 0x00, 0x60, 0xFF, 0xFF,
    0xFF, 0xFF, 0xFF, 0xFF, 0xAF, 0x00, 0xC0, 0xFF, 0x3F, 0x00, 0x00, 0x00, 0xFF, 0xFF, 0x00, 0xF2,
    0xFF, 0x0E, 0x00, 0x00, 0x00, 0xFA, 0xFF, 0x05, 0xF7, 0xFF, 0x09, 0x00, 0x00, 0x00, 0xF5, 0xFF,
    0x0B, 0xFD, 0xFF, 0x03, 0x00, 0x00, 0x00, 0xF0, 0xFF, 0x1F, 0xFC, 0xFF, 0xFF, 0xEF, 0x9D, 0x05,
    0x00, 0xFC, 0xFF, 0xFF, 0xFF, 0xFF, 0xCF, 0x01, 0xFC, 0xFF, 0xFF, 0xFF, 0xFF, 0xFF, 0x09, 0xFC,
    0xFF, 0x11, 0x31, 0xFA, 0xFF, 0x0F, 0xFC, 0xFF, 0x00, 0x00, 0xE0, 0xFF, 0x0F, 0xFC, 0xFF, 0x00,
    0x00, 0xE0, 0xFF, 0x0E, 0xFC, 0xFF, 0x00, 0x10, 0xF9, 0xFF, 0x09, 0xFC, 0xFF, 0xFF, 0xFF, 0xFF,
    0xCF, 0x01, 0xFC, 0xFF, 0xFF, 0xFF, 0xFF, 0x2C, 0x00, 0xFC, 0xFF, 0xFF, 0xFF, 0xFF, 0xFF, 0x06,
    0xFC, 0xFF, 0x00, 0x10, 0xF7, 0xFF, 0x1F, 0xFC, 0xFF, 0x00, 0x00, 0x90, 0xFF, 0x6F, 0xFC, 0xFF,
    0x00, 0x00, 0x70, 0xFF, 0x7F, 0xFC, 0xFF, 0x00, 0x00, 0xB0, 0xFF, 0x6F, 0xFC, 0xFF, 0x22, 0x32,
    0xF9, 0xFF, 0x2F, 0xFC, 0xFF, 0xFF, 0xFF, 0xFF, 0xFF, 0x0B, 0xFC, 0xFF, 0xFF, 0xFF, 0xFF, 0xBF,
    0x00, 0xFC, 0xFF, 0xFF, 0xFF, 0xAE, 0x05, 0x00, 0x00, 0x00, 0x70, 0xEB, 0xFF, 0xAD, 0x05, 0x00,
    0x00, 0x50, 0xFE, 0xFF, 0xFF, 0xFF, 0xDF, 0x00, 0x00, 0xF5, 0xFF, 0xFF, 0xFF, 0xFF, 0x8F, 0x00,
    0x20, 0xFF, 0xFF, 0x5C, 0x32, 0xC6, 0x2F, 0x00, 0xA0, 0xFF, 0xBF, 0x00, 0x00, 0x00, 0x02, 0x00,
    0xF0, 0xFF, 0x1F, 0x00, 0x00, 0x00, 0x00, 0x00, 0xF4, 0xFF, 0x0A, 0x00, 0x00, 0x00, 0x00, 0x00,
    0xF7, 0xFF, 0x07, 0x00, 0x00, 0x00, 0x00, 0x00, 0xF8, 0xFF, 0x05, 0x00, 0x00, 0x00, 0x00, 0x00,
    0xF8, 0xFF, 0x05, 0x00, 0x00, 0x00, 0x00, 0x00, 0xF7, 0xFF, 0x07, 0x00, 0x00, 0x00, 0x00, 0x00,
    0xF5, 0xFF, 0x09, 0x00, 0x00, 0x00, 0x00, 0x00, 0xF1, 0xFF, 0x0E, 0x00, 0x00, 0x00, 0x00, 0x00,
    0xC0, 0xFF, 0x9F, 0x00, 0x00, 0x00, 0x00, 0x00, 0x40, 0xFF, 0xFF, 0x5B, 0x32, 0x85, 0x6C, 0x00,
    0x00, 0xF9, 0xFF, 0xFF, 0xFF, 0xFF, 0x6F, 0x00, 0x00, 0x80, 0xFF, 0xFF, 0xFF, 0xFF, 0x6F, 0x00,
    0x00, 0x00, 0x93, 0xFD, 0xFF, 0xBD, 0x06, 0x00, 0xFC, 0xFF, 0xFF, 0xEF, 0x7B, 0x01, 0x00, 0x00,
    0xFC, 0xFF, 0xFF, 0xFF, 0xFF, 0x8F, 0x00, 0x00, 0xFC, 0xFF, 0xFF, 0xFF, 0xFF, 0xFF, 0x0B, 0x00,
    0xFC, 0xFF, 0x11, 0x41, 0xF9, 0xFF, 0x9F, 0x00, 0xFC, 0xFF, 0x00, 0x00, 0x30, 0xFF, 0xFF, 0x02,
    0xFC, 0xFF, 0x00, 0x00, 0x00, 0xF8, 0xFF, 0x09, 0xFC, 0xFF, 0x00, 0x00, 0x00, 0xF2, 0xFF, 0x0D,
    0xFC, 0xFF, 0x00, 0x00, 0x00, 0xF0, 0xFF, 0x0F, 0xFC, 0xFF, 0x00, 0x00, 0x00, 0xE0, 0xFF, 0x0F,
    0xFC, 0xFF, 0x00, 0x00, 0x00, 0xE0, 0xFF, 0x0F, 0xFC, 0xFF, 0x00, 0x00, 0x00, 0xF0, 0xFF, 0x0F,
    0xFC, 0xFF, 0x00, 0x00, 0x00, 0xF3, 0xFF, 0x0C, 0xFC, 0xFF, 0x00, 0x00, 0x00, 0xFA, 0xFF, 0x08,
    0xFC, 0xFF, 0x00, 0x00, 0x60, 0xFF, 0xFF, 0x02, 0xFC, 0xFF, 0x22, 0x52, 0xFB, 0xFF, 0x8F, 0x00,
    0xFC, 0xFF, 0xFF, 0xFF, 0xFF, 0xFF, 0x0A, 0x00, 0xFC, 0xFF, 0xFF, 0xFF, 0xFF, 0x6F, 0x00, 0x00,
    0xFC, 0xFF, 0xFF, 0xDF, 0x6A, 0x00, 0x00, 0x00, 0xFC, 0xFF, 0xFF, 0xFF, 0xFF, 0x08, 0xFC, 0xFF,
    0xFF, 0xFF, 0xFF, 0x08, 0xFC, 0xFF, 0xFF, 0xFF, 0xFF, 0x08, 0xFC, 0xFF, 0x11, 0x11, 0x11, 0x00,
    0xFC, 0xFF, 0x00, 0x00, 0x00, 0x00, 0xFC, 0xFF, 0x00, 0x00, 0x00, 0x00, 0xFC, 0xFF, 0x11, 0x11,
    0x11, 0x00, 0xFC, 0xFF, 0xFF, 0xFF, 0xFF, 0x01, 0xFC, 0xFF, 0xFF, 0xFF, 0xFF, 0x01, 0xFC, 0xFF,
    0xFF, 0xFF, 0xFF, 0x01, 0xFC, 0xFF, 0x00, 0x00, 0x00, 0x00, 0xFC, 0xFF, 0x00, 0x00, 0x00, 0x00,
    0xFC, 0xFF, 0x00, 0x00, 0x00, 0x00, 0xFC, 0xFF, 0x00, 0x00, 0x00, 0x00, 0xFC, 0xFF, 0x22, 0x22,
    0x22, 0x01, 0xFC, 0xFF, 0xFF, 0xFF, 0xFF, 0x08, 0xFC, 0xFF, 0xFF, 0xFF, 0xFF, 0x08, 0xFC, 0xFF,
    0xFF, 0xFF, 0xFF, 0x08, 0xFC, 0xFF, 0xFF, 0xFF, 0xFF, 0x07, 0xFC, 0xFF, 0xFF, 0xFF, 0xFF, 0x07,
    0xFC, 0xFF, 0xFF, 0xFF, 0xFF, 0x07, 0xFC, 0xFF, 0x11, 0x11, 0x11, 0x00, 0xFC, 0xFF, 0x00, 0x00,
    0x00, 0x00, 0xFC, 0xFF, 0x00, 0x00, 0x00, 0x00, 0xFC, 0xFF, 0x00, 0x00, 0x00, 0x00, 0xFC, 0xFF,
    0x11, 0x11, 0x11, 0x00, 0xFC, 0xFF, 0xFF, 0xFF, 0xFF, 0x00, 0xFC, 0xFF, 0xFF, 0xFF, 0xFF, 0x00,
    0xFC, 0xFF, 0xFF, 0xFF, 0xFF, 0x00, 0xFC, 0xFF, 0x00, 0x00, 0x00, 0x00, 0xFC, 0xFF, 0x00, 0x00,
    0x00, 0x00, 0xFC, 0xFF, 0x00, 0x00, 0x00, 0x00, 0xFC, 0xFF, 0x00, 0x00, 0x00, 0x00, 0xFC, 0xFF,
    0x00, 0x00, 0x00, 0x00, 0xFC, 0xFF, 0x00, 0x00, 0x00, 0x00, 0xFC, 0xFF, 0x00, 0x00, 0x00, 0x00,
    0x00, 0x00, 0x40, 0xD9, 0xFF, 0xEF, 0x7B, 0x02, 0x00, 0x20, 0xFC, 0xFF, 0xFF, 0xFF, 0xFF, 0x0E,
    0x00, 0xF3, 0xFF, 0xFF, 0xFF, 0xFF, 0xFF, 0x07, 0x10, 0xFE, 0xFF, 0x9F, 0x24, 0x53, 0xE9, 0x01,
    0x90, 0xFF, 0xEF, 0x03, 0x00, 0x00, 0x00, 0x00, 0xF0, 0xFF, 0x4F, 0x00, 0x00, 0x00, 0x00, 0x00,
    0xF4, 0xFF, 0x0C, 0x00, 0x00, 0x00, 0x00, 0x00, 0xF7, 0xFF, 0x08, 0x00, 0x00, 0x00, 0x00, 0x00,
    0xF8, 0xFF, 0x05, 0x00, 0xFF, 0xFF, 0xFF, 0x1F, 0xF8, 0xFF, 0x05, 0x00, 0xFF, 0xFF, 0xFF, 0x1F,
    0xF7, 0xFF, 0x07, 0x00, 0xFF, 0xFF, 0xFF, 0x1F, 0xF5, 0xFF, 0x0A, 0x00, 0x22, 0xA2, 0xFF, 0x1F,
    0xF1, 0xFF, 0x1F, 0x00, 0x00, 0x90, 0xFF, 0x1F, 0xC0, 0xFF, 0xAF, 0x00, 0x00, 0x90, 0xFF, 0x1F,
    0x40, 0xFF, 0xFF, 0x5C, 0x22, 0xB4, 0xFF, 0x1F, 0x00, 0xF8, 0xFF, 0xFF, 0xFF, 0xFF, 0xFF, 0x1F,
    0x00, 0x70, 0xFF, 0xFF, 0xFF, 0xFF, 0xFF, 0x1F, 0x00, 0x00, 0x82, 0xEC, 0xFF, 0xDE, 0x7A, 0x03,
    0xFC, 0xFF, 0x00, 0x00, 0x00, 0xE0, 0xFF, 0x0E, 0xFC, 0xFF, 0x00, 0x00, 0x00, 0xE0, 0xFF, 0x0E,
    0xFC, 0xFF, 0x00, 0x00, 0x00, 0xE0, 0xFF, 0x0E, 0xFC, 0xFF, 0x00, 0x00, 0x00, 0xE0, 0xFF, 0x0E,
    0xFC, 0xFF, 0x00, 0x00, 0x00, 0xE0, 0xFF, 0x0E, 0xFC, 0xFF, 0x00, 0x00, 0x00, 0xE0, 0xFF, 0x0E,
    0xFC, 0xFF, 0x22, 0x22, 0x22, 0xE2, 0xFF, 0x0E, 0xFC, 0xFF, 0xFF, 0xFF, 0xFF, 0xFF, 0xFF, 0x0E,
    0xFC, 0xFF, 0xFF, 0xFF, 0xFF, 0xFF, 0xFF, 0x0E, 0xFC, 0xFF, 0xFF, 0xFF, 0xFF, 0xFF, 0xFF, 0x0E,
    0xFC, 0xFF, 0x00, 0x00, 0x00, 0xE0, 0xFF, 0x0E, 0xFC, 0xFF, 0x00, 0x00, 0x00, 0xE0, 0xFF, 0x0E,
    0xFC, 0xFF, 0x00, 0x00, 0x00, 0xE0, 0xFF, 0x0E, 0xFC, 0xFF, 0x00, 0x00, 0x00, 0xE0, 0xFF, 0x0E,
    0xFC, 0xFF, 0x00, 0x00, 0x00, 0xE0, 0xFF, 0x0E, 0xFC, 0xFF, 0x00, 0x00, 0x00, 0xE0, 0xFF, 0x0E,
    0xFC, 0xFF, 0x00, 0x00, 0x00, 0xE0, 0xFF, 0x0E, 0xFC, 0xFF, 0x00, 0x00, 0x00, 0xE0, 0xFF, 0x0E,
    0xFC, 0xFF, 0x00, 0xFC, 0xFF, 0x00, 0xFC, 0xFF, 0x00, 0xFC, 0xFF, 0x00, 0xFC, 0xFF, 0x00, 0xFC,
    0xFF, 0x00, 0xFC, 0xFF, 0x00, 0xFC, 0xFF, 0x00, 0xFC, 0xFF, 0x00, 0xFC, 0xFF, 0x00, 0xFC, 0xFF,
    0x00, 0xFC, 0xFF, 0x00, 0xFC, 0xFF, 0x00, 0xFC, 0xFF, 0x00, 0xFC, 0xFF, 0x00, 0xFC, 0xFF, 0x00,
    0xFC, 0xFF, 0x00, 0xFC, 0xFF, 0x00, 0x00, 0x00, 0xFC, 0xFF, 0x00, 0x00, 0x00, 0xFC, 0xFF, 0x00,
    0x00, 0x00, 0xFC, 0xFF, 0x00, 0x00, 0x00, 0xFC, 0xFF, 0x00, 0x00, 0x00, 0xFC, 0xFF, 0x00, 0x00,
    0x00, 0xFC, 0xFF, 0x00, 0x00, 0x00, 0xFC, 0xFF, 0x00, 0x00, 0x00, 0xFC, 0xFF, 0x00, 0x00, 0x00,
    0xFC, 0xFF, 0x00, 0x00, 0x00, 0xFC, 0xFF, 0x00, 0x00, 0x00, 0xFC, 0xFF, 0x00, 0x00, 0x00, 0xFC,
    0xFF, 0x00, 0x00, 0x00, 0xFC, 0xFF, 0x00, 0x00, 0x00, 0xFC, 0xFF, 0x00, 0x00, 0x00, 0xFC, 0xFF,
    0x00, 0x00, 0x00, 0xFC, 0xFF, 0x00, 0x00, 0x00, 0xFC, 0xFF, 0x00, 0x00, 0x00, 0xFC, 0xFF, 0x00,
    0x00, 0x10, 0xFF, 0xEF, 0x00, 0x34, 0xB4, 0xFF, 0xAF, 0x00, 0xFD, 0xFF, 0xFF, 0x3F, 0x00, 0xFD,
    0xFF, 0xFF, 0x07, 0x00, 0xFB, 0xEF, 0x3A, 0x00, 0x00, 0xFC, 0xFF, 0x00, 0x00, 0x10, 0xFE, 0xFF,
    0x03, 0xFC, 0xFF, 0x00, 0x00, 0xC0, 0xFF, 0x6F, 0x00, 0xFC, 0xFF, 0x00, 0x00, 0xF9, 0xFF, 0x09,
    0x00, 0xFC, 0xFF, 0x00, 0x60, 0xFF, 0xCF, 0x00, 0x00, 0xFC, 0xFF, 0x00, 0xF3, 0xFF, 0x1E, 0x00,
    0x00, 0xFC, 0xFF, 0x10, 0xFE, 0xFF, 0x04, 0x00, 0x00, 0xFC, 0xFF, 0xB0, 0xFF, 0x7F, 0x00, 0x00,
    0x00, 0xFC, 0xFF, 0xF7, 0xFF, 0x0B, 0x00, 0x00, 0x00, 0xFC, 0xFF, 0xFF, 0xFF, 0x0A, 0x00, 0x00,
    0x00, 0xFC, 0xFF, 0xFF, 0xFF, 0x4F, 0x00, 0x00, 0x00, 0xFC, 0xFF, 0xAF, 0xFF, 0xDF, 0x00, 0x00,
    0x00, 0xFC, 0xFF, 0x04, 0xFB, 0xFF, 0x08, 0x00, 0x00, 0xFC, 0xFF, 0x00, 0xF2, 0xFF, 0x3F, 0x00,
    0x00, 0xFC, 0xFF, 0x00, 0x70, 0xFF, 0xCF, 0x00, 0x00, 0xFC, 0xFF, 0x00, 0x00, 0xFD, 0xFF, 0x06,
    0x00, 0xFC, 0xFF, 0x00, 0x00, 0xF3, 0xFF, 0x1F, 0x00, 0xFC, 0xFF, 0x00, 0x00, 0x90, 0xFF, 0xAF,
    0x00, 0xFC, 0xFF, 0x00, 0x00, 0x10, 0xFE, 0xFF, 0x04, 0xFC, 0xFF, 0x00, 0x00, 0x00, 0x00, 0xFC,
    0xFF, 0x00, 0x00, 0x00, 0x00, 0xFC, 0xFF, 0x00, 0x00, 0x00, 0x00, 0xFC, 0xFF, 0x00, 0x00, 0x00,
    0x00, 0xFC, 0xFF, 0x00, 0x00, 0x00, 0x00, 0xFC, 0xFF, 0x00, 0x00, 0x00, 0x00, 0xFC, 0xFF, 0x00,
    0x00, 0x00, 0x00, 0xFC, 0xFF, 0x00, 0x00, 0x00, 0x00, 0xFC, 0xFF, 0x00, 0x00, 0x00, 0x00, 0xFC,
    0xFF, 0x00, 0x00, 0x00, 0x00, 0xFC, 0xFF, 0x00, 0x00, 0x00, 0x00, 0xFC, 0xFF, 0x00, 0x00, 0x00,
    0x00, 0xFC, 0xFF, 0x00, 0x00, 0x00, 0x00, 0xFC, 0xFF, 0x00, 0x00, 0x00, 0x00, 0xFC, 0xFF, 0x22,
    0x22, 0x22, 0x02, 0xFC, 0xFF, 0xFF, 0xFF, 0xFF, 0x4F, 0xFC, 0xFF, 0xFF, 0xFF, 0xFF, 0x4F, 0xFC,
    0xFF, 0xFF, 0xFF, 0xFF, 0x4F, 0xFC, 0xFF, 0x8F, 0x00, 0x00, 0x00, 0x00, 0xFF, 0xFF, 0x5F, 0xFC,
    0xFF, 0xDF, 0x00, 0x00, 0x00, 0x50, 0xFF, 0xFF, 0x5F, 0xFC, 0xFF, 0xFF, 0x02, 0x00, 0x00, 0xA0,
    0xFF, 0xFF, 0x5F, 0xFC, 0xFF, 0xFF, 0x07, 0x00, 0x00, 0xF0, 0xFF, 0xFF, 0x5F, 0xFC, 0xBF, 0xFF,
    0x0C, 0x00, 0x00, 0xF4, 0xBF, 0xFF, 0x5F, 0xFC, 0x8F, 0xFF, 0x1F, 0x00, 0x00, 0xF9, 0x7F, 0xFF,
    0x5F, 0xFC, 0x8F, 0xFB, 0x6F, 0x00, 0x00, 0xFE, 0x3F, 0xFF, 0x5F, 0xFC, 0x9F, 0xF6, 0xBF, 0x00,
    0x40, 0xFF, 0x2B, 0xFF, 0x5F, 0xFC, 0x9F, 0xF1, 0xFF, 0x00, 0x90, 0xFF, 0x35, 0xFF, 0x5F, 0xFC,
    0xAF, 0xC0, 0xFF, 0x05, 0xE0, 0xFF, 0x31, 0xFF, 0x5F, 0xFC, 0xAF, 0x70, 0xFF, 0x09, 0xF4, 0xBF,
    0x30, 0xFF, 0x5F, 0xFC, 0xAF, 0x20, 0xFF, 0x0E, 0xF9, 0x6F, 0x30, 0xFF, 0x5F, 0xFC, 0xAF, 0x00,
    0xFE, 0x3F, 0xFE, 0x1F, 0x30, 0xFF, 0x5F, 0xFC, 0xAF, 0x00, 0xF9, 0xCF, 0xFF, 0x0B, 0x30, 0xFF,
    0x5F, 0xFC, 0xAF, 0x00, 0xF4, 0xFF, 0xFF, 0x06, 0x30, 0xFF, 0x5F, 0xFC, 0xAF, 0x00, 0xF0, 0xFF,
    0xFF, 0x01, 0x30, 0xFF, 0x5F, 0xFC, 0xAF, 0x00, 0xA0, 0xFF, 0xCF, 0x00, 0x30, 0xFF, 0x5F, 0xFC,
    0xAF, 0x00, 0x50, 0xFF, 0x6F, 0x00, 0x30, 0xFF, 0x5F, 0xFC, 0xFF, 0x4F, 0x00, 0x00, 0x00, 0xF5,
    0xFF, 0x01, 0xFC, 0xFF, 0xDF, 0x00, 0x00, 0x00, 0xF5, 0xFF, 0x01, 0xFC, 0xFF, 0xFF, 0x07, 0x00,
    0x00, 0xF5, 0xFF, 0x01, 0xFC, 0xFF, 0xFF, 0x1F, 0x00, 0x00, 0xF5, 0xFF, 0x01, 0xFC, 0xDF, 0xFF,
    0x9F, 0x00, 0x00, 0xF5, 0xFF, 0x01, 0xFC, 0x7F, 0xFD, 0xFF, 0x03, 0x00, 0xF5, 0xFF, 0x01, 0xFC,
    0x7F, 0xF4, 0xFF, 0x0C, 0x00, 0xF5, 0xFF, 0x01, 0xFC, 0x8F, 0xB0, 0xFF, 0x5F, 0x00, 0xF5, 0xFF,
    0x01, 0xFC, 0x9F, 0x20, 0xFF, 0xDF, 0x00, 0xF5, 0xFF, 0x01, 0xFC, 0x9F, 0x00, 0xF9, 0xFF, 0x07,
    0xF4, 0xFF, 0x01, 0xFC, 0xAF, 0x00, 0xE1, 0xFF, 0x1F, 0xF4, 0xFF, 0x01, 0xFC, 0xAF, 0x00, 0x70,
    0xFF, 0xAF, 0xF3, 0xFF, 0x01, 0xFC, 0xAF, 0x00, 0x00, 0xFD, 0xFF, 0xF6, 0xFF, 0x01, 0xFC, 0xAF,
    0x00, 0x00, 0xF4, 0xFF, 0xFE, 0xFF, 0x01, 0xFC, 0xAF, 0x00, 0x00, 0xB0, 0xFF, 0xFF, 0xFF, 0x01,
    0xFC, 0xAF, 0x00, 0x00, 0x20, 0xFF, 0xFF, 0xFF, 0x01, 0xFC, 0xAF, 0x00, 0x00, 0x00, 0xF9, 0xFF,
    0xFF, 0x01, 0xFC, 0xAF, 0x00, 0x00, 0x00, 0xF1, 0xFF, 0xFF, 0x01, 0x00, 0x00, 0x71, 0xEC, 0xFF,
    0xBE, 0x17, 0x00, 0x00, 0x00, 0x60, 0xFF, 0xFF, 0xFF, 0xFF, 0xFF, 0x05, 0x00, 0x00, 0xF7, 0xFF,
    0xFF, 0xFF, 0xFF, 0xFF, 0x6F, 0x00, 0x30, 0xFF, 0xFF, 0x5C, 0x22, 0xC5, 0xFF, 0xFF, 0x02, 0xB0,
    0xFF, 0xAF, 0x00, 0x00, 0x00, 0xFB, 0xFF, 0x09, 0xF1, 0xFF, 0x1F, 0x00, 0x00, 0x00, 0xF2, 0xFF,
    0x0F, 0xF5, 0xFF, 0x0B, 0x00, 0x00, 0x00, 0xC0, 0xFF, 0x3F, 0xF7, 0xFF, 0x08, 0x00, 0x00, 0x00,
    0x90, 0xFF, 0x5F, 0xF8, 0xFF, 0x07, 0x00, 0x00, 0x00, 0x80, 0xFF, 0x6F, 0xF8, 0xFF, 0x07, 0x00,
    0x00, 0x00, 0x80, 0xFF, 0x6F, 0xF7, 0xFF, 0x08, 0x00, 0x00, 0x00, 0x90, 0xFF, 0x5F, 0xF4, 0xFF,
    0x0B, 0x00, 0x00, 0x00, 0xC0, 0xFF, 0x3F, 0xF1, 0xFF, 0x1F, 0x00, 0x00, 0x00, 0xF2, 0xFF, 0x0F,
    0xB0, 0xFF, 0xBF, 0x00, 0x00, 0x00, 0xFC, 0xFF, 0x09, 0x30, 0xFF, 0xFF, 0x6C, 0x33, 0xD6, 0xFF,
    0xFF, 0x02, 0x00, 0xF7, 0xFF, 0xFF, 0xFF, 0xFF, 0xFF, 0x6F, 0x00, 0x00, 0x60, 0xFF, 0xFF, 0xFF,
    0xFF, 0xEF, 0x05, 0x00, 0x00, 0x00, 0x71, 0xEC, 0xFF, 0xBE, 0x06, 0x00, 0x00, 0xFC, 0xFF, 0xFF,
    0xEF, 0x6B, 0x00, 0x00, 0xFC, 0xFF, 0xFF, 0xFF, 0xFF, 0x1D, 0x00, 0xFC, 0xFF, 0xFF, 0xFF, 0xFF,
    0xBF, 0x00, 0xFC, 0xFF, 0x11, 0x72, 0xFF, 0xFF, 0x03, 0xFC, 0xFF, 0x00, 0x00, 0xF8, 0xFF, 0x07,
    0xFC, 0xFF, 0x00, 0x00, 0xF4, 0xFF, 0x09, 0xFC, 0xFF, 0x00, 0x00, 0xF4, 0xFF, 0x08, 0xFC, 0xFF,
    0x00, 0x00, 0xFA, 0xFF, 0x06, 0xFC, 0xFF, 0x12, 0x93, 0xFF, 0xFF, 0x01, 0xFC, 0xFF, 0xFF, 0xFF,
    0xFF, 0x8F, 0x00, 0xFC, 0xFF, 0xFF, 0xFF, 0xFF, 0x0A, 0x00, 0xFC, 0xFF, 0xFF, 0xDF, 0x3A, 0x00,
    0x00, 0xFC, 0xFF, 0x00, 0x00, 0x00, 0x00, 0x00, 0xFC, 0xFF, 0x00, 0x00, 0x00, 0x00, 0x00, 0xFC,
    0xFF, 0x00, 0x00, 0x00, 0x00, 0x00, 0xFC, 0xFF, 0x00, 0x00, 0x00, 0x00, 0x00, 0xFC, 0xFF, 0x00,
    0x00, 0x00, 0x00, 0x00, 0xFC, 0xFF, 0x00, 0x00, 0x00, 0x00, 0x00, 0x00, 0x00, 0x71, 0xEC, 0xFF,
    0xBE, 0x17, 0x00, 0x00, 0x00, 0x60, 0xFF, 0xFF, 0xFF, 0xFF, 0xFF, 0x05, 0x00, 0x00, 0xF7, 0xFF,
    0xFF, 0xFF, 0xFF, 0xFF, 0x6F, 0x00, 0x30, 0xFF, 0xFF, 0x5C, 0x22, 0xC5, 0xFF, 0xFF, 0x02, 0xB0,
    0xFF, 0xAF, 0x00, 0x00, 0x00, 0xFB, 0xFF, 0x09, 0xF1, 0xFF, 0x1F, 0x00, 0x00, 0x00, 0xF2, 0xFF,
    0x0F, 0xF5, 0xFF, 0x0B, 0x00, 0x00, 0x00, 0xC0, 0xFF, 0x3F, 0xF7, 0xFF, 0x08, 0x00, 0x00, 0x00,
    0x90, 0xFF, 0x5F, 0xF8, 0xFF, 0x07, 0x00, 0x00, 0x00, 0x80, 0xFF, 0x6F, 0xF8, 0xFF, 0x07, 0x00,
    0x00, 0x00, 0x80, 0xFF, 0x6F, 0xF7, 0xFF, 0x08, 0x00, 0x00, 0x00, 0x90, 0xFF, 0x5F, 0xF4, 0xFF,
    0x0B, 0x00, 0x00, 0x00, 0xC0, 0xFF, 0x3F, 0xF1, 0xFF, 0x1F, 0x00, 0x00, 0x00, 0xF2, 0xFF, 0x0F,
    0xB0, 0xFF, 0xBF, 0x00, 0x00, 0x00, 0xFC, 0xFF, 0x0A, 0x30, 0xFF, 0xFF, 0x6C, 0x33, 0xD6, 0xFF,
    0xFF, 0x02, 0x00, 0xF7, 0xFF, 0xFF, 0xFF, 0xFF, 0xFF, 0x6F, 0x00, 0x00, 0x60, 0xFF, 0xFF, 0xFF,
    0xFF, 0xEF, 0x05, 0x00, 0x00, 0x00, 0x71, 0xEC, 0xFF, 0xFF, 0x5F, 0x00, 0x00, 0x00, 0x00, 0x00,
    0x00, 0x50, 0xFF, 0xFF, 0x03, 0x00, 0x00, 0x00, 0x00, 0x00, 0x00, 0xF8, 0xFF, 0x2E, 0x00, 0x00,
    0x00, 0x00, 0x00, 0x00, 0xB0, 0xFF, 0xEF, 0x01, 0x00, 0x00, 0x00, 0x00, 0x00, 0x10, 0xFD, 0xFF,
    0x1D, 0xFC, 0xFF, 0xFF, 0xDF, 0x6A, 0x00, 0x00, 0x00, 0xFC, 0xFF, 0xFF, 0xFF, 0xFF, 0x2D, 0x00,
    0x00, 0xFC, 0xFF, 0xFF, 0xFF, 0xFF, 0xDF, 0x00, 0x00, 0xFC, 0xFF, 0x11, 0x73, 0xFF, 0xFF, 0x05,
    0x00, 0xFC, 0xFF, 0x00, 0x00, 0xF7, 0xFF, 0x08, 0x00, 0xFC, 0xFF, 0x00, 0x00, 0xF4, 0xFF, 0x09,
    0x00, 0xFC, 0xFF, 0x00, 0x00, 0xF7, 0xFF, 0x07, 0x00, 0xFC, 0xFF, 0x11, 0x72, 0xFF, 0xFF, 0x01,
    0x00, 0xFC, 0xFF, 0xFF, 0xFF, 0xFF, 0x6F, 0x00, 0x00, 0xFC, 0xFF, 0xFF, 0xFF, 0xEF, 0x05, 0x00,
    0x00, 0xFC, 0xFF, 0xFF, 0xFF, 0x8F, 0x00, 0x00, 0x00, 0xFC, 0xFF, 0x00, 0xFA, 0xFF, 0x03, 0x00,
    0x00, 0xFC, 0xFF, 0x00, 0xF1, 0xFF, 0x0D, 0x00, 0x00, 0xFC, 0xFF, 0x00, 0x60, 0xFF, 0x8F, 0x00,
    0x00, 0xFC, 0xFF, 0x00, 0x00, 0xFC, 0xFF, 0x03, 0x00, 0xFC, 0xFF, 0x00, 0x00, 0xF3, 0xFF, 0x0D,
    0x00, 0xFC, 0xFF, 0x00, 0x00, 0x90, 0xFF, 0x8F, 0x00, 0xFC, 0xFF, 0x00, 0x00, 0x10, 0xFE, 0xFF,
    0x03, 0x00, 0x81, 0xFC, 0xFF, 0x8C, 0x03, 0x40, 0xFF, 0xFF, 0xFF, 0xFF, 0x8F, 0xE1, 0xFF, 0xFF,
    0xFF, 0xFF, 0x2F, 0xF6, 0xFF, 0x4C, 0x42, 0xD8, 0x0C, 0xF9, 0xFF, 0x01, 0x00, 0x00, 0x00, 0xF9,
    0xFF, 0x03, 0x00, 0x00, 0x00, 0xF6, 0xFF, 0x4E, 0x00, 0x00, 0x00, 0xE0, 0xFF, 0xFF, 0x4C, 0x00,
    0x00, 0x30, 0xFE, 0xFF, 0xFF, 0x3C, 0x00, 0x00, 0xA1, 0xFF, 0xFF, 0xFF, 0x06, 0x00, 0x00, 0xA2,
    0xFF, 0xFF, 0x3F, 0x00, 0x00, 0x00, 0xC2, 0xFF, 0x9F, 0x00, 0x00, 0x00, 0x10, 0xFF, 0xCF, 0x15,
    0x00, 0x00, 0x00, 0xFF, 0xBF, 0xFD, 0x6A, 0x23, 0xB3, 0xFF, 0x8F, 0xFD, 0xFF, 0xFF, 0xFF, 0xFF,
    0x1F, 0xFD, 0xFF, 0xFF, 0xFF, 0xEF, 0x04, 0x71, 0xEB, 0xFF, 0xCE, 0x17, 0x00, 0xF8, 0xFF, 0xFF,
    0xFF, 0xFF, 0xFF, 0xFF, 0xF8, 0xFF, 0xFF, 0xFF, 0xFF, 0xFF, 0xFF, 0xF8, 0xFF, 0xFF, 0xFF, 0xFF,
    0xFF, 0xFF, 0x21, 0x22, 0xB2, 0xFF, 0x4F, 0x22, 0x22, 0x00, 0x00, 0xA0, 0xFF, 0x2F, 0x00, 0x00,
    0x00, 0x00, 0xA0, 0xFF, 0x2F, 0x00, 0x00, 0x00, 0x00, 0xA0, 0xFF, 0x2F, 0x00, 0x00, 0x00, 0x00,
    0xA0, 0xFF, 0x2F, 0x00, 0x00, 0x00, 0x00, 0xA0, 0xFF, 0x2F, 0x00, 0x00, 0x00, 0x00, 0xA0, 0xFF,
    0x2F, 0x00, 0x00, 0x00, 0x00, 0xA0, 0xFF, 0x2F, 0x00, 0x00, 0x00, 0x00, 0xA0, 0xFF, 0x2F, 0x00,
    0x00, 0x00, 0x00, 0xA0, 0xFF, 0x2F, 0x00, 0x00, 0x00, 0x00, 0xA0, 0xFF, 0x2F, 0x00, 0x00, 0x00,
    0x00, 0xA0, 0xFF, 0x2F, 0x00, 0x00, 0x00, 0x00, 0xA0, 0xFF, 0x2F, 0x00, 0x00, 0x00, 0x00, 0xA0,
    0xFF, 0x2F, 0x00, 0x00, 0x00, 0x00, 0xA0, 0xFF, 0x2F, 0x00, 0x00, 0xFE, 0xEF, 0x00, 0x00, 0x00,
    0xF0, 0xFF, 0x0C, 0xFE, 0xEF, 0x00, 0x00, 0x00, 0xF0, 0xFF, 0x0C, 0xFE, 0xEF, 0x00, 0x00, 0x00,
    0xF0, 0xFF, 0x0C, 0xFE, 0xEF, 0x00, 0x00, 0x00, 0xF0, 0xFF, 0x0C, 0xFE, 0xEF, 0x00, 0x00, 0x00,
    0xF0, 0xFF, 0x0C, 0xFE, 0xEF, 0x00, 0x00, 0x00, 0xF0, 0xFF, 0x0C, 0xFE, 0xEF, 0x00, 0x00, 0x00,
    0xF0, 0xFF, 0x0C, 0xFE, 0xEF, 0x00, 0x00, 0x00, 0xF0, 0xFF, 0x0C, 0xFE, 0xEF, 0x00, 0x00, 0x00,
    0xF0, 0xFF, 0x0C, 0xFE, 0xEF, 0x00, 0x00, 0x00, 0xF0, 0xFF, 0x0C, 0xFE, 0xEF, 0x00, 0x00, 0x00,
    0xF0, 0xFF, 0x0C, 0xFD, 0xEF, 0x00, 0x00, 0x00, 0xF0, 0xFF, 0x0C, 0xFC, 0xFF, 0x01, 0x00, 0x00,
    0xF3, 0xFF, 0x0B, 0xF9, 0xFF, 0x07, 0x00, 0x00, 0xF9, 0xFF, 0x07, 0xF3, 0xFF, 0x9F, 0x34, 0xA4,
    0xFF, 0xFF, 0x01, 0xA0, 0xFF, 0xFF, 0xFF, 0xFF, 0xFF, 0x7F, 0x00, 0x00, 0xFA, 0xFF, 0xFF, 0xFF,
    0xFF, 0x07, 0x00, 0x00, 0x30, 0xD9, 0xFF, 0xCF, 0x28, 0x00, 0x00, 0xFD, 0xFF, 0x00, 0x00, 0x00,
    0x00, 0xFB, 0xFF, 0x01, 0xF7, 0xFF, 0x04, 0x00, 0x00, 0x10, 0xFF, 0xBF, 0x00, 0xF2, 0xFF, 0x09,
    0x00, 0x00, 0x50, 0xFF, 0x6F, 0x00, 0xD0, 0xFF, 0x0E, 0x00, 0x00, 0xA0, 0xFF, 0x1F, 0x00, 0x70,
    0xFF, 0x3F, 0x00, 0x00, 0xF0, 0xFF, 0x0B, 0x00, 0x20, 0xFF, 0x8F, 0x00, 0x00, 0xF5, 0xFF, 0x06,
    0x00, 0x00, 0xFD, 0xDF, 0x00, 0x00, 0xFA, 0xFF, 0x01, 0x00, 0x00, 0xF7, 0xFF, 0x02, 0x00, 0xFE,
    0xBF, 0x00, 0x00, 0x00, 0xF2, 0xFF, 0x07, 0x40, 0xFF, 0x6F, 0x00, 0x00, 0x00, 0xC0, 0xFF, 0x0C,
    0x90, 0xFF, 0x1F, 0x00, 0x00, 0x00, 0x70, 0xFF, 0x1F, 0xE0, 0xFF, 0x0B, 0x00, 0x00, 0x00, 0x20,
    0xFF, 0x6F, 0xF2, 0xFF, 0x06, 0x00, 0x00, 0x00, 0x00, 0xFC, 0xAF, 0xF6, 0xFF, 0x01, 0x00, 0x00,
    0x00, 0x00, 0xF7, 0xEF, 0xFA, 0xBF, 0x00, 0x00, 0x00, 0x00, 0x00, 0xF1, 0xFF, 0xFE, 0x5F, 0x00,
    0x00, 0x00, 0x00, 0x00, 0xC0, 0xFF, 0xFF, 0x0F, 0x00, 0x00, 0x00, 0x00, 0x00, 0x70, 0xFF, 0xFF,
    0x0B, 0x00, 0x00, 0x00, 0x00, 0x00, 0x10, 0xFF, 0xFF, 0x05, 0x00, 0x00, 0x00, 0xFE, 0xDF, 0x00,
    0x00, 0x00, 0xFD, 0xFF, 0x00, 0x00, 0x00, 0xFA, 0xFF, 0x00, 0xFA, 0xFF, 0x01, 0x00, 0x10, 0xFF,
    0xFF, 0x04, 0x00, 0x00, 0xFE, 0xCF, 0x00, 0xF6, 0xFF, 0x04, 0x00, 0x50, 0xFF, 0xFF, 0x08, 0x00,
    0x20, 0xFF, 0x8F, 0x00, 0xF1, 0xFF, 0x08, 0x00, 0x90, 0xFF, 0xFF, 0x0C, 0x00, 0x50, 0xFF, 0x4F,
    0x00, 0xD0, 0xFF, 0x0C, 0x00, 0xD0, 0xFF, 0xFF, 0x0F, 0x00, 0x90, 0xFF, 0x0F, 0x00, 0x90, 0xFF,
    0x0F, 0x00, 0xF1, 0xEF, 0xFB, 0x4F, 0x00, 0xD0, 0xFF, 0x0C, 0x00, 0x50, 0xFF, 0x3F, 0x00, 0xF6,
    0xBF, 0xF8, 0x8F, 0x00, 0xF1, 0xFF, 0x08, 0x00, 0x10, 0xFF, 0x7F, 0x00, 0xFA, 0x7F, 0xF5, 0xDF,
    0x00, 0xF4, 0xFF, 0x04, 0x00, 0x00, 0xFD, 0xBF, 0x00, 0xFE, 0x4F, 0xF1, 0xFF, 0x01, 0xF8, 0xFF,
    0x00, 0x00, 0x00, 0xF9, 0xEF, 0x20, 0xFF, 0x0F, 0xD0, 0xFF, 0x05, 0xFC, 0xCF, 0x00, 0x00, 0x00,
    0xF5, 0xFF, 0x62, 0xFF, 0x0C, 0x90, 0xFF, 0x09, 0xFF, 0x8F, 0x00, 0x00, 0x00, 0xF1, 0xFF, 0xA5,
    0xFF, 0x08, 0x50, 0xFF, 0x2C, 0xFF, 0x4F, 0x00, 0x00, 0x00, 0xD0, 0xFF, 0xC8, 0xFF, 0x04, 0x10,
    0xFF, 0x5F, 0xFF, 0x0F, 0x00, 0x00, 0x00, 0x90, 0xFF, 0xFB, 0xFF, 0x00, 0x00, 0xFD, 0xAF, 0xFF,
    0x0C, 0x00, 0x00, 0x00, 0x50, 0xFF, 0xFF, 0xBF, 0x00, 0x00, 0xF9, 0xFF, 0xFF, 0x08, 0x00, 0x00,
    0x00, 0x10, 0xFF, 0xFF, 0x7F, 0x00, 0x00, 0xF5, 0xFF, 0xFF, 0x04, 0x00, 0x00, 0x00, 0x00, 0xFD,
    0xFF, 0x3F, 0x00, 0x00, 0xF1, 0xFF, 0xFF, 0x00, 0x00, 0x00, 0x00, 0x00, 0xF9, 0xFF, 0x0F, 0x00,
    0x00, 0xD0, 0xFF, 0xCF, 0x00, 0x00, 0x00, 0xF4, 0xFF, 0x0D, 0x00, 0x00, 0x20, 0xFF, 0xEF, 0x00,
    0xA0, 0xFF, 0x7F, 0x00, 0x00, 0xB0, 0xFF, 0x5F, 0x00, 0x10, 0xFF, 0xFF, 0x01, 0x00, 0xF4, 0xFF,
    0x0A, 0x00, 0x00, 0xF6, 0xFF, 0x0A, 0x00, 0xFD, 0xFF, 0x01, 0x00, 0x00, 0xC0, 0xFF, 0x3F, 0x70,
    0xFF, 0x6F, 0x00, 0x00, 0x00, 0x20, 0xFF, 0xDF, 0xF1, 0xFF, 0x0C, 0x00, 0x00, 0x00, 0x00, 0xF7,
    0xFF, 0xFD, 0xFF, 0x02, 0x00, 0x00, 0x00, 0x00, 0xD0, 0xFF, 0xFF, 0x8F, 0x00, 0x00, 0x00, 0x00,
    0x00, 0x40, 0xFF, 0xFF, 0x0D, 0x00, 0x00, 0x00, 0x00, 0x00, 0x90, 0xFF, 0xFF, 0x1E, 0x00, 0x00,
    0x00, 0x00, 0x00, 0xF3, 0xFF, 0xFF, 0xBF, 0x00, 0x00, 0x00, 0x00, 0x00, 0xFD, 0xEF, 0xFA, 0xFF,
    0x05, 0x00, 0x00, 0x00, 0x70, 0xFF, 0x6F, 0xE1, 0xFF, 0x1E, 0x00, 0x00, 0x00, 0xF2, 0xFF, 0x0C,
    0x60, 0xFF, 0xAF, 0x00, 0x00, 0x00, 0xFC, 0xFF, 0x03, 0x00, 0xFC, 0xFF, 0x05, 0x00, 0x60, 0xFF,
    0x9F, 0x00, 0x00, 0xF2, 0xFF, 0x1E, 0x00, 0xF1, 0xFF, 0x0E, 0x00, 0x00, 0x90, 0xFF, 0xAF, 0x00,
    0xFA, 0xFF, 0x05, 0x00, 0x00, 0x00, 0xFE, 0xFF, 0x05, 0xFB, 0xFF, 0x05, 0x00, 0x00, 0xB0, 0xFF,
    0x5F, 0xF3, 0xFF, 0x0D, 0x00, 0x00, 0xF3, 0xFF, 0x0C, 0xA0, 0xFF, 0x5F, 0x00, 0x00, 0xFB, 0xFF,
    0x04, 0x20, 0xFF, 0xDF, 0x00, 0x30, 0xFF, 0xBF, 0x00, 0x00, 0xF9, 0xFF, 0x05, 0xB0, 0xFF, 0x2F,
    0x00, 0x00, 0xF1, 0xFF, 0x0D, 0xF3, 0xFF, 0x0A, 0x00, 0x00, 0x80, 0xFF, 0x5F, 0xFC, 0xFF, 0x02,
    0x00, 0x00, 0x10, 0xFF, 0xEF, 0xFF, 0x9F, 0x00, 0x00, 0x00, 0x00, 0xF7, 0xFF, 0xFF, 0x1F, 0x00,
    0x00, 0x00, 0x00, 0xE0, 0xFF, 0xFF, 0x07, 0x00, 0x00, 0x00, 0x00, 0x60, 0xFF, 0xEF, 0x00, 0x00,
    0x00, 0x00, 0x00, 0x10, 0xFF, 0xBF, 0x00, 0x00, 0x00, 0x00, 0x00, 0x10, 0xFF, 0xBF, 0x00, 0x00,
    0x00, 0x00, 0x00, 0x10, 0xFF, 0xBF, 0x00, 0x00, 0x00, 0x00, 0x00, 0x10, 0xFF, 0xBF, 0x00, 0x00,
    0x00, 0x00, 0x00, 0x10, 0xFF, 0xBF, 0x00, 0x00, 0x00, 0x00, 0x00, 0x10, 0xFF, 0xBF, 0x00, 0x00,
    0x00, 0x00, 0x00, 0x10, 0xFF, 0xBF, 0x00, 0x00, 0x00, 0xF2, 0xFF, 0xFF, 0xFF, 0xFF, 0xFF, 0xAF,
    0xF2, 0xFF, 0xFF, 0xFF, 0xFF, 0xFF, 0xAF, 0xF2, 0xFF, 0xFF, 0xFF, 0xFF, 0xFF, 0x8F, 0x20, 0x22,
    0x22, 0x22, 0xF4, 0xFF, 0x0D, 0x00, 0x00, 0x00, 0x00, 0xFC, 0xFF, 0x03, 0x00, 0x00, 0x00, 0x70,
    0xFF, 0x8F, 0x00, 0x00, 0x00, 0x00, 0xF3, 0xFF, 0x0D, 0x00, 0x00, 0x00, 0x00, 0xFD, 0xFF, 0x03,
    0x00, 0x00, 0x00, 0x80, 0xFF, 0x7F, 0x00, 0x00, 0x00, 0x00, 0xF4, 0xFF, 0x0C, 0x00, 0x00, 0x00,
    0x00, 0xFE, 0xFF, 0x02, 0x00, 0x00, 0x00, 0x90, 0xFF, 0x6F, 0x00, 0x00, 0x00, 0x00, 0xF4, 0xFF,
    0x0B, 0x00, 0x00, 0x00, 0x10, 0xFE, 0xFF, 0x01, 0x00, 0x00, 0x00, 0xA0, 0xFF, 0x7F, 0x22, 0x22,
    0x22, 0x12, 0xF4, 0xFF, 0xFF, 0xFF, 0xFF, 0xFF, 0xEF, 0xF6, 0xFF, 0xFF, 0xFF, 0xFF, 0xFF, 0xEF,
    0xF6, 0xFF, 0xFF, 0xFF, 0xFF, 0xFF, 0xEF, 0xF4, 0xFF, 0xFF, 0x0A, 0xF4, 0xFF, 0xFF, 0x0A, 0xF4,
    0xFF, 0x99, 0x06, 0xF4, 0xEF, 0x00, 0x00, 0xF4, 0xEF, 0x00, 0x00, 0xF4, 0xEF, 0x00, 0x00, 0xF4,
    0xEF, 0x00, 0x00, 0xF4, 0xEF, 0x00, 0x00, 0xF4, 0xEF, 0x00, 0x00, 0xF4, 0xEF, 0x00, 0x00, 0xF4,
    0xEF, 0x00, 0x00, 0xF4, 0xEF, 0x00, 0x00, 0xF4, 0xEF, 0x00, 0x00, 0xF4, 0xEF, 0x00, 0x00, 0xF4,
    0xEF, 0x00, 0x00, 0xF4, 0xEF, 0x00, 0x00, 0xF4, 0xEF, 0x00, 0x00, 0xF4, 0xEF, 0x00, 0x00, 0xF4,
    0xEF, 0x00, 0x00, 0xF4, 0xFF, 0x99, 0x06, 0xF4, 0xFF, 0xFF, 0x0A, 0xF4, 0xFF, 0xFF, 0x0A, 0xFA,
    0xBF, 0x00, 0x00, 0x00, 0x00, 0xF4, 0xFF, 0x01, 0x00, 0x00, 0x00, 0xE0, 0xFF, 0x07, 0x00, 0x00,
    0x00, 0x90, 0xFF, 0x0D, 0x00, 0x00, 0x00, 0x30, 0xFF, 0x3F, 0x00, 0x00, 0x00, 0x00, 0xFD, 0x9F,
    0x00, 0x00, 0x00, 0x00, 0xF7, 0xEF, 0x00, 0x00, 0x00, 0x00, 0xF1, 0xFF, 0x04, 0x00, 0x00, 0x00,
    0xB0, 0xFF, 0x0A, 0x00, 0x00, 0x00, 0x50, 0xFF, 0x1F, 0x00, 0x00, 0x00, 0x00, 0xFF, 0x6F, 0x00,
    0x00, 0x00, 0x00, 0xF9, 0xCF, 0x00, 0x00, 0x00, 0x00, 0xF3, 0xFF, 0x02, 0x00, 0x00, 0x00, 0xD0,
    0xFF, 0x08, 0x00, 0x00, 0x00, 0x80, 0xFF, 0x0E, 0x00, 0x00, 0x00, 0x20, 0xFF, 0x4F, 0x00, 0x00,
    0x00, 0x00, 0xFC, 0xAF, 0x00, 0x00, 0x00, 0x00, 0xF6, 0xFF, 0x00, 0xF6, 0xFF, 0xFF, 0x08, 0xF6,
    0xFF, 0xFF, 0x08, 0x93, 0xD9, 0xFF, 0x08, 0x00, 0xA0, 0xFF, 0x08, 0x00, 0xA0, 0xFF, 0x08, 0x00,
    0xA0, 0xFF, 0x08, 0x00, 0xA0, 0xFF, 0x08, 0x00, 0xA0, 0xFF, 0x08, 0x00, 0xA0, 0xFF, 0x08, 0x00,
    0xA0, 0xFF, 0x08, 0x00, 0xA0, 0xFF, 0x08, 0x00, 0xA0, 0xFF, 0x08, 0x00, 0xA0, 0xFF, 0x08, 0x00,
    0xA0, 0xFF, 0x08, 0x00, 0xA0, 0xFF, 0x08, 0x00, 0xA0, 0xFF, 0x08, 0x00, 0xA0, 0xFF, 0x08, 0x00,
    0xA0, 0xFF, 0x08, 0x00, 0xA0, 0xFF, 0x08, 0x93, 0xD9, 0xFF, 0x08, 0xF6, 0xFF, 0xFF, 0x08, 0xF6,
    0xFF, 0xFF, 0x08, 0x00, 0x00, 0x40, 0xEF, 0x00, 0x00, 0x00, 0x00, 0x00, 0xB0, 0xFF, 0x06, 0x00,
    0x00, 0x00, 0x00, 0xF3, 0xFF, 0x0E, 0x00, 0x00, 0x00, 0x00, 0xFA, 0xFF, 0x7F, 0x00, 0x00, 0x00,
    0x10, 0xFF, 0xD9, 0xEF, 0x00, 0x00, 0x00, 0x80, 0xFF, 0x53, 0xFF, 0x07, 0x00, 0x00, 0xE0, 0xCF,
    0x00, 0xFD, 0x0E, 0x00, 0x00, 0xF6, 0x5F, 0x00, 0xF6, 0x7F, 0x00, 0x00, 0xFD, 0x0E, 0x00, 0xD0,
    0xEF, 0x00, 0x40, 0xFF, 0x08, 0x00, 0x60, 0xFF, 0x07, 0xC0, 0xFF, 0x01, 0x00, 0x00, 0xFE, 0x0E,
    0xF3, 0xAF, 0x00, 0x00, 0x00, 0xF7, 0x7F, 0xF0, 0xFF, 0xFF, 0xFF, 0xFF, 0x5F, 0xB0, 0xBB, 0xBB,
    0xBB, 0xBB, 0x3B, 0xFB, 0xFF, 0x08, 0x00, 0x90, 0xFF, 0x4F, 0x00, 0x00, 0xF6, 0xEF, 0x02, 0x00,
    0x30, 0xFE, 0x0D, 0x00, 0x94, 0xFD, 0xFF, 0x8C, 0x01, 0x00, 0x70, 0xFF, 0xFF, 0xFF, 0xFF, 0x2E,
    0x00, 0x10, 0xFF, 0xDF, 0xEC, 0xFF, 0xBF, 0x00, 0x00, 0x56, 0x00, 0x00, 0xFC, 0xFF, 0x01, 0x00,
    0x00, 0x00, 0x00, 0xF7, 0xFF, 0x03, 0x00, 0x93, 0xEC, 0xFE, 0xFF, 0xFF, 0x03, 0xA0, 0xFF, 0xFF,
    0xFF, 0xFF, 0xFF, 0x03, 0xF7, 0xFF, 0x7E, 0x34, 0xF9, 0xFF, 0x03, 0xFD, 0xFF, 0x02, 0x00, 0xF8,
    0xFF, 0x03, 0xFF, 0xEF, 0x00, 0x00, 0xFA, 0xFF, 0x03, 0xFE, 0xFF, 0x02, 0x50, 0xFF, 0xFF, 0x03,
    0xFA, 0xFF, 0xCF, 0xFD, 0xFF, 0xFF, 0x03, 0xF2, 0xFF, 0xFF, 0xFF, 0xE4, 0xFF, 0x03, 0x20, 0xEA,
    0xEF, 0x2A, 0x80, 0xFF, 0x03, 0xF0, 0xFF, 0x0A, 0x00, 0x00, 0x00, 0x00, 0xF0, 0xFF, 0x0A, 0x00,
    0x00, 0x00, 0x00, 0xF0, 0xFF, 0x0A, 0x00, 0x00, 0x00, 0x00, 0xF0, 0xFF, 0x0A, 0x00, 0x00, 0x00,
    0x00, 0xF0, 0xFF, 0x0A, 0x00, 0x00, 0x00, 0x00, 0xF0, 0xFF, 0x1A, 0xE9, 0xEF, 0x19, 0x00, 0xF0,
    0xFF, 0xDA, 0xFF, 0xFF, 0xEF, 0x01, 0xF0, 0xFF, 0xFF, 0xFF, 0xFF, 0xFF, 0x0B, 0xF0, 0xFF, 0xAF,
    0x01, 0xF5, 0xFF, 0x3F, 0xF0, 0xFF, 0x0F, 0x00, 0x80, 0xFF, 0x7F, 0xF0, 0xFF, 0x0C, 0x00, 0x30,
    0xFF, 0x9F, 0xF0, 0xFF, 0x0A, 0x00, 0x10, 0xFF, 0xBF, 0xF0, 0xFF, 0x0B, 0x00, 0x10, 0xFF, 0xAF,
    0xF0, 0xFF, 0x0C, 0x00, 0x30, 0xFF, 0x9F, 0xF0, 0xFF, 0x1F, 0x00, 0x90, 0xFF, 0x7F, 0xF0, 0xFF,
    0xBF, 0x02, 0xF5, 0xFF, 0x2F, 0xF0, 0xFF, 0xFF, 0xFF, 0xFF, 0xFF, 0x0B, 0xF0, 0xFF, 0xE8, 0xFF,
    0xFF, 0xEF, 0x01, 0xF0, 0xFF, 0x10, 0xEA, 0xEF, 0x19, 0x00, 0x00, 0x50, 0xEB, 0xFF, 0xAE, 0x05,
    0x00, 0xFB, 0xFF, 0xFF, 0xFF, 0x0D, 0xA0, 0xFF, 0xFF, 0xFF, 0xFF, 0x07, 0xF3, 0xFF, 0x4E, 0x10,
    0xA4, 0x01, 0xF9, 0xFF, 0x06, 0x00, 0x00, 0x00, 0xFC, 0xFF, 0x01, 0x00, 0x00, 0x00, 0xFD, 0xFF,
    0x00, 0x00, 0x00, 0x00, 0xFD, 0xFF, 0x00, 0x00, 0x00, 0x00, 0xFC, 0xFF, 0x01, 0x00, 0x00, 0x00,
    0xF9, 0xFF, 0x06, 0x00, 0x00, 0x00, 0xF5, 0xFF, 0x5E, 0x00, 0x93, 0x09, 0xD0, 0xFF, 0xFF, 0xFF,
    0xFF, 0x0A, 0x20, 0xFD, 0xFF, 0xFF, 0xFF, 0x0A, 0x00, 0x70, 0xFC, 0xFF, 0x8D, 0x01, 0x00, 0x00,
    0x00, 0x00, 0xD0, 0xFF, 0x0E, 0x00, 0x00, 0x00, 0x00, 0xD0, 0xFF, 0x0E, 0x00, 0x00, 0x00, 0x00,
    0xD0, 0xFF, 0x0E, 0x00, 0x00, 0x00, 0x00, 0xD0, 0xFF, 0x0E, 0x00, 0x00, 0x00, 0x00, 0xD0, 0xFF,
    0x0E, 0x00, 0xA2, 0xFE, 0x8E, 0xC0, 0xFF, 0x0E, 0x30, 0xFF, 0xFF, 0xFF, 0xBD, 0xFF, 0x0E, 0xD0,
    0xFF, 0xFF, 0xFF, 0xFF, 0xFF, 0x0E, 0xF5, 0xFF, 0x4E, 0x20, 0xFB, 0xFF, 0x0E, 0xFA, 0xFF, 0x05,
    0x00, 0xF1, 0xFF, 0x0E, 0xFC, 0xFF, 0x00, 0x00, 0xB0, 0xFF, 0x0E, 0xFD, 0xEF, 0x00, 0x00, 0x90,
    0xFF, 0x0E, 0xFD, 0xEF, 0x00, 0x00, 0x90, 0xFF, 0x0E, 0xFC, 0xFF, 0x00, 0x00, 0xB0, 0xFF, 0x0E,
    0xFA, 0xFF, 0x05, 0x00, 0xE0, 0xFF, 0x0E, 0xF5, 0xFF, 0x3E, 0x10, 0xFA, 0xFF, 0x0E, 0xE0, 0xFF,
    0xFF, 0xFF, 0xFF, 0xFF, 0x0E, 0x30, 0xFF, 0xFF, 0xFF, 0x8B, 0xFF, 0x0E, 0x00, 0xA2, 0xFE, 0x7D,
    0x20, 0xFF, 0x0E, 0x00, 0x50, 0xEB, 0xFF, 0x6C, 0x00, 0x00, 0x00, 0xFB, 0xFF, 0xFF, 0xFF, 0x1C,
    0x00, 0xA0, 0xFF, 0xEF, 0xCA, 0xFF, 0xBF, 0x00, 0xF3, 0xFF, 0x0B, 0x00, 0xF7, 0xFF, 0x03, 0xF8,
    0xFF, 0x02, 0x00, 0xE0, 0xFF, 0x08, 0xFC, 0xFF, 0x77, 0x77, 0xE7, 0xFF, 0x0A, 0xFD, 0xFF, 0xFF,
    0xFF, 0xFF, 0xFF, 0x0B, 0xFD, 0xFF, 0xFF, 0xFF, 0xFF, 0xFF, 0x0B, 0xFC, 0xFF, 0x00, 0x00, 0x00,
    0x00, 0x00, 0xF9, 0xFF, 0x04, 0x00, 0x00, 0x00, 0x00, 0xF3, 0xFF, 0x3E, 0x00, 0x00, 0x94, 0x00,
    0x90, 0xFF, 0xFF, 0xCD, 0xFD, 0xEF, 0x00, 0x00, 0xF9, 0xFF, 0xFF, 0xFF, 0xEF, 0x00, 0x00, 0x30,
    0xD9, 0xFF, 0xDF, 0x39, 0x00, 0x00, 0x00, 0xD7, 0xFF, 0xCE, 0x06, 0x00, 0xB0, 0xFF, 0xFF, 0xFF,
    0x07, 0x00, 0xF3, 0xFF, 0xFF, 0xFF, 0x02, 0x00, 0xF6, 0xFF, 0x09, 0x20, 0x00, 0x00, 0xF7, 0xFF,
    0x04, 0x00, 0x00, 0x70, 0xFE, 0xFF, 0xFF, 0x8F, 0x00, 0xF8, 0xFF, 0xFF, 0xFF, 0x8F, 0x00, 0xC6,
    0xFE, 0xFF, 0xCD, 0x6C, 0x00, 0x00, 0xF7, 0xFF, 0x04, 0x00, 0x00, 0x00, 0xF7, 0xFF, 0x04, 0x00,
    0x00, 0x00, 0xF7, 0xFF, 0x04, 0x00, 0x00, 0x00, 0xF7, 0xFF, 0x04, 0x00, 0x00, 0x00, 0xF7, 0xFF,
    0x04, 0x00, 0x00, 0x00, 0xF7, 0xFF, 0x04, 0x00, 0x00, 0x00, 0xF7, 0xFF, 0x04, 0x00, 0x00, 0x00,
    0xF7, 0xFF, 0x04, 0x00, 0x00, 0x00, 0xF7, 0xFF, 0x04, 0x00, 0x00, 0x00, 0xF7, 0xFF, 0x04, 0x00,
    0x00, 0x00, 0xF7, 0xFF, 0x04, 0x00, 0x00, 0x00, 0x60, 0xEB, 0xFF, 0xBD, 0xBB, 0x9B, 0x00, 0xFB,
    0xFF, 0xFF, 0xFF, 0xFF, 0xDF, 0x70, 0xFF, 0x9F, 0x64, 0xFE, 0xEF, 0x38, 0xD0, 0xFF, 0x0D, 0x00,
    0xF6, 0xFF, 0x01, 0xE0, 0xFF, 0x0A, 0x00, 0xF4, 0xFF, 0x04, 0xC0, 0xFF, 0x0D, 0x00, 0xF7, 0xFF,
    0x03, 0x60, 0xFF, 0xAF, 0x64, 0xFF, 0xDF, 0x00, 0x00, 0xF9, 0xFF, 0xFF, 0xFF, 0x3E, 0x00, 0x00,
    0xE2, 0xFF, 0xFF, 0x8C, 0x01, 0x00, 0x10, 0xFE, 0x0D, 0x00, 0x00, 0x00, 0x00, 0x40, 0xFF, 0x2D,
    0x00, 0x00, 0x00, 0x00, 0x20, 0xFF, 0xFF, 0xFF, 0xFF, 0x9D, 0x01, 0x00, 0xF6, 0xFF, 0xFF, 0xFF,
    0xFF, 0x1E, 0x80, 0xFF, 0xFF, 0xFF, 0xFF, 0xFF, 0x7F, 0xF7, 0xDF, 0x03, 0x00, 0x30, 0xFE, 0xAF,
    0xFD, 0x5F, 0x00, 0x00, 0x00, 0xFA, 0x9F, 0xFE, 0x7F, 0x00, 0x00, 0x30, 0xFF, 0x6F, 0xFA, 0xFF,
    0x7A, 0x86, 0xFB, 0xFF, 0x0D, 0xD1, 0xFF, 0xFF, 0xFF, 0xFF, 0xCF, 0x01, 0x00, 0xC7, 0xFE, 0xEF,
    0x9C, 0x04, 0x00, 0xF0, 0xFF, 0x0A, 0x00, 0x00, 0x00, 0x00, 0xF0, 0xFF, 0x0A, 0x00, 0x00, 0x00,
    0x00, 0xF0, 0xFF, 0x0A, 0x00, 0x00, 0x00, 0x00, 0xF0, 0xFF, 0x0A, 0x00, 0x00, 0x00, 0x00, 0xF0,
    0xFF, 0x0A, 0x00, 0x00, 0x00, 0x00, 0xF0, 0xFF, 0x19, 0xE8, 0xFF, 0x5B, 0x00, 0xF0, 0xFF, 0xD9,
    0xFF, 0xFF, 0xFF, 0x07, 0xF0, 0xFF, 0xFF, 0xFF, 0xFF, 0xFF, 0x1F, 0xF0, 0xFF, 0xDF, 0x02, 0xD2,
    0xFF, 0x6F, 0xF0, 0xFF, 0x2F, 0x00, 0x60, 0xFF, 0x8F, 0xF0, 0xFF, 0x0D, 0x00, 0x30, 0xFF, 0x8F,
    0xF0, 0xFF, 0x0B, 0x00, 0x20, 0xFF, 0x8F, 0xF0, 0xFF, 0x0A, 0x00, 0x20, 0xFF, 0x8F, 0xF0, 0xFF,
    0x0A, 0x00, 0x20, 0xFF, 0x8F, 0xF0, 0xFF, 0x0A, 0x00, 0x20, 0xFF, 0x8F, 0xF0, 0xFF, 0x0A, 0x00,
    0x20, 0xFF, 0x8F, 0xF0, 0xFF, 0x0A, 0x00, 0x20, 0xFF, 0x8F, 0xF0, 0xFF, 0x0A, 0x00, 0x20, 0xFF,
    0x8F, 0xF0, 0xFF, 0x0A, 0x00, 0x20, 0xFF, 0x8F, 0x40, 0x9A, 0x02, 0xF1, 0xFF, 0x0B, 0xF2, 0xFF,
    0x0C, 0x90, 0xEF, 0x05, 0x00, 0x00, 0x00, 0x00, 0x00, 0x00, 0xF0, 0xFF, 0x0A, 0xF0, 0xFF, 0x0A,
    0xF0, 0xFF, 0x0A, 0xF0, 0xFF, 0x0A, 0xF0, 0xFF, 0x0A, 0xF0, 0xFF, 0x0A, 0xF0, 0xFF, 0x0A, 0xF0,
    0xFF, 0x0A, 0xF0, 0xFF, 0x0A, 0xF0, 0xFF, 0x0A, 0xF0, 0xFF, 0x0A, 0xF0, 0xFF, 0x0A, 0xF0, 0xFF,
    0x0A, 0xF0, 0xFF, 0x0A, 0x00, 0x00, 0xA4, 0x29, 0x00, 0x10, 0xFF, 0xBF, 0x00, 0x20, 0xFF, 0xCF,
    0x00, 0x00, 0xF9, 0x5E, 0x00, 0x00, 0x00, 0x00, 0x00, 0x00, 0x00, 0x00, 0x00, 0x00, 0xFF, 0xAF,
    0x00, 0x00, 0xFF, 0xAF, 0x00, 0x00, 0xFF, 0xAF, 0x00, 0x00, 0xFF, 0xAF, 0x00, 0x00, 0xFF, 0xAF,
    0x00, 0x00, 0xFF, 0xAF, 0x00, 0x00, 0xFF, 0xAF, 0x00, 0x00, 0xFF, 0xAF, 0x00, 0x00, 0xFF, 0xAF,
    0x00, 0x00, 0xFF, 0xAF, 0x00, 0x00, 0xFF, 0xAF, 0x00, 0x00, 0xFF, 0xAF, 0x00, 0x00, 0xFF, 0xAF,
    0x00, 0x00, 0xFF, 0xAF, 0x00, 0x00, 0xFF, 0xAF, 0x00, 0x10, 0xFF, 0xAF, 0x01, 0x90, 0xFF, 0x9F,
    0xF9, 0xFF, 0xFF, 0x4F, 0xF9, 0xFF, 0xFF, 0x0A, 0xE7, 0xFF, 0x7C, 0x00, 0xF0, 0xFF, 0x0A, 0x00,
    0x00, 0x00, 0x00, 0x00, 0xF0, 0xFF, 0x0A, 0x00, 0x00, 0x00, 0x00, 0x00, 0xF0, 0xFF, 0x0A, 0x00,
    0x00, 0x00, 0x00, 0x00, 0xF0, 0xFF, 0x0A, 0x00, 0x00, 0x00, 0x00, 0x00, 0xF0, 0xFF, 0x0A, 0x00,
    0x00, 0x00, 0x00, 0x00, 0xF0, 0xFF, 0x0A, 0x00, 0x70, 0xFF, 0xBF, 0x00, 0xF0, 0xFF, 0x0A, 0x00,
    0xF6, 0xFF, 0x0C, 0x00, 0xF0, 0xFF, 0x0A, 0x40, 0xFF, 0xDF, 0x01, 0x00, 0xF0, 0xFF, 0x0A, 0xF3,
    0xFF, 0x2E, 0x00, 0x00, 0xF0, 0xFF, 0x2A, 0xFE, 0xFF, 0x03, 0x00, 0x00, 0xF0, 0xFF, 0xC9, 0xFF,
    0x4F, 0x00, 0x00, 0x00, 0xF0, 0xFF, 0xFE, 0xFF, 0x1F, 0x00, 0x00, 0x00, 0xF0, 0xFF, 0xFF, 0xFF,
    0xCF, 0x00, 0x00, 0x00, 0xF0, 0xFF, 0xEF, 0xFB, 0xFF, 0x08, 0x00, 0x00, 0xF0, 0xFF, 0x1D, 0xD0,
    0xFF, 0x3F, 0x00, 0x00, 0xF0, 0xFF, 0x0A, 0x30, 0xFF, 0xEF, 0x01, 0x00, 0xF0, 0xFF, 0x0A, 0x00,
    0xF8, 0xFF, 0x0A, 0x00, 0xF0, 0xFF, 0x0A, 0x00, 0xD0, 0xFF, 0x6F, 0x00, 0xF0, 0xFF, 0x0A, 0x00,
    0x20, 0xFF, 0xFF, 0x02, 0xF0, 0xFF, 0x0A, 0xF0, 0xFF, 0x0A, 0xF0, 0xFF, 0x0A, 0xF0, 0xFF, 0x0A,
    0xF0, 0xFF, 0x0A, 0xF0, 0xFF, 0x0A, 0xF0, 0xFF, 0x0A, 0xF0, 0xFF, 0x0A, 0xF0, 0xFF, 0x0A, 0xF0,
    0xFF, 0x0A, 0xF0, 0xFF, 0x0A, 0xF0, 0xFF, 0x0A, 0xF0, 0xFF, 0x0A, 0xF0, 0xFF, 0x0A, 0xF0, 0xFF,
    0x0A, 0xF0, 0xFF, 0x0A, 0xF0, 0xFF, 0x0A, 0xF0, 0xFF, 0x0A, 0xF0, 0xFF, 0x0A, 0xF0, 0xEF, 0x20,
    0xE9, 0xEF, 0x3B, 0x00, 0xC6, 0xFF, 0x7D, 0x00, 0xF0, 0xFF, 0xF5, 0xFF, 0xFF, 0xFF, 0xA4, 0xFF,
    0xFF, 0xFF, 0x0B, 0xF0, 0xFF, 0xFF, 0xFF, 0xFF, 0xFF, 0xFF, 0xFF, 0xFF, 0xFF, 0x4F, 0xF0, 0xFF,
    0xCF, 0x02, 0xF5, 0xFF, 0xFF, 0x05, 0xC1, 0xFF, 0x8F, 0xF0, 0xFF, 0x1F, 0x00, 0xB0, 0xFF, 0x9F,
    0x00, 0x30, 0xFF, 0xAF, 0xF0, 0xFF, 0x0D, 0x00, 0x90, 0xFF, 0x5F, 0x00, 0x10, 0xFF, 0xBF, 0xF0,
    0xFF, 0x0B, 0x00, 0x80, 0xFF, 0x3F, 0x00, 0x00, 0xFF, 0xBF, 0xF0, 0xFF, 0x0A, 0x00, 0x80, 0xFF,
    0x2F, 0x00, 0x00, 0xFF, 0xBF, 0xF0, 0xFF, 0x0A, 0x00, 0x80, 0xFF, 0x2F, 0x00, 0x00, 0xFF, 0xBF,
    0xF0, 0xFF, 0x0A, 0x00, 0x80, 0xFF, 0x2F, 0x00, 0x00, 0xFF, 0xBF, 0xF0, 0xFF, 0x0A, 0x00, 0x80,
    0xFF, 0x2F, 0x00, 0x00, 0xFF, 0xBF, 0xF0, 0xFF, 0x0A, 0x00, 0x80, 0xFF, 0x2F, 0x00, 0x00, 0xFF,
    0xBF, 0xF0, 0xFF, 0x0A, 0x00, 0x80, 0xFF, 0x2F, 0x00, 0x00, 0xFF, 0xBF, 0xF0, 0xFF, 0x0A, 0x00,
    0x80, 0xFF, 0x2F, 0x00, 0x00, 0xFF, 0xBF, 0xF0, 0xEF, 0x10, 0xE9, 0xFF, 0x5B, 0x00, 0xF0, 0xFF,
    0xE5, 0xFF, 0xFF, 0xFF, 0x07, 0xF0, 0xFF, 0xFF, 0xFF, 0xFF, 0xFF, 0x1F, 0xF0, 0xFF, 0xCF, 0x02,
    0xD2, 0xFF, 0x6F, 0xF0, 0xFF, 0x2F, 0x00, 0x60, 0xFF, 0x8F, 0xF0, 0xFF, 0x0D, 0x00, 0x30, 0xFF,
    0x8F, 0xF0, 0xFF, 0x0B, 0x00, 0x20, 0xFF, 0x8F, 0xF0, 0xFF, 0x0A, 0x00, 0x20, 0xFF, 0x8F, 0xF0,
    0xFF, 0x0A, 0x00, 0x20, 0xFF, 0x8F, 0xF0, 0xFF, 0x0A, 0x00, 0x20, 0xFF, 0x8F, 0xF0, 0xFF, 0x0A,
    0x00, 0x20, 0xFF, 0x8F, 0xF0, 0xFF, 0x0A, 0x00, 0x20, 0xFF, 0x8F, 0xF0, 0xFF, 0x0A, 0x00, 0x20,
    0xFF, 0x8F, 0xF0, 0xFF, 0x0A, 0x00, 0x20, 0xFF, 0x8F, 0x00, 0x40, 0xEB, 0xFF, 0x7C, 0x01, 0x00,
    0x00, 0xFA, 0xFF, 0xFF, 0xFF, 0x3E, 0x00, 0xA0, 0xFF, 0xFF, 0xFF, 0xFF, 0xEF, 0x01, 0xF3, 0xFF,
    0x4E, 0x10, 0xF9, 0xFF, 0x0A, 0xF8, 0xFF, 0x05, 0x00, 0xD0, 0xFF, 0x0F, 0xFC, 0xFF, 0x00, 0x00,
    0x90, 0xFF, 0x3F, 0xFD, 0xFF, 0x00, 0x00, 0x70, 0xFF, 0x5F, 0xFD, 0xFF, 0x00, 0x00, 0x70, 0xFF,
    0x5F, 0xFC, 0xFF, 0x00, 0x00, 0x90, 0xFF, 0x3F, 0xF8, 0xFF, 0x05, 0x00, 0xD0, 0xFF, 0x0F, 0xF2,
    0xFF, 0x4E, 0x10, 0xF9, 0xFF, 0x0A, 0x90, 0xFF, 0xFF, 0xFF, 0xFF, 0xFF, 0x02, 0x00, 0xFA, 0xFF,
    0xFF, 0xFF, 0x4E, 0x00, 0x00, 0x40, 0xEA, 0xFF, 0x8C, 0x01, 0x00, 0xF0, 0xFF, 0x01, 0xE9, 0xEF,
    0x19, 0x00, 0xF0, 0xFF, 0xD6, 0xFF, 0xFF, 0xEF, 0x02, 0xF0, 0xFF, 0xFF, 0xFF, 0xFF, 0xFF, 0x0C,
    0xF0, 0xFF, 0xAF, 0x01, 0xF4, 0xFF, 0x3F, 0xF0, 0xFF, 0x0F, 0x00, 0x70, 0xFF, 0x7F, 0xF0, 0xFF,
    0x0C, 0x00, 0x30, 0xFF, 0x9F, 0xF0, 0xFF, 0x0A, 0x00, 0x10, 0xFF, 0xBF, 0xF0, 0xFF, 0x0B, 0x00,
    0x10, 0xFF, 0xAF, 0xF0, 0xFF, 0x0C, 0x00, 0x30, 0xFF, 0x9F, 0xF0, 0xFF, 0x1F, 0x00, 0x80, 0xFF,
    0x7F, 0xF0, 0xFF, 0xBF, 0x02, 0xF5, 0xFF, 0x2F, 0xF0, 0xFF, 0xFF, 0xFF, 0xFF, 0xFF, 0x0A, 0xF0,
    0xFF, 0xEB, 0xFF, 0xFF, 0xDF, 0x01, 0xF0, 0xFF, 0x1A, 0xEA, 0xEF, 0x18, 0x00, 0xF0, 0xFF, 0x0A,
    0x00, 0x00, 0x00, 0x00, 0xF0, 0xFF, 0x0A, 0x00, 0x00, 0x00, 0x00, 0xF0, 0xFF, 0x0A, 0x00, 0x00,
    0x00, 0x00, 0xF0, 0xFF, 0x0A, 0x00, 0x00, 0x00, 0x00, 0xF0, 0xFF, 0x0A, 0x00, 0x00, 0x00, 0x00,
    0xF0, 0xFF, 0x0A, 0x00, 0x00, 0x00, 0x00, 0x00, 0xA2, 0xFE, 0x8E, 0x50, 0xFF, 0x0E, 0x30, 0xFF,
    0xFF, 0xFF, 0x9D, 0xFF, 0x0E, 0xD0, 0xFF, 0xFF, 0xFF, 0xFF, 0xFF, 0x0E, 0xF5, 0xFF, 0x4E, 0x20,
    0xFB, 0xFF, 0x0E, 0xF9, 0xFF, 0x05, 0x00, 0xF1, 0xFF, 0x0E, 0xFC, 0xFF, 0x01, 0x00, 0xB0, 0xFF,
    0x0E, 0xFD, 0xFF, 0x00, 0x00, 0x90, 0xFF, 0x0E, 0xFD, 0xFF, 0x00, 0x00, 0x90, 0xFF, 0x0E, 0xFC,
    0xFF, 0x00, 0x00, 0xA0, 0xFF, 0x0E, 0xFA, 0xFF, 0x04, 0x00, 0xE0, 0xFF, 0x0E, 0xF5, 0xFF, 0x2D,
    0x00, 0xF9, 0xFF, 0x0E, 0xE0, 0xFF, 0xFF, 0xFF, 0xFF, 0xFF, 0x0E, 0x30, 0xFF, 0xFF, 0xFF, 0xCB,
    0xFF, 0x0E, 0x00, 0xA2, 0xFE, 0x8D, 0xD0, 0xFF, 0x0E, 0x00, 0x00, 0x00, 0x00, 0xD0, 0xFF, 0x0E,
    0x00, 0x00, 0x00, 0x00, 0xD0, 0xFF, 0x0E, 0x00, 0x00, 0x00, 0x00, 0xD0, 0xFF, 0x0E, 0x00, 0x00,
    0x00, 0x00, 0xD0, 0xFF, 0x0E, 0x00, 0x00, 0x00, 0x00, 0xD0, 0xFF, 0x0E, 0x00, 0x00, 0x00, 0x00,
    0xD0, 0xFF, 0x0E, 0xF0, 0xEF, 0x00, 0xD7, 0xCF, 0xF0, 0xFF, 0xA1, 0xFF, 0xBF, 0xF0, 0xFF, 0xFC,
    0xFF, 0xAF, 0xF0, 0xFF, 0xFF, 0x9E, 0x57, 0xF0, 0xFF, 0x9F, 0x00, 0x00, 0xF0, 0xFF, 0x0E, 0x00,
    0x00, 0xF0, 0xFF, 0x0B, 0x00, 0x00, 0xF0, 0xFF, 0x0A, 0x00, 0x00, 0xF0, 0xFF, 0x0A, 0x00, 0x00,
    0xF0, 0xFF, 0x0A, 0x00, 0x00, 0xF0, 0xFF, 0x0A, 0x00, 0x00, 0xF0, 0xFF, 0x0A, 0x00, 0x00, 0xF0,
    0xFF, 0x0A, 0x00, 0x00, 0xF0, 0xFF, 0x0A, 0x00, 0x00, 0x10, 0xC7, 0xFF, 0xDF, 0x49, 0x00, 0xE2,
    0xFF, 0xFF, 0xFF, 0xFF, 0x02, 0xFA, 0xFF, 0xCE, 0xFD, 0xBF, 0x00, 0xFD, 0xEF, 0x00, 0x20, 0x47,
    0x00, 0xFD, 0xFF, 0x07, 0x00, 0x00, 0x00, 0xF8, 0xFF, 0xEF, 0x18, 0x00, 0x00, 0xB0, 0xFF, 0xFF,
    0xFF, 0x09, 0x00, 0x00, 0xD6, 0xFF, 0xFF, 0xCF, 0x00, 0x00, 0x00, 0xC4, 0xFF, 0xFF, 0x04, 0x00,
    0x00, 0x00, 0xF8, 0xFF, 0x07, 0x59, 0x01, 0x00, 0xF5, 0xFF, 0x06, 0xFD, 0xDF, 0xCB, 0xFF, 0xFF,
    0x02, 0xFD, 0xFF, 0xFF, 0xFF, 0x6F, 0x00, 0xA4, 0xFD, 0xFF, 0xAD, 0x03, 0x00, 0x00, 0x70, 0xFF,
    0x01, 0x00, 0x00, 0x00, 0xD0, 0xFF, 0x01, 0x00, 0x00, 0x00, 0xF3, 0xFF, 0x01, 0x00, 0x00, 0x50,
    0xFE, 0xFF, 0xFF, 0xEF, 0x00, 0xF6, 0xFF, 0xFF, 0xFF, 0xEF, 0x00, 0xC5, 0xFE, 0xFF, 0xCC, 0xBC,
    0x00, 0x00, 0xFA, 0xFF, 0x01, 0x00, 0x00, 0x00, 0xFA, 0xFF, 0x01, 0x00, 0x00, 0x00, 0xFA, 0xFF,
    0x01, 0x00, 0x00, 0x00, 0xFA, 0xFF, 0x01, 0x00, 0x00, 0x00, 0xFA, 0xFF, 0x01, 0x00, 0x00, 0x00,
    0xFA, 0xFF, 0x01, 0x00, 0x00, 0x00, 0xFA, 0xFF, 0x01, 0x00, 0x00, 0x00, 0xF9, 0xFF, 0x07, 0x40,
    0x00, 0x00, 0xF5, 0xFF, 0xFF, 0xFF, 0x00, 0x00, 0xD0, 0xFF, 0xFF, 0xFF, 0x00, 0x00, 0x10, 0xE9,
    0xFF, 0x9D, 0x00, 0xF2, 0xFF, 0x09, 0x00, 0x40, 0xFF, 0x7F, 0xF2, 0xFF, 0x09, 0x00, 0x40, 0xFF,
    0x7F, 0xF2, 0xFF, 0x09, 0x00, 0x40, 0xFF, 0x7F, 0xF2, 0xFF, 0x09, 0x00, 0x40, 0xFF, 0x7F, 0xF2,
    0xFF, 0x09, 0x00, 0x40, 0xFF, 0x7F, 0xF2, 0xFF, 0x09, 0x00, 0x40, 0xFF, 0x7F, 0xF2, 0xFF, 0x09,
    0x00, 0x40, 0xFF, 0x7F, 0xF2, 0xFF, 0x09, 0x00, 0x40, 0xFF, 0x7F, 0xF2, 0xFF, 0x0A, 0x00, 0x60,
    0xFF, 0x7F, 0xF1, 0xFF, 0x0C, 0x00, 0xB0, 0xFF, 0x7F, 0xF0, 0xFF, 0x6F, 0x00, 0xF7, 0xFF, 0x7F,
    0xA0, 0xFF, 0xFF, 0xFF, 0xFF, 0xFF, 0x7F, 0x20, 0xFE, 0xFF, 0xFF, 0x8F, 0xFC, 0x7F, 0x00, 0x91,
    0xFE, 0xBF, 0x05, 0xF8, 0x7F, 0xFD, 0xFF, 0x01, 0x00, 0x00, 0xFD, 0xFF, 0x01, 0xF7, 0xFF, 0x06,
    0x00, 0x20, 0xFF, 0xAF, 0x00, 0xF1, 0xFF, 0x0B, 0x00, 0x70, 0xFF, 0x4F, 0x00, 0xB0, 0xFF, 0x1F,
    0x00, 0xD0, 0xFF, 0x0E, 0x00, 0x50, 0xFF, 0x6F, 0x00, 0xF2, 0xFF, 0x08, 0x00, 0x00, 0xFE, 0xBF,
    0x00, 0xF7, 0xFF, 0x02, 0x00, 0x00, 0xF9, 0xFF, 0x01, 0xFD, 0xCF, 0x00, 0x00, 0x00, 0xF3, 0xFF,
    0x26, 0xFF, 0x6F, 0x00, 0x00, 0x00, 0xD0, 0xFF, 0x7A, 0xFF, 0x1F, 0x00, 0x00, 0x00, 0x70, 0xFF,
    0xAE, 0xFF, 0x0B, 0x00, 0x00, 0x00, 0x10, 0xFF, 0xDF, 0xFF, 0x05, 0x00, 0x00, 0x00, 0x00, 0xFB,
    0xFF, 0xEF, 0x00, 0x00, 0x00, 0x00, 0x00, 0xF5, 0xFF, 0x9F, 0x00, 0x00, 0x00, 0x00, 0x00, 0xF0,
    0xFF, 0x3F, 0x00, 0x00, 0x00, 0xF9, 0xFF, 0x01, 0x00, 0xF7, 0xFF, 0x0E, 0x00, 0xA0, 0xFF, 0x0F,
    0xF5, 0xFF, 0x05, 0x00, 0xFB, 0xFF, 0x2F, 0x00, 0xE0, 0xFF, 0x0B, 0xF1, 0xFF, 0x09, 0x00, 0xFF,
    0xFF, 0x6F, 0x00, 0xF2, 0xFF, 0x07, 0xC0, 0xFF, 0x0D, 0x30, 0xFF, 0xFA, 0x9F, 0x00, 0xF6, 0xFF,
    0x02, 0x80, 0xFF, 0x1F, 0x70, 0xFF, 0xE4, 0xDF, 0x00, 0xFA, 0xEF, 0x00, 0x30, 0xFF, 0x5F, 0xB0,
    0xFF, 0xB1, 0xFF, 0x01, 0xFE, 0x9F, 0x00, 0x00, 0xFF, 0x9F, 0xF0, 0xDF, 0x70, 0xFF, 0x35, 0xFF,
    0x5F, 0x00, 0x00, 0xFA, 0xCF, 0xF2, 0x9F, 0x30, 0xFF, 0x68, 0xFF, 0x1F, 0x00, 0x00, 0xF6, 0xFF,
    0xF5, 0x6F, 0x00, 0xFF, 0x9B, 0xFF, 0x0C, 0x00, 0x00, 0xF1, 0xFF, 0xF9, 0x2F, 0x00, 0xFC, 0xBD,
    0xFF, 0x07, 0x00, 0x00, 0xD0, 0xFF, 0xFD, 0x0E, 0x00, 0xF9, 0xEF, 0xFF, 0x03, 0x00, 0x00, 0x90,
    0xFF, 0xFF, 0x0B, 0x00, 0xF5, 0xFF, 0xEF, 0x00, 0x00, 0x00, 0x40, 0xFF, 0xFF, 0x07, 0x00, 0xF2,
    0xFF, 0xAF, 0x00, 0x00, 0x00, 0x00, 0xFF, 0xFF, 0x03, 0x00, 0xE0, 0xFF, 0x5F, 0x00, 0x00, 0xF5,
    0xFF, 0x0D, 0x00, 0x60, 0xFF, 0xCF, 0x00, 0xA0, 0xFF, 0x7F, 0x00, 0xE1, 0xFF, 0x2F, 0x00, 0x10,
    0xFF, 0xFF, 0x01, 0xF9, 0xFF, 0x08, 0x00, 0x00, 0xF6, 0xFF, 0x3A, 0xFF, 0xDF, 0x00, 0x00, 0x00,
    0xC0, 0xFF, 0xEF, 0xFF, 0x3F, 0x00, 0x00, 0x00, 0x20, 0xFF, 0xFF, 0xFF, 0x09, 0x00, 0x00, 0x00,
    0x00, 0xF7, 0xFF, 0xEF, 0x00, 0x00, 0x00, 0x00, 0x00, 0xFA, 0xFF, 0xFF, 0x02, 0x00, 0x00, 0x00,
    0x50, 0xFF, 0xFF, 0xFF, 0x0C, 0x00, 0x00, 0x00, 0xE1, 0xFF, 0xAF, 0xFF, 0x6F, 0x00, 0x00, 0x00,
    0xF9, 0xFF, 0x17, 0xFE, 0xFF, 0x01, 0x00, 0x40, 0xFF, 0xDF, 0x00, 0xF6, 0xFF, 0x0B, 0x00, 0xD0,
    0xFF, 0x4F, 0x00, 0xC0, 0xFF, 0x5F, 0x00, 0xF8, 0xFF, 0x0A, 0x00, 0x30, 0xFF, 0xEF, 0x01, 0xFC,
    0xFF, 0x03, 0x00, 0x00, 0xFE, 0xFF, 0x01, 0xF6, 0xFF, 0x09, 0x00, 0x40, 0xFF, 0xAF, 0x00, 0xF0,
    0xFF, 0x0E, 0x00, 0x90, 0xFF, 0x4F, 0x00, 0xA0, 0xFF, 0x3F, 0x00, 0xE0, 0xFF, 0x0E, 0x00, 0x30,
    0xFF, 0x9F, 0x00, 0xF3, 0xFF, 0x09, 0x00, 0x00, 0xFD, 0xEF, 0x00, 0xF8, 0xFF, 0x03, 0x00, 0x00,
    0xF7, 0xFF, 0x03, 0xFD, 0xDF, 0x00, 0x00, 0x00, 0xF1, 0xFF, 0x38, 0xFF, 0x7F, 0x00, 0x00, 0x00,
    0xA0, 0xFF, 0x8D, 0xFF, 0x1F, 0x00, 0x00, 0x00, 0x40, 0xFF, 0xCF, 0xFF, 0x0B, 0x00, 0x00, 0x00,
    0x00, 0xFD, 0xFF, 0xFF, 0x05, 0x00, 0x00, 0x00, 0x00, 0xF7, 0xFF, 0xFF, 0x00, 0x00, 0x00, 0x00,
    0x00, 0xF1, 0xFF, 0xAF, 0x00, 0x00, 0x00, 0x00, 0x00, 0xB0, 0xFF, 0x4F, 0x00, 0x00, 0x00, 0x00,
    0x00, 0xD0, 0xFF, 0x0E, 0x00, 0x00, 0x00, 0x00, 0x00, 0xF4, 0xFF, 0x08, 0x00, 0x00, 0x00, 0x10,
    0x40, 0xFE, 0xFF, 0x01, 0x00, 0x00, 0x00, 0xF2, 0xFF, 0xFF, 0x8F, 0x00, 0x00, 0x00, 0x00, 0xF2,
    0xFF, 0xFF, 0x09, 0x00, 0x00, 0x00, 0x00, 0xE1, 0xFF, 0x5B, 0x00, 0x00, 0x00, 0x00, 0x00, 0xF0,
    0xFF, 0xFF, 0xFF, 0xFF, 0x3F, 0xF0, 0xFF, 0xFF, 0xFF, 0xFF, 0x3F, 0xC0, 0xDD, 0xDD, 0xFD, 0xFF,
    0x2F, 0x00, 0x00, 0x00, 0xF7, 0xFF, 0x07, 0x00, 0x00, 0x30, 0xFF, 0xCF, 0x00, 0x00, 0x00, 0xD0,
    0xFF, 0x1F, 0x00, 0x00, 0x00, 0xF9, 0xFF, 0x05, 0x00, 0x00, 0x40, 0xFF, 0xAF, 0x00, 0x00, 0x00,
    0xE1, 0xFF, 0x1E, 0x00, 0x00, 0x00, 0xFB, 0xFF, 0x04, 0x00, 0x00, 0x60, 0xFF, 0x8F, 0x00, 0x00,
    0x00, 0xF2, 0xFF, 0xDF, 0xDD, 0xDD, 0x6D, 0xF5, 0xFF, 0xFF, 0xFF, 0xFF, 0x7F, 0xF5, 0xFF, 0xFF,
    0xFF, 0xFF, 0x7F, 0x00, 0x00, 0xA2, 0xFD, 0x0D, 0x00, 0x20, 0xFF, 0xFF, 0x0D, 0x00, 0x60, 0xFF,
    0xFF, 0x0A, 0x00, 0x80, 0xFF, 0x1E, 0x00, 0x00, 0x80, 0xFF, 0x0B, 0x00, 0x00, 0x80, 0xFF, 0x0B,
    0x00, 0x00, 0x80, 0xFF, 0x0B, 0x00, 0x00, 0x90, 0xFF, 0x0B, 0x00, 0x00, 0xF5, 0xFF, 0x0A, 0x00,
    0xF9, 0xFF, 0xEF, 0x02, 0x00, 0xFA, 0xFF, 0x09, 0x00, 0x00, 0xFA, 0xFF, 0xCF, 0x01, 0x00, 0x10,
    0xF7, 0xFF, 0x08, 0x00, 0x00, 0xA0, 0xFF, 0x0B, 0x00, 0x00, 0x80, 0xFF, 0x0B, 0x00, 0x00, 0x80,
    0xFF, 0x0B, 0x00, 0x00, 0x80, 0xFF, 0x0B, 0x00, 0x00, 0x80, 0xFF, 0x0B, 0x00, 0x00, 0x70, 0xFF,
    0x1E, 0x00, 0x00, 0x60, 0xFF, 0xFF, 0x0A, 0x00, 0x10, 0xFE, 0xFF, 0x0D, 0x00, 0x00, 0x92, 0xFD,
    0x0D, 0xF7, 0x3F, 0xF7, 0x3F, 0xF7, 0x3F, 0xF7, 0x3F, 0xF7, 0x3F, 0xF7, 0x3F, 0xF7, 0x3F, 0xF7,
    0x3F, 0xF7, 0x3F, 0xF7, 0x3F, 0xF7, 0x3F, 0xF7, 0x3F, 0xF7, 0x3F, 0xF7, 0x3F, 0xF7, 0x3F, 0xF7,
    0x3F, 0xF7, 0x3F, 0xF7, 0x3F, 0xF7, 0x3F, 0xF7, 0x3F, 0xF7, 0x3F, 0xF7, 0x3F, 0xF7, 0x3F, 0xF7,
    0x3F, 0xF7, 0x3F, 0xFF, 0x9D, 0x01, 0x00, 0x00, 0xFF, 0xFF, 0x0E, 0x00, 0x00, 0xFC, 0xFF, 0x4F,
    0x00, 0x00, 0x20, 0xFF, 0x5F, 0x00, 0x00, 0x00, 0xFE, 0x5F, 0x00, 0x00, 0x00, 0xFE, 0x5F, 0x00,
    0x00, 0x00, 0xFE, 0x5F, 0x00, 0x00, 0x00, 0xFE, 0x6F, 0x00, 0x00, 0x00, 0xFC, 0xEF, 0x03, 0x00,
    0x00, 0xF4, 0xFF, 0xFF, 0x07, 0x00, 0x10, 0xFA, 0xFF, 0x07, 0x00, 0xD2, 0xFF, 0xFF, 0x07, 0x00,
    0xFB, 0xFF, 0x15, 0x00, 0x00, 0xFD, 0x7F, 0x00, 0x00, 0x00, 0xFE, 0x5F, 0x00, 0x00, 0x00, 0xFE,
    0x5F, 0x00, 0x00, 0x00, 0xFE, 0x5F, 0x00, 0x00, 0x00, 0xFE, 0x5F, 0x00, 0x00, 0x20, 0xFF, 0x5F,
    0x00, 0x00, 0xFC, 0xFF, 0x3F, 0x00, 0x00, 0xFF, 0xFF, 0x0D, 0x00, 0x00, 0xFF, 0x8D, 0x01, 0x00,
    0x00, 0xB3, 0xFF, 0xAE, 0x05, 0x00, 0x70, 0x03, 0xFE, 0xFF, 0xFF, 0xFF, 0xBB, 0xFE, 0x03, 0xFE,
    0xBB, 0xFE, 0xFF, 0xFF, 0xFF, 0x03, 0x19, 0x00, 0x30, 0xD9, 0xFF, 0x5C, 0x00, 0xC1, 0xCF, 0x02,
    0xF8, 0xFF, 0x0A, 0xF8, 0xFF, 0x0A, 0xE2, 0xFF, 0x03, 0x00, 0x02, 0x00, 0x00, 0x00, 0x00, 0x00,
    0x00, 0x00, 0xF0, 0xFF, 0x00, 0xF0, 0xFF, 0x01, 0xF1, 0xFF, 0x02, 0xF2, 0xFF, 0x03, 0xF3, 0xFF,
    0x04, 0xF3, 0xFF, 0x05, 0xF4, 0xFF, 0x05, 0xF5, 0xFF, 0x06, 0xF6, 0xFF, 0x07, 0xF7, 0xFF, 0x08,
    0xF8, 0xFF, 0x09, 0xF8, 0xFF, 0x0A, 0x00, 0x00, 0x20, 0xFF, 0x00, 0x00, 0x00, 0x00, 0x20, 0xFF,
    0x00, 0x00, 0x00, 0x20, 0xD9, 0xFF, 0xDF, 0x29, 0x00, 0xF5, 0xFF, 0xFF, 0xFF, 0x7F, 0x30, 0xFF,
    0xFF, 0xFF, 0xFF, 0x1F, 0xA0, 0xFF, 0xBF, 0x01, 0x51, 0x08, 0xF0, 0xFF, 0x0F, 0x00, 0x00, 0x00,
    0xF2, 0xFF, 0x0B, 0x00, 0x00, 0x00, 0xF3, 0xFF, 0x09, 0x00, 0x00, 0x00, 0xF3, 0xFF, 0x09, 0x00,
    0x00, 0x00, 0xF2, 0xFF, 0x0B, 0x00, 0x00, 0x00, 0xF0, 0xFF, 0x1F, 0x00, 0x00, 0x00, 0xA0, 0xFF,
    0xCF, 0x03, 0x41, 0x4A, 0x30, 0xFF, 0xFF, 0xFF, 0xFF, 0x4F, 0x00, 0xF5, 0xFF, 0xFF, 0xFF, 0x4F,
    0x00, 0x20, 0xD8, 0xFF, 0xCF, 0x07, 0x00, 0x00, 0x20, 0xFF, 0x00, 0x00, 0x00, 0x00, 0x20, 0xFF,
    0x00, 0x00, 0x00, 0x00, 0xB4, 0xFE, 0xDF, 0x49, 0x00, 0x00, 0x90, 0xFF, 0xFF, 0xFF, 0xFF, 0x01,
    0x00, 0xF4, 0xFF, 0xFF, 0xFF, 0xBF, 0x00, 0x00, 0xFA, 0xFF, 0x18, 0x41, 0x49, 0x00, 0x00, 0xFC,
    0xFF, 0x00, 0x00, 0x00, 0x00, 0x00, 0xFC, 0xEF, 0x00, 0x00, 0x00, 0x00, 0x00, 0xFC, 0xEF, 0x00,
    0x00, 0x00, 0x00, 0xAA, 0xFE, 0xFF, 0xAA, 0xAA, 0x04, 0x00, 0xFF, 0xFF, 0xFF, 0xFF, 0xFF, 0x07,
    0x00, 0xFF, 0xFF, 0xFF, 0xFF, 0xFF, 0x07, 0x00, 0x00, 0xFC, 0xEF, 0x00, 0x00, 0x00, 0x00, 0x00,
    0xFC, 0xEF, 0x00, 0x00, 0x00, 0x00, 0x00, 0xFD, 0xCF, 0x00, 0x00, 0x00, 0x00, 0x20, 0xFF, 0x7F,
    0x00, 0x00, 0x00, 0x00, 0xE4, 0xFF, 0x2A, 0x22, 0x22, 0x22, 0x02, 0xFF, 0xFF, 0xFF, 0xFF, 0xFF,
    0xFF, 0x0C, 0xFF, 0xFF, 0xFF, 0xFF, 0xFF, 0xFF, 0x0C, 0xFF, 0xFF, 0xFF, 0xFF, 0xFF, 0xFF, 0x0C,
    0x50, 0x09, 0x00, 0x00, 0x60, 0x09, 0xF4, 0xAF, 0xFB, 0xCF, 0xF8, 0x9F, 0xD1, 0xFF, 0xFF, 0xFF,
    0xFF, 0x3F, 0x30, 0xFF, 0xAF, 0xE9, 0xFF, 0x07, 0x70, 0xFF, 0x05, 0x20, 0xFE, 0x0C, 0xA0, 0xEF,
    0x00, 0x00, 0xF9, 0x0E, 0xA0, 0xEF, 0x00, 0x00, 0xF9, 0x0F, 0x70, 0xFF, 0x05, 0x10, 0xFE, 0x0C,
    0x30, 0xFF, 0xAF, 0xE9, 0xFF, 0x07, 0xD1, 0xFF, 0xFF, 0xFF, 0xFF, 0x3F, 0xF4, 0xAF, 0xFB, 0xCF,
    0xF9, 0x8F, 0x50, 0x09, 0x00, 0x00, 0x60, 0x09, 0x00, 0x00, 0x00, 0x00, 0x00, 0x00, 0xFA, 0xFF,
    0x02, 0x00, 0x00, 0xFD, 0xEF, 0x00, 0xF2, 0xFF, 0x09, 0x00, 0x50, 0xFF, 0x6F, 0x00, 0x90, 0xFF,
    0x1F, 0x00, 0xC0, 0xFF, 0x0D, 0x00, 0x20, 0xFF, 0x8F, 0x00, 0xF3, 0xFF, 0x05, 0x00, 0x00, 0xF9,
    0xEF, 0x00, 0xFB, 0xCF, 0x00, 0x00, 0x00, 0xF1, 0xFF, 0x26, 0xFF, 0x4F, 0x00, 0x00, 0x00, 0x80,
    0xFF, 0xAD, 0xFF, 0x0B, 0x00, 0x00, 0x00, 0x10, 0xFF, 0xFF, 0xFF, 0x03, 0x00, 0x00, 0x00, 0x21,
    0xF9, 0xFF, 0xCF, 0x22, 0x00, 0x00, 0x00, 0xFA, 0xFF, 0xFF, 0xFF, 0xEF, 0x00, 0x00, 0x00, 0xFA,
    0xFF, 0xFF, 0xFF, 0xEF, 0x00, 0x00, 0x00, 0x00, 0xA0, 0xFF, 0x0E, 0x00, 0x00, 0x00, 0x00, 0x00,
    0xA0, 0xFF, 0x0E, 0x00, 0x00, 0x00, 0x00, 0xFA, 0xFF, 0xFF, 0xFF, 0xEF, 0x00, 0x00, 0x00, 0xFA,
    0xFF, 0xFF, 0xFF, 0xEF, 0x00, 0x00, 0x00, 0x21, 0xB2, 0xFF, 0x2E, 0x22, 0x00, 0x00, 0x00, 0x00,
    0xA0, 0xFF, 0x0E, 0x00, 0x00, 0x00, 0x00, 0x00, 0xA0, 0xFF, 0x0E, 0x00, 0x00, 0x00, 0xF7, 0x3F,
    0xF7, 0x3F, 0xF7, 0x3F, 0xF7, 0x3F, 0xF7, 0x3F, 0xF7, 0x3F, 0xF7, 0x3F, 0xF7, 0x3F, 0xF7, 0x3F,
    0xF6, 0x3F, 0x00, 0x00, 0x00, 0x00, 0x00, 0x00, 0x00, 0x00, 0x00, 0x00, 0xF6, 0x3F, 0xF7, 0x3F,
    0xF7, 0x3F, 0xF7, 0x3F, 0xF7, 0x3F, 0xF7, 0x3F, 0xF7, 0x3F, 0xF7, 0x3F, 0xF7, 0x3F, 0xF7, 0x3F,
    0x00, 0xC6, 0xFF, 0xCE, 0x17, 0xB0, 0xFF, 0xFF, 0xFF, 0xAF, 0xF5, 0xDF, 0x56, 0xC7, 0x3F, 0xF8,
    0x8F, 0x00, 0x00, 0x02, 0xF5, 0xEF, 0x05, 0x00, 0x00, 0xB0, 0xFF, 0xDF, 0x07, 0x00, 0x50, 0xFF,
    0xFF, 0xEF, 0x04, 0xF1, 0xDF, 0xB5, 0xFF, 0x4F, 0xF7, 0x4F, 0x00, 0xF6, 0xCF, 0xF7, 0x5F, 0x00,
    0xE0, 0xEF, 0xF4, 0xFF, 0x06, 0xF1, 0xCF, 0xA0, 0xFF, 0xDF, 0xFC, 0x6F, 0x00, 0xE6, 0xFF, 0xFF,
    0x0B, 0x00, 0x00, 0xC5, 0xFF, 0x6F, 0x00, 0x00, 0x00, 0xF7, 0xDF, 0x03, 0x00, 0x00, 0xF2, 0xEF,
    0xFB, 0x6A, 0x65, 0xFC, 0xAF, 0xFB, 0xFF, 0xFF, 0xFF, 0x1D, 0x82, 0xFD, 0xFF, 0x7C, 0x00, 0x20,
    0x03, 0x00, 0x32, 0x00, 0xF5, 0x9F, 0x60, 0xFF, 0x08, 0xF9, 0xCF, 0xA0, 0xFF, 0x0C, 0xE3, 0x5F,
    0x40, 0xEE, 0x05, 0x00, 0x00, 0x20, 0xC8, 0xFF, 0xCE, 0x18, 0x00, 0x00, 0x00, 0x00, 0x10, 0xFA,
    0xCF, 0x9A, 0xEA, 0xFF, 0x08, 0x00, 0x00, 0x00, 0xD1, 0x9F, 0x02, 0x00, 0x00, 0xC3, 0xCF, 0x00,
    0x00, 0x00, 0xFD, 0x04, 0x70, 0xFD, 0xCF, 0x06, 0xF9, 0x0B, 0x00, 0x90, 0x5F, 0x00, 0xFB, 0xDF,
    0xFD, 0x0A, 0xA0, 0x6F, 0x00, 0xF1, 0x0B, 0x70, 0xDF, 0x02, 0x20, 0x02, 0x10, 0xEF, 0x00, 0xF6,
    0x05, 0xE0, 0x4F, 0x00, 0x00, 0x00, 0x00, 0xF9, 0x03, 0xFA, 0x01, 0xF2, 0x0F, 0x00, 0x00, 0x00,
    0x00, 0xF5, 0x07, 0xFC, 0x00, 0xF4, 0x0D, 0x00, 0x00, 0x00, 0x00, 0xF3, 0x08, 0xFC, 0x00, 0xF4,
    0x0D, 0x00, 0x00, 0x00, 0x00, 0xF3, 0x08, 0xFA, 0x01, 0xF2, 0x0E, 0x00, 0x00, 0x00, 0x00, 0xF5,
    0x07, 0xF7, 0x05, 0xE0, 0x3F, 0x00, 0x00, 0x00, 0x00, 0xF9, 0x04, 0xF2, 0x0B, 0x80, 0xCF, 0x01,
    0x00, 0x01, 0x10, 0xEF, 0x00, 0xA0, 0x5F, 0x00, 0xFD, 0xCF, 0xFC, 0x08, 0xA0, 0x7F, 0x00, 0x10,
    0xFE, 0x04, 0x80, 0xFD, 0xCF, 0x04, 0xF8, 0x0C, 0x00, 0x00, 0xE3, 0x9F, 0x02, 0x00, 0x00, 0xC4,
    0xDF, 0x01, 0x00, 0x00, 0x20, 0xFB, 0xDF, 0x9A, 0xEB, 0xFF, 0x09, 0x00, 0x00, 0x00, 0x00, 0x30,
    0xD9, 0xFF, 0xCE, 0x28, 0x00, 0x00, 0x00, 0x30, 0xD9, 0xFF, 0x3C, 0x00, 0xB0, 0xFF, 0xFE, 0xEF,
    0x01, 0x30, 0x06, 0x20, 0xFF, 0x06, 0x00, 0x73, 0x98, 0xFF, 0x07, 0xB0, 0xFF, 0xEF, 0xFF, 0x08,
    0xF5, 0x6F, 0x00, 0xFF, 0x08, 0xF6, 0x2F, 0x60, 0xFF, 0x08, 0xF2, 0xFF, 0xFE, 0xFD, 0x08, 0x60,
    0xFD, 0x6D, 0xF4, 0x08, 0x00, 0x10, 0x7C, 0x00, 0x00, 0x9B, 0x01, 0x00, 0xB0, 0xFF, 0x0D, 0x90,
    0xFF, 0x1F, 0x00, 0xF9, 0xFF, 0x05, 0xF6, 0xFF, 0x07, 0x60, 0xFF, 0x7F, 0x40, 0xFF, 0xAF, 0x00,
    0xF4, 0xFF, 0x0A, 0xF2, 0xFF, 0x0C, 0x00, 0xFE, 0xFF, 0x00, 0xFB, 0xFF, 0x02, 0x00, 0xF4, 0xFF,
    0x0A, 0xF2, 0xFF, 0x0C, 0x00, 0x70, 0xFF, 0x7F, 0x40, 0xFF, 0xAF, 0x00, 0x00, 0xF9, 0xFF, 0x05,
    0xF6, 0xFF, 0x07, 0x00, 0xB0, 0xFF, 0x0D, 0x90, 0xFF, 0x1F, 0x00, 0x10, 0x7C, 0x00, 0x00, 0x9B,
    0x01, 0xFE, 0xFF, 0xFF, 0xFF, 0xFF, 0xFF, 0x03, 0xFE, 0xFF, 0xFF, 0xFF, 0xFF, 0xFF, 0x03, 0xA9,
    0xAA, 0xAA, 0xAA, 0xDA, 0xFF, 0x03, 0x00, 0x00, 0x00, 0x00, 0x70, 0xFF, 0x03, 0x00, 0x00, 0x00,
    0x00, 0x70, 0xFF, 0x03, 0x00, 0x00, 0x00, 0x00, 0x70, 0xFF, 0x03, 0x00, 0x00, 0x00, 0x00, 0x70,
    0xFF, 0x03, 0x10, 0x11, 0x11, 0x01, 0xF4, 0xFF, 0xFF, 0x4F, 0xF4, 0xFF, 0xFF, 0x4F, 0xF4, 0xFF,
    0xFF, 0x4F, 0x00, 0x00, 0x20, 0xC8, 0xFF, 0xCE, 0x18, 0x00, 0x00, 0x00, 0x00, 0x10, 0xFA, 0xCF,
    0x9A, 0xEA, 0xFF, 0x08, 0x00, 0x00, 0x00, 0xD1, 0x9F, 0x02, 0x00, 0x00, 0xC3, 0xCF, 0x00, 0x00,
    0x00, 0xFD, 0x04, 0x00, 0x00, 0x00, 0x00, 0xF9, 0x0B, 0x00, 0x90, 0x5F, 0x20, 0xFF, 0xFF, 0x9E,
    0x01, 0xA0, 0x6F, 0x00, 0xF1, 0x0B, 0x20, 0xFF, 0xBB, 0xFF, 0x0B, 0x10, 0xEF, 0x00, 0xF6, 0x05,
    0x20, 0xEF, 0x00, 0xF1, 0x1F, 0x00, 0xF9, 0x03, 0xFA, 0x01, 0x20, 0xEF, 0x00, 0xF0, 0x1F, 0x00,
    0xF5, 0x07, 0xFC, 0x00, 0x20, 0xEF, 0x55, 0xFB, 0x0A, 0x00, 0xF3, 0x08, 0xFC, 0x00, 0x20, 0xFF,
    0xFF, 0x8F, 0x00, 0x00, 0xF3, 0x08, 0xFA, 0x01, 0x20, 0xEF, 0x73, 0xCF, 0x00, 0x00, 0xF5, 0x07,
    0xF7, 0x05, 0x20, 0xEF, 0x00, 0xFC, 0x06, 0x00, 0xF9, 0x04, 0xF2, 0x0B, 0x20, 0xEF, 0x00, 0xF2,
    0x2F, 0x10, 0xEF, 0x00, 0xA0, 0x5F, 0x20, 0xEF, 0x00, 0x80, 0xBF, 0xA0, 0x7F, 0x00, 0x10, 0xFE,
    0x04, 0x00, 0x00, 0x00, 0x00, 0xF8, 0x0C, 0x00, 0x00, 0xE3, 0x9F, 0x02, 0x00, 0x00, 0xC4, 0xDF,
    0x01, 0x00, 0x00, 0x20, 0xFB, 0xDF, 0x9A, 0xEB, 0xFF, 0x09, 0x00, 0x00, 0x00, 0x00, 0x30, 0xD9,
    0xFF, 0xCE, 0x28, 0x00, 0x00, 0x00, 0x70, 0x77, 0x77, 0x77, 0x77, 0x77, 0x47, 0xF1, 0xFF, 0xFF,
    0xFF, 0xFF, 0xFF, 0x9F, 0xF1, 0xFF, 0xFF, 0xFF, 0xFF, 0xFF, 0x9F, 0x00, 0xA2, 0xFE, 0x8D, 0x00,
    0x20, 0xFF, 0xFF, 0xFF, 0x0C, 0xB0, 0xFF, 0x58, 0xFA, 0x6F, 0xF0, 0x8F, 0x00, 0xD0, 0xAF, 0xF0,
    0x8F, 0x00, 0xD0, 0xAF, 0xB0, 0xFF, 0x58, 0xFA, 0x6F, 0x30, 0xFF, 0xFF, 0xFF, 0x0C, 0x00, 0xA2,
    0xFE, 0x8D, 0x00, 0x00, 0x00, 0x71, 0x37, 0x00, 0x00, 0x00, 0x00, 0x00, 0xF3, 0x7F, 0x00, 0x00,
    0x00, 0x00, 0x00, 0xF3, 0x7F, 0x00, 0x00, 0x00, 0x00, 0x00, 0xF3, 0x7F, 0x00, 0x00, 0x00, 0x00,
    0x00, 0xF3, 0x7F, 0x00, 0x00, 0x00, 0xA9, 0xAA, 0xFB, 0xDF, 0xAA, 0xAA, 0x02, 0xFE, 0xFF, 0xFF,
    0xFF, 0xFF, 0xFF, 0x03, 0xFE, 0xFF, 0xFF, 0xFF, 0xFF, 0xFF, 0x03, 0x00, 0x00, 0xF3, 0x7F, 0x00,
    0x00, 0x00, 0x00, 0x00, 0xF3, 0x7F, 0x00, 0x00, 0x00, 0x00, 0x00, 0xF3, 0x7F, 0x00, 0x00, 0x00,
    0x00, 0x00, 0xF3, 0x7F, 0x00, 0x00, 0x00, 0x00, 0x00, 0xB2, 0x5B, 0x00, 0x00, 0x00, 0xA9, 0xAA,
    0xAA, 0xAA, 0xAA, 0xAA, 0x02, 0xFE, 0xFF, 0xFF, 0xFF, 0xFF, 0xFF, 0x03, 0xFE, 0xFF, 0xFF, 0xFF,
    0xFF, 0xFF, 0x03, 0x20, 0xE9, 0xEF, 0x1A, 0x00, 0xF2, 0xFF, 0xFF, 0xDF, 0x00, 0xA0, 0x8F, 0xE6,
    0xFF, 0x03, 0x00, 0x02, 0xB0, 0xFF, 0x03, 0x00, 0x00, 0xF1, 0xFF, 0x00, 0x00, 0x00, 0xFC, 0x6F,
    0x00, 0x00, 0xC0, 0xFF, 0x07, 0x00, 0x10, 0xFC, 0x7F, 0x00, 0x00, 0xC1, 0xFF, 0x7C, 0x77, 0x04,
    0xF5, 0xFF, 0xFF, 0xFF, 0x09, 0xF5, 0xFF, 0xFF, 0xFF, 0x09, 0x20, 0xEA, 0xEF, 0x1A, 0x00, 0xF1,
    0xFF, 0xFF, 0xDF, 0x00, 0x60, 0x4B, 0xB2, 0xFF, 0x01, 0x00, 0x00, 0xB0, 0xDF, 0x00, 0x00, 0xF9,
    0xFF, 0x1A, 0x00, 0x00, 0xFA, 0xFF, 0x5E, 0x00, 0x00, 0x00, 0xA1, 0xFF, 0x03, 0x00, 0x00, 0x40,
    0xFF, 0x07, 0xC4, 0x15, 0xA1, 0xFF, 0x05, 0xF4, 0xFF, 0xFF, 0xDF, 0x00, 0x80, 0xFD, 0xEF, 0x19,
    0x00, 0x00, 0xF7, 0xFF, 0x0B, 0x30, 0xFF, 0xAF, 0x00, 0xE1, 0xFF, 0x07, 0x00, 0xFC, 0x4E, 0x00,
    0x00, 0xF0, 0xFF, 0x0A, 0x00, 0x20, 0xFF, 0x8F, 0xF0, 0xFF, 0x0A, 0x00, 0x20, 0xFF, 0x8F, 0xF0,
    0xFF, 0x0A, 0x00, 0x20, 0xFF, 0x8F, 0xF0, 0xFF, 0x0A, 0x00, 0x20, 0xFF, 0x8F, 0xF0, 0xFF, 0x0A,
    0x00, 0x20, 0xFF, 0x8F, 0xF0, 0xFF, 0x0A, 0x00, 0x20, 0xFF, 0x8F, 0xF0, 0xFF, 0x0A, 0x00, 0x20,
    0xFF, 0x8F, 0xF0, 0xFF, 0x0A, 0x00, 0x30, 0xFF, 0x8F, 0xF0, 0xFF, 0x0B, 0x00, 0x50, 0xFF, 0x8F,
    0xF0, 0xFF, 0x0D, 0x00, 0xA0, 0xFF, 0x8F, 0xF0, 0xFF, 0x7F, 0x00, 0xF6, 0xFF, 0x8F, 0xF0, 0xFF,
    0xFF, 0xFF, 0xFF, 0xFF, 0x8F, 0xF0, 0xFF, 0xFF, 0xFF, 0xAF, 0xFA, 0x8F, 0xF0, 0xFF, 0x9A, 0xFF,
    0x09, 0xF6, 0x8F, 0xF0, 0xFF, 0x0A, 0x00, 0x00, 0x00, 0x00, 0xF0, 0xFF, 0x0A, 0x00, 0x00, 0x00,
    0x00, 0xF0, 0xFF, 0x0A, 0x00, 0x00, 0x00, 0x00, 0xF0, 0xFF, 0x0A, 0x00, 0x00, 0x00, 0x00, 0xF0,
    0xFF, 0x0A, 0x00, 0x00, 0x00, 0x00, 0xF0, 0xFF, 0x0A, 0x00, 0x00, 0x00, 0x00, 0x00, 0xA2, 0xFE,
    0xFF, 0xFF, 0xFF, 0x4F, 0x40, 0xFF, 0xFF, 0xFF, 0xFF, 0xFF, 0x4F, 0xE0, 0xFF, 0xFF, 0xFF, 0x9F,
    0xD7, 0x4F, 0xF5, 0xFF, 0xFF, 0xFF, 0x4F, 0xB0, 0x4F, 0xF8, 0xFF, 0xFF, 0xFF, 0x4F, 0xB0, 0x4F,
    0xF9, 0xFF, 0xFF, 0xFF, 0x4F, 0xB0, 0x4F, 0xF9, 0xFF, 0xFF, 0xFF, 0x4F, 0xB0, 0x4F, 0xF8, 0xFF,
    0xFF, 0xFF, 0x4F, 0xB0, 0x4F, 0xF5, 0xFF, 0xFF, 0xFF, 0x4F, 0xB0, 0x4F, 0xF0, 0xFF, 0xFF, 0xFF,
    0x4F, 0xB0, 0x4F, 0x50, 0xFF, 0xFF, 0xFF, 0x4F, 0xB0, 0x4F, 0x00, 0xB3, 0xFE, 0xFE, 0x4F, 0xB0,
    0x4F, 0x00, 0x00, 0x00, 0xB0, 0x4F, 0xB0, 0x4F, 0x00, 0x00, 0x00, 0xB0, 0x4F, 0xB0, 0x4F, 0x00,
    0x00, 0x00, 0xB0, 0x4F, 0xB0, 0x4F, 0x00, 0x00, 0x00, 0xB0, 0x4F, 0xB0, 0x4F, 0x00, 0x00, 0x00,
    0xB0, 0x4F, 0xB0, 0x4F, 0x00, 0x00, 0x00, 0xB0, 0x4F, 0xB0, 0x4F, 0x00, 0x00, 0x00, 0xB0, 0x4F,
    0xB0, 0x4F, 0x00, 0x00, 0x00, 0xB0, 0x4F, 0xB0, 0x4F, 0x00, 0x00, 0x00, 0xB0, 0x4F, 0xB0, 0x4F,
    0x00, 0x00, 0x00, 0xB0, 0x4F, 0xB0, 0x4F, 0x00, 0x02, 0x00, 0xE2, 0xFF, 0x04, 0xF8, 0xFF, 0x0A,
    0xF8, 0xFF, 0x0A, 0xC1, 0xCF, 0x02, 0x20, 0xFF, 0x05, 0x00, 0xA0, 0xFF, 0x6F, 0x00, 0x00, 0xF4,
    0xFF, 0x00, 0x21, 0xE1, 0xFF, 0x01, 0xF7, 0xFF, 0xCF, 0x00, 0xF5, 0xEF, 0x1A, 0x00, 0x00, 0xB1,
    0xFF, 0x02, 0x30, 0xFE, 0xFF, 0x02, 0xF5, 0xFF, 0xFF, 0x02, 0xF6, 0xBA, 0xFF, 0x02, 0x40, 0xC0,
    0xFF, 0x02, 0x00, 0xC0, 0xFF, 0x02, 0x00, 0xC0, 0xFF, 0x02, 0x00, 0xC0, 0xFF, 0x02, 0x00, 0xC0,
    0xFF, 0x02, 0x00, 0xC0, 0xFF, 0x02, 0x00, 0xC0, 0xFF, 0x02, 0x00, 0xD5, 0xFF, 0x2B, 0x00, 0x60,
    0xFF, 0xFF, 0xEF, 0x02, 0xF0, 0xBF, 0x20, 0xFE, 0x0A, 0xF3, 0x4F, 0x00, 0xF9, 0x0E, 0xF4, 0x2F,
    0x00, 0xF8, 0x0F, 0xF3, 0x4F, 0x00, 0xF9, 0x0E, 0xE0, 0xBF, 0x20, 0xFE, 0x0A, 0x60, 0xFF, 0xFF,
    0xFF, 0x02, 0x00, 0xC5, 0xFF, 0x2B, 0x00, 0x60, 0x2D, 0x00, 0x40, 0x4C, 0x00, 0x00, 0xFB, 0xDF,
    0x01, 0xF8, 0xFF, 0x02, 0x00, 0xF2, 0xFF, 0x0C, 0xD1, 0xFF, 0x1D, 0x00, 0x40, 0xFF, 0xAF, 0x20,
    0xFF, 0xCF, 0x00, 0x00, 0xF6, 0xFF, 0x07, 0xF4, 0xFF, 0x0A, 0x00, 0xD0, 0xFF, 0x1F, 0xA0, 0xFF,
    0x4F, 0x00, 0xF6, 0xFF, 0x08, 0xF4, 0xFF, 0x0A, 0x40, 0xFF, 0xAF, 0x20, 0xFF, 0xCF, 0x00, 0xF2,
    0xFF, 0x0C, 0xD1, 0xFF, 0x1E, 0x00, 0xFB, 0xDF, 0x01, 0xF8, 0xFF, 0x02, 0x00, 0x60, 0x2D, 0x00,
    0x40, 0x4C, 0x00, 0x00, 0x00, 0x60, 0xFF, 0x09, 0x00, 0x00, 0x70, 0xFF, 0x07, 0x00, 0x00, 0x00,
    0xF9, 0xFF, 0x09, 0x00, 0x00, 0xF1, 0xDF, 0x00, 0x00, 0x00, 0xC1, 0xFF, 0xFF, 0x09, 0x00, 0x00,
    0xF9, 0x5F, 0x00, 0x00, 0x00, 0xE1, 0x7E, 0xFF, 0x09, 0x00, 0x20, 0xFF, 0x0C, 0x00, 0x00, 0x00,
    0x30, 0x51, 0xFF, 0x09, 0x00, 0xA0, 0xFF, 0x03, 0x00, 0x00, 0x00, 0x00, 0x50, 0xFF, 0x09, 0x00,
    0xF3, 0xBF, 0x00, 0x00, 0x00, 0x00, 0x00, 0x50, 0xFF, 0x09, 0x00, 0xFC, 0x2F, 0x00, 0x00, 0x00,
    0x00, 0x00, 0x50, 0xFF, 0x09, 0x50, 0xFF, 0x09, 0x30, 0xFF, 0x0F, 0x00, 0x00, 0x50, 0xFF, 0x09,
    0xD0, 0xFF, 0x01, 0xD0, 0xFF, 0x0F, 0x00, 0x00, 0x50, 0xFF, 0x09, 0xF6, 0x7F, 0x00, 0xF8, 0xFF,
    0x0F, 0x00, 0x00, 0x50, 0xFF, 0x09, 0xFE, 0x0E, 0x30, 0xCF, 0xFD, 0x0F, 0x00, 0x00, 0x00, 0x00,
    0x80, 0xFF, 0x06, 0xD0, 0x4F, 0xFE, 0x0F, 0x00, 0x00, 0x00, 0x00, 0xF1, 0xDF, 0x00, 0xF8, 0x0A,
    0xFE, 0x0F, 0x00, 0x00, 0x00, 0x00, 0xFA, 0x4F, 0x20, 0xEF, 0x01, 0xFE, 0x0F, 0x00, 0x00, 0x00,
    0x30, 0xFF, 0x0C, 0x90, 0xFF, 0xFF, 0xFF, 0xFF, 0x08, 0x00, 0x00, 0xB0, 0xFF, 0x03, 0x90, 0xFF,
    0xFF, 0xFF, 0xFF, 0x08, 0x00, 0x00, 0xF4, 0xAF, 0x00, 0x00, 0x00, 0x00, 0xFE, 0x0F, 0x00, 0x00,
    0x00, 0xFD, 0x2F, 0x00, 0x00, 0x00, 0x00, 0xFE, 0x0F, 0x00, 0x00, 0x60, 0xFF, 0x09, 0x00, 0x00,
    0x70, 0xFF, 0x07, 0x00, 0x00, 0x00, 0xF9, 0xFF, 0x09, 0x00, 0x00, 0xF1, 0xDF, 0x00, 0x00, 0x00,
    0xC1, 0xFF, 0xFF, 0x09, 0x00, 0x00, 0xF9, 0x5F, 0x00, 0x00, 0x00, 0xE1, 0x7E, 0xFF, 0x09, 0x00,
    0x20, 0xFF, 0x0C, 0x00, 0x00, 0x00, 0x30, 0x51, 0xFF, 0x09, 0x00, 0xB0, 0xFF, 0x03, 0x00, 0x00,
    0x00, 0x00, 0x50, 0xFF, 0x09, 0x00, 0xF4, 0xAF, 0x00, 0x00, 0x00, 0x00, 0x00, 0x50, 0xFF, 0x09,
    0x00, 0xFC, 0x2F, 0x00, 0x00, 0x00, 0x00, 0x00, 0x50, 0xFF, 0x09, 0x50, 0xFF, 0x09, 0xC7, 0xFF,
    0x4C, 0x00, 0x00, 0x50, 0xFF, 0x09, 0xE0, 0xEF, 0xC1, 0xFF, 0xFF, 0xFF, 0x03, 0x00, 0x50, 0xFF,
    0x09, 0xF7, 0x7F, 0x50, 0xBF, 0xB6, 0xFF, 0x09, 0x00, 0x50, 0xFF, 0x19, 0xFF, 0x0D, 0x00, 0x03,
    0x50, 0xFF, 0x09, 0x00, 0x00, 0x00, 0x90, 0xFF, 0x05, 0x00, 0x00, 0xA0, 0xFF, 0x05, 0x00, 0x00,
    0x00, 0xF2, 0xCF, 0x00, 0x00, 0x00, 0xF7, 0xBF, 0x00, 0x00, 0x00, 0x00, 0xFB, 0x3F, 0x00, 0x00,
    0x70, 0xFF, 0x0C, 0x00, 0x00, 0x00, 0x40, 0xFF, 0x0A, 0x00, 0x00, 0xF7, 0xBF, 0x00, 0x00, 0x00,
    0x00, 0xC0, 0xFF, 0x02, 0x00, 0x80, 0xFF, 0x7F, 0x77, 0x06, 0x00, 0x00, 0xF5, 0x9F, 0x00, 0x00,
    0xF0, 0xFF, 0xFF, 0xFF, 0x0F, 0x00, 0x00, 0xDB, 0x1D, 0x00, 0x00, 0xF0, 0xFF, 0xFF, 0xFF, 0x0F,
    0x70, 0xFD, 0xCF, 0x04, 0x00, 0x00, 0x90, 0xFF, 0x05, 0x00, 0xFA, 0xFF, 0xFF, 0x3F, 0x00, 0x00,
    0xF2, 0xCF, 0x00, 0x00, 0xD1, 0x16, 0xF6, 0x7F, 0x00, 0x00, 0xFB, 0x3F, 0x00, 0x00, 0x00, 0x00,
    0xF6, 0x4F, 0x00, 0x40, 0xFF, 0x0A, 0x00, 0x00, 0x30, 0xFF, 0xDF, 0x04, 0x00, 0xC0, 0xFF, 0x02,
    0x00, 0x00, 0x40, 0xFF, 0xFF, 0x0A, 0x00, 0xF5, 0x9F, 0x00, 0x00, 0x00, 0x00, 0x00, 0xF5, 0x8F,
    0x00, 0xFE, 0x1F, 0x00, 0x00, 0x00, 0x00, 0x00, 0xE0, 0xDF, 0x70, 0xFF, 0x07, 0xC0, 0xFF, 0x06,
    0x7C, 0x12, 0xF5, 0xBF, 0xE1, 0xEF, 0x00, 0xF7, 0xFF, 0x06, 0xFE, 0xFF, 0xFF, 0x4F, 0xF8, 0x6F,
    0x20, 0xFF, 0xFF, 0x06, 0xB5, 0xFE, 0xBE, 0x24, 0xFF, 0x0D, 0xC0, 0xAF, 0xFF, 0x06, 0x00, 0x00,
    0x00, 0xA0, 0xFF, 0x04, 0xF7, 0x8A, 0xFF, 0x06, 0x00, 0x00, 0x00, 0xF3, 0xBF, 0x20, 0xEF, 0x81,
    0xFF, 0x06, 0x00, 0x00, 0x00, 0xFC, 0x3F, 0xC0, 0x6F, 0x80, 0xFF, 0x06, 0x00, 0x00, 0x50, 0xFF,
    0x0A, 0xF3, 0xFF, 0xFF, 0xFF, 0xEF, 0x00, 0x00, 0xD0, 0xFF, 0x01, 0xF3, 0xFF, 0xFF, 0xFF, 0xEF,
    0x00, 0x00, 0xF6, 0x8F, 0x00, 0x00, 0x00, 0x80, 0xFF, 0x06, 0x00, 0x00, 0xFE, 0x0E, 0x00, 0x00,
    0x00, 0x80, 0xFF, 0x06, 0x00, 0x00, 0x80, 0xEF, 0x05, 0x00, 0x00, 0x00, 0xF2, 0xFF, 0x0F, 0x00,
    0x00, 0x00, 0xF3, 0xFF, 0x0F, 0x00, 0x00, 0x00, 0xB0, 0xFF, 0x08, 0x00, 0x00, 0x00, 0x00, 0x11,
    0x00, 0x00, 0x00, 0x00, 0x00, 0x00, 0x00, 0x00, 0x00, 0x00, 0x00, 0x00, 0x00, 0x00, 0x00, 0x00,
    0x90, 0xFF, 0x0A, 0x00, 0x00, 0x00, 0xC0, 0xFF, 0x09, 0x00, 0x00, 0x00, 0xF8, 0xFF, 0x04, 0x00,
    0x00, 0xB1, 0xFF, 0xAF, 0x00, 0x00, 0x20, 0xFD, 0xFF, 0x08, 0x00, 0x00, 0xC0, 0xFF, 0x4F, 0x00,
    0x00, 0x00, 0xF3, 0xFF, 0x07, 0x00, 0x00, 0x00, 0xF5, 0xFF, 0x03, 0x00, 0x00, 0x00, 0xF3, 0xFF,
    0x2B, 0x10, 0xB5, 0x0E, 0xD0, 0xFF, 0xFF, 0xFF, 0xFF, 0x7F, 0x30, 0xFE, 0xFF, 0xFF, 0xFF, 0x9F,
    0x00, 0x91, 0xFD, 0xEF, 0x7C, 0x02, 0x00, 0x00, 0xFC, 0xFF, 0x05, 0x00, 0x00, 0x00, 0x00, 0x00,
    0x00, 0xB0, 0xFF, 0x2F, 0x00, 0x00, 0x00, 0x00, 0x00, 0x00, 0x00, 0xF8, 0xDF, 0x01, 0x00, 0x00,
    0x00, 0x00, 0x00, 0x00, 0x50, 0xFE, 0x0B, 0x00, 0x00, 0x00, 0x00, 0x00, 0x00, 0x00, 0x00, 0x00,
    0x00, 0x00, 0x00, 0x00, 0x00, 0x00, 0xFE, 0xFF, 0x1F, 0x00, 0x00, 0x00, 0x00, 0x00, 0x30, 0xFF,
    0xFF, 0x7F, 0x00, 0x00, 0x00, 0x00, 0x00, 0x90, 0xFF, 0xFF, 0xCF, 0x00, 0x00, 0x00, 0x00, 0x00,
    0xE0, 0xFF, 0xFA, 0xFF, 0x02, 0x00, 0x00, 0x00, 0x00, 0xF4, 0xFF, 0xE2, 0xFF, 0x08, 0x00, 0x00,
    0x00, 0x00, 0xFA, 0xEF, 0x90, 0xFF, 0x0D, 0x00, 0x00, 0x00, 0x00, 0xFF, 0x9F, 0x50, 0xFF, 0x3F,
    0x00, 0x00, 0x00, 0x50, 0xFF, 0x5F, 0x00, 0xFF, 0x8F, 0x00, 0x00, 0x00, 0xA0, 0xFF, 0x0F, 0x00,
    0xFB, 0xEF, 0x00, 0x00, 0x00, 0xF0, 0xFF, 0x0B, 0x00, 0xF6, 0xFF, 0x04, 0x00, 0x00, 0xF6, 0xFF,
    0x28, 0x22, 0xF4, 0xFF, 0x09, 0x00, 0x00, 0xFB, 0xFF, 0xFF, 0xFF, 0xFF, 0xFF, 0x0F, 0x00, 0x10,
    0xFF, 0xFF, 0xFF, 0xFF, 0xFF, 0xFF, 0x5F, 0x00, 0x60, 0xFF, 0xFF, 0xFF, 0xFF, 0xFF, 0xFF, 0xAF,
    0x00, 0xC0, 0xFF, 0x3F, 0x00, 0x00, 0x00, 0xFF, 0xFF, 0x00, 0xF2, 0xFF, 0x0E, 0x00, 0x00, 0x00,
    0xFA, 0xFF, 0x05, 0xF7, 0xFF, 0x09, 0x00, 0x00, 0x00, 0xF5, 0xFF, 0x0B, 0xFD, 0xFF, 0x03, 0x00,
    0x00, 0x00, 0xF0, 0xFF, 0x1F, 0x00, 0x00, 0x00, 0x00, 0xF2, 0xFF, 0x3E, 0x00, 0x00, 0x00, 0x00,
    0x00, 0x00, 0xFC, 0xDF, 0x02, 0x00, 0x00, 0x00, 0x00, 0x00, 0xA0, 0xFF, 0x1B, 0x00, 0x00, 0x00,
    0x00, 0x00, 0x00, 0xF6, 0x8F, 0x00, 0x00, 0x00, 0x00, 0x00, 0x00, 0x00, 0x00, 0x00, 0x00, 0x00,
    0x00, 0x00, 0x00, 0x00, 0x00, 0xFE, 0xFF, 0x1F, 0x00, 0x00, 0x00, 0x00, 0x00, 0x30, 0xFF, 0xFF,
    0x7F, 0x00, 0x00, 0x00, 0x00, 0x00, 0x90, 0xFF, 0xFF, 0xCF, 0x00, 0x00, 0x00, 0x00, 0x00, 0xE0,
    0xFF, 0xFA, 0xFF, 0x02, 0x00, 0x00, 0x00, 0x00, 0xF4, 0xFF, 0xE2, 0xFF, 0x08, 0x00, 0x00, 0x00,
    0x00, 0xFA, 0xEF, 0x90, 0xFF, 0x0D, 0x00, 0x00, 0x00, 0x00, 0xFF, 0x9F, 0x50, 0xFF, 0x3F, 0x00,
    0x00, 0x00, 0x50, 0xFF, 0x5F, 0x00, 0xFF, 0x8F, 0x00, 0x00, 0x00, 0xA0, 0xFF, 0x0F, 0x00, 0xFB,
    0xEF, 0x00, 0x00, 0x00, 0xF0, 0xFF, 0x0B, 0x00, 0xF6, 0xFF, 0x04, 0x00, 0x00, 0xF6, 0xFF, 0x28,
    0x22, 0xF4, 0xFF, 0x09, 0x00, 0x00, 0xFB, 0xFF, 0xFF, 0xFF, 0xFF, 0xFF, 0x0F, 0x00, 0x10, 0xFF,
    0xFF, 0xFF, 0xFF, 0xFF, 0xFF, 0x5F, 0x00, 0x60, 0xFF, 0xFF, 0xFF, 0xFF, 0xFF, 0xFF, 0xAF, 0x00,
    0xC0, 0xFF, 0x3F, 0x00, 0x00, 0x00, 0xFF, 0xFF, 0x00, 0xF2, 0xFF, 0x0E, 0x00, 0x00, 0x00, 0xFA,
    0xFF, 0x05, 0xF7, 0xFF, 0x09, 0x00, 0x00, 0x00, 0xF5, 0xFF, 0x0B, 0xFD, 0xFF, 0x03, 0x00, 0x00,
    0x00, 0xF0, 0xFF, 0x1F, 0x00, 0x00, 0x00, 0xFD, 0xFF, 0x3F, 0x00, 0x00, 0x00, 0x00, 0x00, 0xA0,
    0xFF, 0xFF, 0xEF, 0x01, 0x00, 0x00, 0x00, 0x00, 0xF8, 0xDF, 0xA2, 0xFF, 0x0C, 0x00, 0x00, 0x00,
    0x60, 0xFF, 0x09, 0x00, 0xE6, 0xBF, 0x00, 0x00, 0x00, 0x00, 0x00, 0x00, 0x00, 0x00, 0x00, 0x00,
    0x00, 0x00, 0x00, 0x00, 0xFE, 0xFF, 0x1F, 0x00, 0x00, 0x00, 0x00, 0x00, 0x30, 0xFF, 0xFF, 0x7F,
    0x00, 0x00, 0x00, 0x00, 0x00, 0x90, 0xFF, 0xFF, 0xCF, 0x00, 0x00, 0x00, 0x00, 0x00, 0xE0, 0xFF,
    0xFA, 0xFF, 0x02, 0x00, 0x00, 0x00, 0x00, 0xF4, 0xFF, 0xE2, 0xFF, 0x08, 0x00, 0x00, 0x00, 0x00,
    0xFA, 0xEF, 0x90, 0xFF, 0x0D, 0x00, 0x00, 0x00, 0x00, 0xFF, 0x9F, 0x50, 0xFF, 0x3F, 0x00, 0x00,
    0x00, 0x50, 0xFF, 0x5F, 0x00, 0xFF, 0x8F, 0x00, 0x00, 0x00, 0xA0, 0xFF, 0x0F, 0x00, 0xFB, 0xEF,
    0x00, 0x00, 0x00, 0xF0, 0xFF, 0x0B, 0x00, 0xF6, 0xFF, 0x04, 0x00, 0x00, 0xF6, 0xFF, 0x28, 0x22,
    0xF4, 0xFF, 0x09, 0x00, 0x00, 0xFB, 0xFF, 0xFF, 0xFF, 0xFF, 0xFF, 0x0F, 0x00, 0x10, 0xFF, 0xFF,
    0xFF, 0xFF, 0xFF, 0xFF, 0x5F, 0x00, 0x60, 0xFF, 0xFF, 0xFF, 0xFF, 0xFF, 0xFF, 0xAF, 0x00, 0xC0,
    0xFF, 0x3F, 0x00, 0x00, 0x00, 0xFF, 0xFF, 0x00, 0xF2, 0xFF, 0x0E, 0x00, 0x00, 0x00, 0xFA, 0xFF,
    0x05, 0xF7, 0xFF, 0x09, 0x00, 0x00, 0x00, 0xF5, 0xFF, 0x0B, 0xFD, 0xFF, 0x03, 0x00, 0x00, 0x00,
    0xF0, 0xFF, 0x1F, 0x00, 0x00, 0xA1, 0xEF, 0x06, 0x50, 0x9F, 0x00, 0x00, 0x00, 0x00, 0xFB, 0xFF,
    0xDF, 0xE8, 0x6F, 0x00, 0x00, 0x00, 0x20, 0xFF, 0xB8, 0xFF, 0xFF, 0x0E, 0x00, 0x00, 0x00, 0x60,
    0x8F, 0x00, 0xC4, 0xBF, 0x02, 0x00, 0x00, 0x00, 0x00, 0x00, 0x00, 0x00, 0x00, 0x00, 0x00, 0x00,
    0x00, 0x00, 0x00, 0xFE, 0xFF, 0x1F, 0x00, 0x00, 0x00, 0x00, 0x00, 0x30, 0xFF, 0xFF, 0x7F, 0x00,
    0x00, 0x00, 0x00, 0x00, 0x90, 0xFF, 0xFF, 0xCF, 0x00, 0x00, 0x00, 0x00, 0x00, 0xE0, 0xFF, 0xFA,
    0xFF, 0x02, 0x00, 0x00, 0x00, 0x00, 0xF4, 0xFF, 0xE2, 0xFF, 0x08, 0x00, 0x00, 0x00, 0x00, 0xFA,
    0xEF, 0x90, 0xFF, 0x0D, 0x00, 0x00, 0x00, 0x00, 0xFF, 0x9F, 0x50, 0xFF, 0x3F, 0x00, 0x00, 0x00,
    0x50, 0xFF, 0x5F, 0x00, 0xFF, 0x8F, 0x00, 0x00, 0x00, 0xA0, 0xFF, 0x0F, 0x00, 0xFB, 0xEF, 0x00,
    0x00, 0x00, 0xF0, 0xFF, 0x0B, 0x00, 0xF6, 0xFF, 0x04, 0x00, 0x00, 0xF6, 0xFF, 0x28, 0x22, 0xF4,
    0xFF, 0x09, 0x00, 0x00, 0xFB, 0xFF, 0xFF, 0xFF, 0xFF, 0xFF, 0x0F, 0x00, 0x10, 0xFF, 0xFF, 0xFF,
    0xFF, 0xFF, 0xFF, 0x5F, 0x00, 0x60, 0xFF, 0xFF, 0xFF, 0xFF, 0xFF, 0xFF, 0xAF, 0x00, 0xC0, 0xFF,
    0x3F, 0x00, 0x00, 0x00, 0xFF, 0xFF, 0x00, 0xF2, 0xFF, 0x0E, 0x00, 0x00, 0x00, 0xFA, 0xFF, 0x05,
    0xF7, 0xFF, 0x09, 0x00, 0x00, 0x00, 0xF5, 0xFF, 0x0B, 0xFD, 0xFF, 0x03, 0x00, 0x00, 0x00, 0xF0,
    0xFF, 0x1F, 0x00, 0x00, 0x20, 0x03, 0x00, 0x32, 0x00, 0x00, 0x00, 0x00, 0x00, 0xF5, 0x9F, 0x60,
    0xFF, 0x08, 0x00, 0x00, 0x00, 0x00, 0xF8, 0xDF, 0x90, 0xFF, 0x0C, 0x00, 0x00, 0x00, 0x00, 0xE3,
    0x6F, 0x30, 0xFE, 0x05, 0x00, 0x00, 0x00, 0x00, 0x00, 0x00, 0x00, 0x00, 0x00, 0x00, 0x00, 0x00,
    0x00, 0x00, 0x00, 0x00, 0x00, 0x00, 0x00, 0x00, 0x00, 0x00, 0x00, 0xFE, 0xFF, 0x1F, 0x00, 0x00,
    0x00, 0x00, 0x00, 0x30, 0xFF, 0xFF, 0x7F, 0x00, 0x00, 0x00, 0x00, 0x00, 0x90, 0xFF, 0xFF, 0xCF,
    0x00, 0x00, 0x00, 0x00, 0x00, 0xE0, 0xFF, 0xFA, 0xFF, 0x02, 0x00, 0x00, 0x00, 0x00, 0xF4, 0xFF,
    0xE2, 0xFF, 0x08, 0x00, 0x00, 0x00, 0x00, 0xFA, 0xEF, 0x90, 0xFF, 0x0D, 0x00, 0x00, 0x00, 0x00,
    0xFF, 0x9F, 0x50, 0xFF, 0x3F, 0x00, 0x00, 0x00, 0x50, 0xFF, 0x5F, 0x00, 0xFF, 0x8F, 0x00, 0x00,
    0x00, 0xA0, 0xFF, 0x0F, 0x00, 0xFB, 0xEF, 0x00, 0x00, 0x00, 0xF0, 0xFF, 0x0B, 0x00, 0xF6, 0xFF,
    0x04, 0x00, 0x00, 0xF6, 0xFF, 0x28, 0x22, 0xF4, 0xFF, 0x09, 0x00, 0x00, 0xFB, 0xFF, 0xFF, 0xFF,
    0xFF, 0xFF, 0x0F, 0x00, 0x10, 0xFF, 0xFF, 0xFF, 0xFF, 0xFF, 0xFF, 0x5F, 0x00, 0x60, 0xFF, 0xFF,
    0xFF, 0xFF, 0xFF, 0xFF, 0xAF, 0x00, 0xC0, 0xFF, 0x3F, 0x00, 0x00, 0x00, 0xFF, 0xFF, 0x00, 0xF2,
    0xFF, 0x0E, 0x00, 0x00, 0x00, 0xFA, 0xFF, 0x05, 0xF7, 0xFF, 0x09, 0x00, 0x00, 0x00, 0xF5, 0xFF,
    0x0B, 0xFD, 0xFF, 0x03, 0x00, 0x00, 0x00, 0xF0, 0xFF, 0x1F, 0x00, 0x00, 0x00, 0xD4, 0xDF, 0x06,
    0x00, 0x00, 0x00, 0x00, 0x00, 0x10, 0xFF, 0xFC, 0x5F, 0x00, 0x00, 0x00, 0x00, 0x00, 0x50, 0x8F,
    0x50, 0xAF, 0x00, 0x00, 0x00, 0x00, 0x00, 0x50, 0x8F, 0x50, 0xAF, 0x00, 0x00, 0x00, 0x00, 0x00,
    0x10, 0xFF, 0xFF, 0x5F, 0x00, 0x00, 0x00, 0x00, 0x00, 0x30, 0xFF, 0xFF, 0x7F, 0x00, 0x00, 0x00,
    0x00, 0x00, 0x90, 0xFF, 0xFF, 0xCF, 0x00, 0x00, 0x00, 0x00, 0x00, 0xE0, 0xFF, 0xFA, 0xFF, 0x02,
    0x00, 0x00, 0x00, 0x00, 0xF4, 0xFF, 0xE2, 0xFF, 0x08, 0x00, 0x00, 0x00, 0x00, 0xFA, 0xEF, 0x90,
    0xFF, 0x0D, 0x00, 0x00, 0x00, 0x00, 0xFF, 0x9F, 0x50, 0xFF, 0x3F, 0x00, 0x00, 0x00, 0x50, 0xFF,
    0x5F, 0x00, 0xFF, 0x8F, 0x00, 0x00, 0x00, 0xA0, 0xFF, 0x0F, 0x00, 0xFB, 0xEF, 0x00, 0x00, 0x00,
    0xF0, 0xFF, 0x0B, 0x00, 0xF6, 0xFF, 0x04, 0x00, 0x00, 0xF6, 0xFF, 0x28, 0x22, 0xF4, 0xFF, 0x09,
    0x00, 0x00, 0xFB, 0xFF, 0xFF, 0xFF, 0xFF, 0xFF, 0x0F, 0x00, 0x10, 0xFF, 0xFF, 0xFF, 0xFF, 0xFF,
    0xFF, 0x5F, 0x00, 0x60, 0xFF, 0xFF, 0xFF, 0xFF, 0xFF, 0xFF, 0xAF, 0x00, 0xC0, 0xFF, 0x3F, 0x00,
    0x00, 0x00, 0xFF, 0xFF, 0x00, 0xF2, 0xFF, 0x0E, 0x00, 0x00, 0x00, 0xFA, 0xFF, 0x05, 0xF7, 0xFF,
    0x09, 0x00, 0x00, 0x00, 0xF5, 0xFF, 0x0B, 0xFD, 0xFF, 0x03, 0x00, 0x00, 0x00, 0xF0, 0xFF, 0x1F,
    0x00, 0x00, 0x00, 0x30, 0xFF, 0xFF, 0xFF, 0xFF, 0xFF, 0xFF, 0xFF, 0x05, 0x00, 0x00, 0x00, 0xA0,
    0xFF, 0xFF, 0xFF, 0xFF, 0xFF, 0xFF, 0xFF, 0x05, 0x00, 0x00, 0x00, 0xF2, 0xFF, 0xFF, 0xFF, 0xFF,
    0xFF, 0xFF, 0xFF, 0x05, 0x00, 0x00, 0x00, 0xF8, 0xFF, 0x73, 0xFF, 0x8F, 0x11, 0x11, 0x11, 0x00,
    0x00, 0x00, 0x00, 0xFF, 0x9F, 0x50, 0xFF, 0x7F, 0x00, 0x00, 0x00, 0x00, 0x00, 0x00, 0x70, 0xFF,
    0x3F, 0x50, 0xFF, 0x7F, 0x00, 0x00, 0x00, 0x00, 0x00, 0x00, 0xD0, 0xFF, 0x0C, 0x50, 0xFF, 0x8F,
    0x11, 0x11, 0x11, 0x00, 0x00, 0x00, 0xF5, 0xFF, 0x06, 0x50, 0xFF, 0xFF, 0xFF, 0xFF, 0xEF, 0x00,
    0x00, 0x00, 0xFC, 0xFF, 0x00, 0x50, 0xFF, 0xFF, 0xFF, 0xFF, 0xEF, 0x00, 0x00, 0x30, 0xFF, 0x9F,
    0x00, 0x50, 0xFF, 0xFF, 0xFF, 0xFF, 0xEF, 0x00, 0x00, 0xA0, 0xFF, 0x5F, 0x22, 0x72, 0xFF, 0x7F,
    0x00, 0x00, 0x00, 0x00, 0x00, 0xF2, 0xFF, 0xFF, 0xFF, 0xFF, 0xFF, 0x7F, 0x00, 0x00, 0x00, 0x00,
    0x00, 0xF8, 0xFF, 0xFF, 0xFF, 0xFF, 0xFF, 0x7F, 0x00, 0x00, 0x00, 0x00, 0x00, 0xFF, 0xFF, 0xFF,
    0xFF, 0xFF, 0xFF, 0x7F, 0x00, 0x00, 0x00, 0x00, 0x70, 0xFF, 0x7F, 0x00, 0x00, 0x50, 0xFF, 0x8F,
    0x22, 0x22, 0x22, 0x00, 0xD0, 0xFF, 0x0E, 0x00, 0x00, 0x50, 0xFF, 0xFF, 0xFF, 0xFF, 0xFF, 0x05,
    0xF5, 0xFF, 0x08, 0x00, 0x00, 0x50, 0xFF, 0xFF, 0xFF, 0xFF, 0xFF, 0x05, 0xFC, 0xFF, 0x01, 0x00,
    0x00, 0x50, 0xFF, 0xFF, 0xFF, 0xFF, 0xFF, 0x05, 0x00, 0x00, 0x70, 0xEB, 0xFF, 0xAD, 0x05, 0x00,
    0x00, 0x50, 0xFE, 0xFF, 0xFF, 0xFF, 0xDF, 0x00, 0x00, 0xF5, 0xFF, 0xFF, 0xFF, 0xFF, 0x8F, 0x00,
    0x20, 0xFF, 0xFF, 0x5C, 0x32, 0xC6, 0x2F, 0x00, 0xA0, 0xFF, 0xBF, 0x00, 0x00, 0x00, 0x02, 0x00,
    0xF0, 0xFF, 0x1F, 0x00, 0x00, 0x00, 0x00, 0x00, 0xF4, 0xFF, 0x0A, 0x00, 0x00, 0x00, 0x00, 0x00,
    0xF7, 0xFF, 0x07, 0x00, 0x00, 0x00, 0x00, 0x00, 0xF8, 0xFF, 0x05, 0x00, 0x00, 0x00, 0x00, 0x00,
    0xF8, 0xFF, 0x05, 0x00, 0x00, 0x00, 0x00, 0x00, 0xF7, 0xFF, 0x07, 0x00, 0x00, 0x00, 0x00, 0x00,
    0xF5, 0xFF, 0x09, 0x00, 0x00, 0x00, 0x00, 0x00, 0xF1, 0xFF, 0x0E, 0x00, 0x00, 0x00, 0x00, 0x00,
    0xC0, 0xFF, 0x9F, 0x00, 0x00, 0x00, 0x00, 0x00, 0x40, 0xFF, 0xFF, 0x5B, 0x32, 0x85, 0x6C, 0x00,
    0x00, 0xF9, 0xFF, 0xFF, 0xFF, 0xFF, 0x6F, 0x00, 0x00, 0x80, 0xFF, 0xFF, 0xFF, 0xFF, 0x6F, 0x00,
    0x00, 0x00, 0x93, 0xFD, 0xFF, 0xBD, 0x06, 0x00, 0x00, 0x00, 0x00, 0xF1, 0x6F, 0x00, 0x00, 0x00,
    0x00, 0x00, 0x00, 0xF9, 0xFF, 0x07, 0x00, 0x00, 0x00, 0x00, 0x00, 0x40, 0xFF, 0x1F, 0x00, 0x00,
    0x00, 0x00, 0x10, 0x12, 0xFD, 0x2F, 0x00, 0x00, 0x00, 0x00, 0x60, 0xFF, 0xFF, 0x0D, 0x00, 0x00,
    0x00, 0x00, 0x50, 0xFE, 0xBE, 0x02, 0x00, 0x00, 0xD1, 0xFF, 0x4F, 0x00, 0x00, 0x00, 0x10, 0xFC,
    0xEF, 0x01, 0x00, 0x00, 0x00, 0x90, 0xFF, 0x0C, 0x00, 0x00, 0x00, 0x00, 0xF6, 0x9F, 0x00, 0x00,
    0x00, 0x00, 0x00, 0x00, 0x00, 0x00, 0xFC, 0xFF, 0xFF, 0xFF, 0xFF, 0x08, 0xFC, 0xFF, 0xFF, 0xFF,
    0xFF, 0x08, 0xFC, 0xFF, 0xFF, 0xFF, 0xFF, 0x08, 0xFC, 0xFF, 0x11, 0x11, 0x11, 0x00, 0xFC, 0xFF,
    0x00, 0x00, 0x00, 0x00, 0xFC, 0xFF, 0x00, 0x00, 0x00, 0x00, 0xFC, 0xFF, 0x11, 0x11, 0x11, 0x00,
    0xFC, 0xFF, 0xFF, 0xFF, 0xFF, 0x01, 0xFC, 0xFF, 0xFF, 0xFF, 0xFF, 0x01, 0xFC, 0xFF, 0xFF, 0xFF,
    0xFF, 0x01, 0xFC, 0xFF, 0x00, 0x00, 0x00, 0x00, 0xFC, 0xFF, 0x00, 0x00, 0x00, 0x00, 0xFC, 0xFF,
    0x00, 0x00, 0x00, 0x00, 0xFC, 0xFF, 0x00, 0x00, 0x00, 0x00, 0xFC, 0xFF, 0x22, 0x22, 0x22, 0x01,
    0xFC, 0xFF, 0xFF, 0xFF, 0xFF, 0x08, 0xFC, 0xFF, 0xFF, 0xFF, 0xFF, 0x08, 0xFC, 0xFF, 0xFF, 0xFF,
    0xFF, 0x08, 0x00, 0x00, 0x30, 0xFF, 0xEF, 0x01, 0x00, 0x00, 0xE1, 0xFF, 0x1C, 0x00, 0x00, 0x00,
    0xFB, 0xAF, 0x00, 0x00, 0x00, 0x80, 0xFF, 0x07, 0x00, 0x00, 0x00, 0x00, 0x00, 0x00, 0x00, 0x00,
    0xFC, 0xFF, 0xFF, 0xFF, 0xFF, 0x08, 0xFC, 0xFF, 0xFF, 0xFF, 0xFF, 0x08, 0xFC, 0xFF, 0xFF, 0xFF,
    0xFF, 0x08, 0xFC, 0xFF, 0x11, 0x11, 0x11, 0x00, 0xFC, 0xFF, 0x00, 0x00, 0x00, 0x00, 0xFC, 0xFF,
    0x00, 0x00, 0x00, 0x00, 0xFC, 0xFF, 0x11, 0x11, 0x11, 0x00, 0xFC, 0xFF, 0xFF, 0xFF, 0xFF, 0x01,
    0xFC, 0xFF, 0xFF, 0xFF, 0xFF, 0x01, 0xFC, 0xFF, 0xFF, 0xFF, 0xFF, 0x01, 0xFC, 0xFF, 0x00, 0x00,
    0x00, 0x00, 0xFC, 0xFF, 0x00, 0x00, 0x00, 0x00, 0xFC, 0xFF, 0x00, 0x00, 0x00, 0x00, 0xFC, 0xFF,
    0x00, 0x00, 0x00, 0x00, 0xFC, 0xFF, 0x22, 0x22, 0x22, 0x01, 0xFC, 0xFF, 0xFF, 0xFF, 0xFF, 0x08,
    0xFC, 0xFF, 0xFF, 0xFF, 0xFF, 0x08, 0xFC, 0xFF, 0xFF, 0xFF, 0xFF, 0x08, 0x00, 0xE1, 0xFF, 0xFF,
    0x02, 0x00, 0x00, 0xFB, 0xFF, 0xFF, 0x0D, 0x00, 0xA0, 0xFF, 0x1C, 0xFB, 0xBF, 0x00, 0xF8, 0x7F,
    0x00, 0x70, 0xFF, 0x0A, 0x00, 0x00, 0x00, 0x00, 0x00, 0x00, 0xFC, 0xFF, 0xFF, 0xFF, 0xFF, 0x08,
    0xFC, 0xFF, 0xFF, 0xFF, 0xFF, 0x08, 0xFC, 0xFF, 0xFF, 0xFF, 0xFF, 0x08, 0xFC, 0xFF, 0x11, 0x11,
    0x11, 0x00, 0xFC, 0xFF, 0x00, 0x00, 0x00, 0x00, 0xFC, 0xFF, 0x00, 0x00, 0x00, 0x00, 0xFC, 0xFF,
    0x11, 0x11, 0x11, 0x00, 0xFC, 0xFF, 0xFF, 0xFF, 0xFF, 0x01, 0xFC, 0xFF, 0xFF, 0xFF, 0xFF, 0x01,
    0xFC, 0xFF, 0xFF, 0xFF, 0xFF, 0x01, 0xFC, 0xFF, 0x00, 0x00, 0x00, 0x00, 0xFC, 0xFF, 0x00, 0x00,
    0x00, 0x00, 0xFC, 0xFF, 0x00, 0x00, 0x00, 0x00, 0xFC, 0xFF, 0x00, 0x00, 0x00, 0x00, 0xFC, 0xFF,
    0x22, 0x22, 0x22, 0x01, 0xFC, 0xFF, 0xFF, 0xFF, 0xFF, 0x08, 0xFC, 0xFF, 0xFF, 0xFF, 0xFF, 0x08,
    0xFC, 0xFF, 0xFF, 0xFF, 0xFF, 0x08, 0x00, 0x32, 0x00, 0x30, 0x02, 0x00, 0x60, 0xFF, 0x07, 0xF8,
    0x7F, 0x00, 0xA0, 0xFF, 0x0B, 0xFB, 0xAF, 0x00, 0x40, 0xEE, 0x04, 0xE5, 0x4E, 0x00, 0x00, 0x00,
    0x00, 0x00, 0x00, 0x00, 0x00, 0x00, 0x00, 0x00, 0x00, 0x00, 0xFC, 0xFF, 0xFF, 0xFF, 0xFF, 0x08,
    0xFC, 0xFF, 0xFF, 0xFF, 0xFF, 0x08, 0xFC, 0xFF, 0xFF, 0xFF, 0xFF, 0x08, 0xFC, 0xFF, 0x11, 0x11,
    0x11, 0x00, 0xFC, 0xFF, 0x00, 0x00, 0x00, 0x00, 0xFC, 0xFF, 0x00, 0x00, 0x00, 0x00, 0xFC, 0xFF,
    0x11, 0x11, 0x11, 0x00, 0xFC, 0xFF, 0xFF, 0xFF, 0xFF, 0x01, 0xFC, 0xFF, 0xFF, 0xFF, 0xFF, 0x01,
    0xFC, 0xFF, 0xFF, 0xFF, 0xFF, 0x01, 0xFC, 0xFF, 0x00, 0x00, 0x00, 0x00, 0xFC, 0xFF, 0x00, 0x00,
    0x00, 0x00, 0xFC, 0xFF, 0x00, 0x00, 0x00, 0x00, 0xFC, 0xFF, 0x00, 0x00, 0x00, 0x00, 0xFC, 0xFF,
    0x22, 0x22, 0x22, 0x01, 0xFC, 0xFF, 0xFF, 0xFF, 0xFF, 0x08, 0xFC, 0xFF, 0xFF, 0xFF, 0xFF, 0x08,
    0xFC, 0xFF, 0xFF, 0xFF, 0xFF, 0x08, 0xC0, 0xFF, 0x6F, 0x00, 0x00, 0x00, 0xFA, 0xFF, 0x02, 0x00,
    0x00, 0x80, 0xFF, 0x1D, 0x00, 0x00, 0x00, 0xE4, 0xBF, 0x00, 0x00, 0x00, 0x00, 0x00, 0x00, 0x00,
    0x00, 0xFC, 0xFF, 0x00, 0x00, 0x00, 0xFC, 0xFF, 0x00, 0x00, 0x00, 0xFC, 0xFF, 0x00, 0x00, 0x00,
    0xFC, 0xFF, 0x00, 0x00, 0x00, 0xFC, 0xFF, 0x00, 0x00, 0x00, 0xFC, 0xFF, 0x00, 0x00, 0x00, 0xFC,
    0xFF, 0x00, 0x00, 0x00, 0xFC, 0xFF, 0x00, 0x00, 0x00, 0xFC, 0xFF, 0x00, 0x00, 0x00, 0xFC, 0xFF,
    0x00, 0x00, 0x00, 0xFC, 0xFF, 0x00, 0x00, 0x00, 0xFC, 0xFF, 0x00, 0x00, 0x00, 0xFC, 0xFF, 0x00,
    0x00, 0x00, 0xFC, 0xFF, 0x00, 0x00, 0x00, 0xFC, 0xFF, 0x00, 0x00, 0x00, 0xFC, 0xFF, 0x00, 0x00,
    0x00, 0xFC, 0xFF, 0x00, 0x00, 0x00, 0xFC, 0xFF, 0x00, 0x00, 0xF2, 0xFF, 0x3E, 0x00, 0xFC, 0xDF,
    0x02, 0xA0, 0xFF, 0x1B, 0x00, 0xF6, 0x8F, 0x00, 0x00, 0x00, 0x00, 0x00, 0x00, 0xFC, 0xFF, 0x00,
    0x00, 0xFC, 0xFF, 0x00, 0x00, 0xFC, 0xFF, 0x00, 0x00, 0xFC, 0xFF, 0x00, 0x00, 0xFC, 0xFF, 0x00,
    0x00, 0xFC, 0xFF, 0x00, 0x00, 0xFC, 0xFF, 0x00, 0x00, 0xFC, 0xFF, 0x00, 0x00, 0xFC, 0xFF, 0x00,
    0x00, 0xFC, 0xFF, 0x00, 0x00, 0xFC, 0xFF, 0x00, 0x00, 0xFC, 0xFF, 0x00, 0x00, 0xFC, 0xFF, 0x00,
    0x00, 0xFC, 0xFF, 0x00, 0x00, 0xFC, 0xFF, 0x00, 0x00, 0xFC, 0xFF, 0x00, 0x00, 0xFC, 0xFF, 0x00,
    0x00, 0xFC, 0xFF, 0x00, 0x00, 0x00, 0x60, 0xFF, 0xFF, 0x0A, 0x00, 0x00, 0xF3, 0xFF, 0xFF, 0x7F,
    0x00, 0x20, 0xFE, 0x6F, 0xE4, 0xFF, 0x05, 0xD1, 0xDF, 0x03, 0x10, 0xFB, 0x3F, 0x00, 0x00, 0x00,
    0x00, 0x00, 0x00, 0x00, 0x00, 0xFC, 0xFF, 0x00, 0x00, 0x00, 0x00, 0xFC, 0xFF, 0x00, 0x00, 0x00,
    0x00, 0xFC, 0xFF, 0x00, 0x00, 0x00, 0x00, 0xFC, 0xFF, 0x00, 0x00, 0x00, 0x00, 0xFC, 0xFF, 0x00,
    0x00, 0x00, 0x00, 0xFC, 0xFF, 0x00, 0x00, 0x00, 0x00, 0xFC, 0xFF, 0x00, 0x00, 0x00, 0x00, 0xFC,
    0xFF, 0x00, 0x00, 0x00, 0x00, 0xFC, 0xFF, 0x00, 0x00, 0x00, 0x00, 0xFC, 0xFF, 0x00, 0x00, 0x00,
    0x00, 0xFC, 0xFF, 0x00, 0x00, 0x00, 0x00, 0xFC, 0xFF, 0x00, 0x00, 0x00, 0x00, 0xFC, 0xFF, 0x00,
    0x00, 0x00, 0x00, 0xFC, 0xFF, 0x00, 0x00, 0x00, 0x00, 0xFC, 0xFF, 0x00, 0x00, 0x00, 0x00, 0xFC,
    0xFF, 0x00, 0x00, 0x00, 0x00, 0xFC, 0xFF, 0x00, 0x00, 0x00, 0x00, 0xFC, 0xFF, 0x00, 0x00, 0x00,
    0x13, 0x00, 0x30, 0x01, 0xC0, 0xFF, 0x02, 0xFD, 0x2F, 0xF0, 0xFF, 0x15, 0xFF, 0x4F, 0x90, 0xCF,
    0x01, 0xFA, 0x0C, 0x00, 0x00, 0x00, 0x00, 0x00, 0x00, 0x00, 0x00, 0x00, 0x00, 0x00, 0xC0, 0xFF,
    0x0F, 0x00, 0x00, 0xC0, 0xFF, 0x0F, 0x00, 0x00, 0xC0, 0xFF, 0x0F, 0x00, 0x00, 0xC0, 0xFF, 0x0F,
    0x00, 0x00, 0xC0, 0xFF, 0x0F, 0x00, 0x00, 0xC0, 0xFF, 0x0F, 0x00, 0x00, 0xC0, 0xFF, 0x0F, 0x00,
    0x00, 0xC0, 0xFF, 0x0F, 0x00, 0x00, 0xC0, 0xFF, 0x0F, 0x00, 0x00, 0xC0, 0xFF, 0x0F, 0x00, 0x00,
    0xC0, 0xFF, 0x0F, 0x00, 0x00, 0xC0, 0xFF, 0x0F, 0x00, 0x00, 0xC0, 0xFF, 0x0F, 0x00, 0x00, 0xC0,
    0xFF, 0x0F, 0x00, 0x00, 0xC0, 0xFF, 0x0F, 0x00, 0x00, 0xC0, 0xFF, 0x0F, 0x00, 0x00, 0xC0, 0xFF,
    0x0F, 0x00, 0x00, 0xC0, 0xFF, 0x0F, 0x00, 0x00, 0xFC, 0xFF, 0xFF, 0xEF, 0x7B, 0x01, 0x00, 0x00,
    0x00, 0xFC, 0xFF, 0xFF, 0xFF, 0xFF, 0x8F, 0x00, 0x00, 0x00, 0xFC, 0xFF, 0xFF, 0xFF, 0xFF, 0xFF,
    0x0B, 0x00, 0x00, 0xFC, 0xFF, 0x11, 0x41, 0xF9, 0xFF, 0x9F, 0x00, 0x00, 0xFC, 0xFF, 0x00, 0x00,
    0x40, 0xFF, 0xFF, 0x02, 0x00, 0xFC, 0xFF, 0x00, 0x00, 0x00, 0xF8, 0xFF, 0x09, 0x00, 0xFC, 0xFF,
    0x00, 0x00, 0x00, 0xF2, 0xFF, 0x0D, 0x10, 0xFC, 0xFF, 0x11, 0x01, 0x00, 0xF0, 0xFF, 0x0F, 0xF6,
    0xFF, 0xFF, 0xFF, 0x0E, 0x00, 0xE0, 0xFF, 0x0F, 0xF6, 0xFF, 0xFF, 0xFF, 0x0E, 0x00, 0xE0, 0xFF,
    0x0F, 0xF6, 0xFF, 0xFF, 0xFF, 0x0E, 0x00, 0xF0, 0xFF, 0x0F, 0x00, 0xFC, 0xFF, 0x00, 0x00, 0x00,
    0xF3, 0xFF, 0x0C, 0x00, 0xFC, 0xFF, 0x00, 0x00, 0x00, 0xFA, 0xFF, 0x08, 0x00, 0xFC, 0xFF, 0x00,
    0x00, 0x60, 0xFF, 0xFF, 0x02, 0x00, 0xFC, 0xFF, 0x22, 0x52, 0xFB, 0xFF, 0x8F, 0x00, 0x00, 0xFC,
    0xFF, 0xFF, 0xFF, 0xFF, 0xFF, 0x0A, 0x00, 0x00, 0xFC, 0xFF, 0xFF, 0xFF, 0xFF, 0x6F, 0x00, 0x00,
    0x00, 0xFC, 0xFF, 0xFF, 0xDF, 0x6A, 0x00, 0x00, 0x00, 0x00, 0x00, 0xD4, 0xBF, 0x02, 0xC0, 0x2F,
    0x00, 0x00, 0x00, 0x30, 0xFF, 0xFF, 0xAF, 0xF9, 0x0F, 0x00, 0x00, 0x00, 0x90, 0xCF, 0xE8, 0xFF,
    0xFF, 0x08, 0x00, 0x00, 0x00, 0xD0, 0x1F, 0x00, 0xE8, 0x8E, 0x00, 0x00, 0x00, 0x00, 0x00, 0x00,
    0x00, 0x00, 0x00, 0x00, 0x00, 0x00, 0xFC, 0xFF, 0x4F, 0x00, 0x00, 0x00, 0xF5, 0xFF, 0x01, 0xFC,
    0xFF, 0xDF, 0x00, 0x00, 0x00, 0xF5, 0xFF, 0x01, 0xFC, 0xFF, 0xFF, 0x07, 0x00, 0x00, 0xF5, 0xFF,
    0x01, 0xFC, 0xFF, 0xFF, 0x1F, 0x00, 0x00, 0xF5, 0xFF, 0x01, 0xFC, 0xDF, 0xFF, 0x9F, 0x00, 0x00,
    0xF5, 0xFF, 0x01, 0xFC, 0x7F, 0xFD, 0xFF, 0x03, 0x00, 0xF5, 0xFF, 0x01, 0xFC, 0x7F, 0xF4, 0xFF,
    0x0C, 0x00, 0xF5, 0xFF, 0x01, 0xFC, 0x8F, 0xB0, 0xFF, 0x5F, 0x00, 0xF5, 0xFF, 0x01, 0xFC, 0x9F,
    0x20, 0xFF, 0xDF, 0x00, 0xF5, 0xFF, 0x01, 0xFC, 0x9F, 0x00, 0xF9, 0xFF, 0x07, 0xF4, 0xFF, 0x01,
    0xFC, 0xAF, 0x00, 0xE1, 0xFF, 0x1F, 0xF4, 0xFF, 0x01, 0xFC, 0xAF, 0x00, 0x70, 0xFF, 0xAF, 0xF3,
    0xFF, 0x01, 0xFC, 0xAF, 0x00, 0x00, 0xFD, 0xFF, 0xF6, 0xFF, 0x01, 0xFC, 0xAF, 0x00, 0x00, 0xF4,
    0xFF, 0xFE, 0xFF, 0x01, 0xFC, 0xAF, 0x00, 0x00, 0xB0, 0xFF, 0xFF, 0xFF, 0x01, 0xFC, 0xAF, 0x00,
    0x00, 0x20, 0xFF, 0xFF, 0xFF, 0x01, 0xFC, 0xAF, 0x00, 0x00, 0x00, 0xF9, 0xFF, 0xFF, 0x01, 0xFC,
    0xAF, 0x00, 0x00, 0x00, 0xF1, 0xFF, 0xFF, 0x01, 0x00, 0x00, 0xF8, 0xFF, 0x0B, 0x00, 0x00, 0x00,
    0x00, 0x00, 0x00, 0x60, 0xFF, 0x7F, 0x00, 0x00, 0x00, 0x00, 0x00, 0x00, 0x00, 0xE4, 0xFF, 0x04,
    0x00, 0x00, 0x00, 0x00, 0x00, 0x00, 0x20, 0xFC, 0x1E, 0x00, 0x00, 0x00, 0x00, 0x00, 0x00, 0x00,
    0x00, 0x00, 0x00, 0x00, 0x00, 0x00, 0x00, 0x71, 0xEC, 0xFF, 0xBE, 0x17, 0x00, 0x00, 0x00, 0x60,
    0xFF, 0xFF, 0xFF, 0xFF, 0xFF, 0x05, 0x00, 0x00, 0xF7, 0xFF, 0xFF, 0xFF, 0xFF, 0xFF, 0x6F, 0x00,
    0x30, 0xFF, 0xFF, 0x5C, 0x22, 0xC5, 0xFF, 0xFF, 0x02, 0xB0, 0xFF, 0xAF, 0x00, 0x00, 0x00, 0xFB,
    0xFF, 0x09, 0xF1, 0xFF, 0x1F, 0x00, 0x00, 0x00, 0xF2, 0xFF, 0x0F, 0xF5, 0xFF, 0x0B, 0x00, 0x00,
    0x00, 0xC0, 0xFF, 0x3F, 0xF7, 0xFF, 0x08, 0x00, 0x00, 0x00, 0x90, 0xFF, 0x5F, 0xF8, 0xFF, 0x07,
    0x00, 0x00, 0x00, 0x80, 0xFF, 0x6F, 0xF8, 0xFF, 0x07, 0x00, 0x00, 0x00, 0x80, 0xFF, 0x6F, 0xF7,
    0xFF, 0x08, 0x00, 0x00, 0x00, 0x90, 0xFF, 0x5F, 0xF4, 0xFF, 0x0B, 0x00, 0x00, 0x00, 0xC0, 0xFF,
    0x3F, 0xF1, 0xFF, 0x1F, 0x00, 0x00, 0x00, 0xF2, 0xFF, 0x0F, 0xB0, 0xFF, 0xBF, 0x00, 0x00, 0x00,
    0xFC, 0xFF, 0x09, 0x30, 0xFF, 0xFF, 0x6C, 0x33, 0xD6, 0xFF, 0xFF, 0x02, 0x00, 0xF7, 0xFF, 0xFF,
    0xFF, 0xFF, 0xFF, 0x6F, 0x00, 0x00, 0x60, 0xFF, 0xFF, 0xFF, 0xFF, 0xEF, 0x05, 0x00, 0x00, 0x00,
    0x71, 0xEC, 0xFF, 0xBE, 0x06, 0x00, 0x00, 0x00, 0x00, 0x00, 0x00, 0xC0, 0xFF, 0x7F, 0x00, 0x00,
    0x00, 0x00, 0x00, 0x00, 0xF8, 0xFF, 0x05, 0x00, 0x00, 0x00, 0x00, 0x00, 0x50, 0xFF, 0x3E, 0x00,
    0x00, 0x00, 0x00, 0x00, 0x00, 0xF2, 0xCF, 0x01, 0x00, 0x00, 0x00, 0x00, 0x00, 0x00, 0x00, 0x00,
    0x00, 0x00, 0x00, 0x00, 0x00, 0x00, 0x71, 0xEC, 0xFF, 0xBE, 0x17, 0x00, 0x00, 0x00, 0x60, 0xFF,
    0xFF, 0xFF, 0xFF, 0xFF, 0x05, 0x00, 0x00, 0xF7, 0xFF, 0xFF, 0xFF, 0xFF, 0xFF, 0x6F, 0x00, 0x30,
    0xFF, 0xFF, 0x5C, 0x22, 0xC5, 0xFF, 0xFF, 0x02, 0xB0, 0xFF, 0xAF, 0x00, 0x00, 0x00, 0xFB, 0xFF,
    0x09, 0xF1, 0xFF, 0x1F, 0x00, 0x00, 0x00, 0xF2, 0xFF, 0x0F, 0xF5, 0xFF, 0x0B, 0x00, 0x00, 0x00,
    0xC0, 0xFF, 0x3F, 0xF7, 0xFF, 0x08, 0x00, 0x00, 0x00, 0x90, 0xFF, 0x5F, 0xF8, 0xFF, 0x07, 0x00,
    0x00, 0x00, 0x80, 0xFF, 0x6F, 0xF8, 0xFF, 0x07, 0x00, 0x00, 0x00, 0x80, 0xFF, 0x6F, 0xF7, 0xFF,
    0x08, 0x00, 0x00, 0x00, 0x90, 0xFF, 0x5F, 0xF4, 0xFF, 0x0B, 0x00, 0x00, 0x00, 0xC0, 0xFF, 0x3F,
    0xF1, 0xFF, 0x1F, 0x00, 0x00, 0x00, 0xF2, 0xFF, 0x0F, 0xB0, 0xFF, 0xBF, 0x00, 0x00, 0x00, 0xFC,
    0xFF, 0x09, 0x30, 0xFF, 0xFF, 0x6C, 0x33, 0xD6, 0xFF, 0xFF, 0x02, 0x00, 0xF7, 0xFF, 0xFF, 0xFF,
    0xFF, 0xFF, 0x6F, 0x00, 0x00, 0x60, 0xFF, 0xFF, 0xFF, 0xFF, 0xEF, 0x05, 0x00, 0x00, 0x00, 0x71,
    0xEC, 0xFF, 0xBE, 0x06, 0x00, 0x00, 0x00, 0x00, 0x00, 0xF8, 0xFF, 0x8F, 0x00, 0x00, 0x00, 0x00,
    0x00, 0x50, 0xFF, 0xFF, 0xFF, 0x04, 0x00, 0x00, 0x00, 0x00, 0xF3, 0xFF, 0x54, 0xFF, 0x3F, 0x00,
    0x00, 0x00, 0x20, 0xFF, 0x2C, 0x00, 0xC2, 0xEF, 0x01, 0x00, 0x00, 0x00, 0x00, 0x00, 0x00, 0x00,
    0x00, 0x00, 0x00, 0x00, 0x00, 0x71, 0xEC, 0xFF, 0xBE, 0x17, 0x00, 0x00, 0x00, 0x60, 0xFF, 0xFF,
    0xFF, 0xFF, 0xFF, 0x05, 0x00, 0x00, 0xF7, 0xFF, 0xFF, 0xFF, 0xFF, 0xFF, 0x6F, 0x00, 0x30, 0xFF,
    0xFF, 0x5C, 0x22, 0xC5, 0xFF, 0xFF, 0x02, 0xB0, 0xFF, 0xAF, 0x00, 0x00, 0x00, 0xFB, 0xFF, 0x09,
    0xF1, 0xFF, 0x1F, 0x00, 0x00, 0x00, 0xF2, 0xFF, 0x0F, 0xF5, 0xFF, 0x0B, 0x00, 0x00, 0x00, 0xC0,
    0xFF, 0x3F, 0xF7, 0xFF, 0x08, 0x00, 0x00, 0x00, 0x90, 0xFF, 0x5F, 0xF8, 0xFF, 0x07, 0x00, 0x00,
    0x00, 0x80, 0xFF, 0x6F, 0xF8, 0xFF, 0x07, 0x00, 0x00, 0x00, 0x80, 0xFF, 0x6F, 0xF7, 0xFF, 0x08,
    0x00, 0x00, 0x00, 0x90, 0xFF, 0x5F, 0xF4, 0xFF, 0x0B, 0x00, 0x00, 0x00, 0xC0, 0xFF, 0x3F, 0xF1,
    0xFF, 0x1F, 0x00, 0x00, 0x00, 0xF2, 0xFF, 0x0F, 0xB0, 0xFF, 0xBF, 0x00, 0x00, 0x00, 0xFC, 0xFF,
    0x09, 0x30, 0xFF, 0xFF, 0x6C, 0x33, 0xD6, 0xFF, 0xFF, 0x02, 0x00, 0xF7, 0xFF, 0xFF, 0xFF, 0xFF,
    0xFF, 0x6F, 0x00, 0x00, 0x60, 0xFF, 0xFF, 0xFF, 0xFF, 0xEF, 0x05, 0x00, 0x00, 0x00, 0x71, 0xEC,
    0xFF, 0xBE, 0x06, 0x00, 0x00, 0x00, 0x00, 0x70, 0xFE, 0x19, 0x00, 0xFF, 0x00, 0x00, 0x00, 0x00,
    0xF6, 0xFF, 0xEF, 0xB9, 0xBF, 0x00, 0x00, 0x00, 0x00, 0xFD, 0x9A, 0xFF, 0xFF, 0x4F, 0x00, 0x00,
    0x00, 0x10, 0xDF, 0x00, 0xA1, 0xDF, 0x05, 0x00, 0x00, 0x00, 0x00, 0x00, 0x00, 0x00, 0x00, 0x00,
    0x00, 0x00, 0x00, 0x00, 0x71, 0xEC, 0xFF, 0xBE, 0x17, 0x00, 0x00, 0x00, 0x60, 0xFF, 0xFF, 0xFF,
    0xFF, 0xFF, 0x05, 0x00, 0x00, 0xF7, 0xFF, 0xFF, 0xFF, 0xFF, 0xFF, 0x6F, 0x00, 0x30, 0xFF, 0xFF,
    0x5C, 0x22, 0xC5, 0xFF, 0xFF, 0x02, 0xB0, 0xFF, 0xAF, 0x00, 0x00, 0x00, 0xFB, 0xFF, 0x09, 0xF1,
    0xFF, 0x1F, 0x00, 0x00, 0x00, 0xF2, 0xFF, 0x0F, 0xF5, 0xFF, 0x0B, 0x00, 0x00, 0x00, 0xC0, 0xFF,
    0x3F, 0xF7, 0xFF, 0x08, 0x00, 0x00, 0x00, 0x90, 0xFF, 0x5F, 0xF8, 0xFF, 0x07, 0x00, 0x00, 0x00,
    0x80, 0xFF, 0x6F, 0xF8, 0xFF, 0x07, 0x00, 0x00, 0x00, 0x80, 0xFF, 0x6F, 0xF7, 0xFF, 0x08, 0x00,
    0x00, 0x00, 0x90, 0xFF, 0x5F, 0xF4, 0xFF, 0x0B, 0x00, 0x00, 0x00, 0xC0, 0xFF, 0x3F, 0xF1, 0xFF,
    0x1F, 0x00, 0x00, 0x00, 0xF2, 0xFF, 0x0F, 0xB0, 0xFF, 0xBF, 0x00, 0x00, 0x00, 0xFC, 0xFF, 0x09,
    0x30, 0xFF, 0xFF, 0x6C, 0x33, 0xD6, 0xFF, 0xFF, 0x02, 0x00, 0xF7, 0xFF, 0xFF, 0xFF, 0xFF, 0xFF,
    0x6F, 0x00, 0x00, 0x60, 0xFF, 0xFF, 0xFF, 0xFF, 0xEF, 0x05, 0x00, 0x00, 0x00, 0x71, 0xEC, 0xFF,
    0xBE, 0x06, 0x00, 0x00, 0x00, 0x00, 0x10, 0x03, 0x00, 0x31, 0x00, 0x00, 0x00, 0x00, 0x00, 0xE1,
    0xEF, 0x10, 0xFF, 0x0D, 0x00, 0x00, 0x00, 0x00, 0xF3, 0xFF, 0x42, 0xFF, 0x1F, 0x00, 0x00, 0x00,
    0x00, 0xB0, 0xAF, 0x00, 0xFC, 0x0A, 0x00, 0x00, 0x00, 0x00, 0x00, 0x00, 0x00, 0x00, 0x00, 0x00,
    0x00, 0x00, 0x00, 0x00, 0x00, 0x00, 0x00, 0x00, 0x00, 0x00, 0x00, 0x00, 0x71, 0xEC, 0xFF, 0xBE,
    0x17, 0x00, 0x00, 0x00, 0x60, 0xFF, 0xFF, 0xFF, 0xFF, 0xFF, 0x05, 0x00, 0x00, 0xF7, 0xFF, 0xFF,
    0xFF, 0xFF, 0xFF, 0x6F, 0x00, 0x30, 0xFF, 0xFF, 0x5C, 0x22, 0xC5, 0xFF, 0xFF, 0x02, 0xB0, 0xFF,
    0xAF, 0x00, 0x00, 0x00, 0xFB, 0xFF, 0x09, 0xF1, 0xFF, 0x1F, 0x00, 0x00, 0x00, 0xF2, 0xFF, 0x0F,
    0xF5, 0xFF, 0x0B, 0x00, 0x00, 0x00, 0xC0, 0xFF, 0x3F, 0xF7, 0xFF, 0x08, 0x00, 0x00, 0x00, 0x90,
    0xFF, 0x5F, 0xF8, 0xFF, 0x07, 0x00, 0x00, 0x00, 0x80, 0xFF, 0x6F, 0xF8, 0xFF, 0x07, 0x00, 0x00,
    0x00, 0x80, 0xFF, 0x6F, 0xF7, 0xFF, 0x08, 0x00, 0x00, 0x00, 0x90, 0xFF, 0x5F, 0xF4, 0xFF, 0x0B,
    0x00, 0x00, 0x00, 0xC0, 0xFF, 0x3F, 0xF1, 0xFF, 0x1F, 0x00, 0x00, 0x00, 0xF2, 0xFF, 0x0F, 0xB0,
    0xFF, 0xBF, 0x00, 0x00, 0x00, 0xFC, 0xFF, 0x09, 0x30, 0xFF, 0xFF, 0x6C, 0x33, 0xD6, 0xFF, 0xFF,
    0x02, 0x00, 0xF7, 0xFF, 0xFF, 0xFF, 0xFF, 0xFF, 0x6F, 0x00, 0x00, 0x60, 0xFF, 0xFF, 0xFF, 0xFF,
    0xEF, 0x05, 0x00, 0x00, 0x00, 0x71, 0xEC, 0xFF, 0xBE, 0x06, 0x00, 0x00, 0x20, 0x1C, 0x00, 0x00,
    0xA0, 0x05, 0xE2, 0xDF, 0x01, 0x00, 0xFB, 0x5F, 0xB0, 0xFF, 0x1D, 0xB0, 0xFF, 0x2E, 0x00, 0xFB,
    0xDF, 0xFB, 0xEF, 0x02, 0x00, 0xC0, 0xFF, 0xFF, 0x2D, 0x00, 0x00, 0x10, 0xFF, 0xFF, 0x03, 0x00,
    0x00, 0xB0, 0xFF, 0xFF, 0x1D, 0x00, 0x00, 0xFB, 0xDF, 0xFB, 0xDF, 0x01, 0xB0, 0xFF, 0x1D, 0xB0,
    0xFF, 0x1D, 0xE2, 0xDF, 0x01, 0x00, 0xFB, 0x4F, 0x20, 0x1C, 0x00, 0x00, 0xA0, 0x05, 0x00, 0x00,
    0x00, 0x00, 0x00, 0x00, 0x10, 0x2C, 0x00, 0x00, 0x00, 0x71, 0xEC, 0xFF, 0xBE, 0xA6, 0xEF, 0x00,
    0x00, 0x60, 0xFF, 0xFF, 0xFF, 0xFF, 0xFF, 0x7F, 0x00, 0x00, 0xF7, 0xFF, 0xFF, 0xFF, 0xFF, 0xFF,
    0x6F, 0x00, 0x30, 0xFF, 0xFF, 0x5C, 0x22, 0xE6, 0xFF, 0xFF, 0x02, 0xB0, 0xFF, 0xAF, 0x00, 0x00,
    0xF4, 0xFF, 0xFF, 0x09, 0xF1, 0xFF, 0x1F, 0x00, 0x10, 0xFE, 0xFE, 0xFF, 0x0F, 0xF5, 0xFF, 0x0B,
    0x00, 0xA0, 0xFF, 0xD3, 0xFF, 0x3F, 0xF7, 0xFF, 0x08, 0x00, 0xF5, 0x8F, 0xA0, 0xFF, 0x5F, 0xF8,
    0xFF, 0x07, 0x20, 0xFF, 0x0C, 0x80, 0xFF, 0x6F, 0xF8, 0xFF, 0x07, 0xC0, 0xFF, 0x02, 0x80, 0xFF,
    0x6F, 0xF7, 0xFF, 0x08, 0xF7, 0x6F, 0x00, 0x90, 0xFF, 0x5F, 0xF5, 0xFF, 0x3B, 0xFF, 0x0B, 0x00,
    0xC0, 0xFF, 0x3F, 0xF1, 0xFF, 0xDF, 0xEF, 0x01, 0x00, 0xF2, 0xFF, 0x0F, 0xB0, 0xFF, 0xFF, 0x5F,
    0x00, 0x00, 0xFC, 0xFF, 0x0A, 0x30, 0xFF, 0xFF, 0x6F, 0x33, 0xD6, 0xFF, 0xFF, 0x02, 0x00, 0xF7,
    0xFF, 0xFF, 0xFF, 0xFF, 0xFF, 0x6F, 0x00, 0x00, 0xF8, 0xFF, 0xFF, 0xFF, 0xFF, 0xEF, 0x05, 0x00,
    0x10, 0xFF, 0x7B, 0xEB, 0xFF, 0xBE, 0x06, 0x00, 0x00, 0x00, 0xC3, 0x01, 0x00, 0x00, 0x00, 0x00,
    0x00, 0x00, 0x00, 0xE2, 0xFF, 0x3F, 0x00, 0x00, 0x00, 0x00, 0x00, 0x10, 0xFD, 0xDF, 0x01, 0x00,
    0x00, 0x00, 0x00, 0x00, 0xA0, 0xFF, 0x0B, 0x00, 0x00, 0x00, 0x00, 0x00, 0x00, 0xF7, 0x8F, 0x00,
    0x00, 0x00, 0x00, 0x00, 0x00, 0x00, 0x00, 0x00, 0x00, 0x00, 0xFE, 0xEF, 0x00, 0x00, 0x00, 0xF0,
    0xFF, 0x0C, 0xFE, 0xEF, 0x00, 0x00, 0x00, 0xF0, 0xFF, 0x0C, 0xFE, 0xEF, 0x00, 0x00, 0x00, 0xF0,
    0xFF, 0x0C, 0xFE, 0xEF, 0x00, 0x00, 0x00, 0xF0, 0xFF, 0x0C, 0xFE, 0xEF, 0x00, 0x00, 0x00, 0xF0,
    0xFF, 0x0C, 0xFE, 0xEF, 0x00, 0x00, 0x00, 0xF0, 0xFF, 0x0C, 0xFE, 0xEF, 0x00, 0x00, 0x00, 0xF0,
    0xFF, 0x0C, 0xFE, 0xEF, 0x00, 0x00, 0x00, 0xF0, 0xFF, 0x0C, 0xFE, 0xEF, 0x00, 0x00, 0x00, 0xF0,
    0xFF, 0x0C, 0xFE, 0xEF, 0x00, 0x00, 0x00, 0xF0, 0xFF, 0x0C, 0xFE, 0xEF, 0x00, 0x00, 0x00, 0xF0,
    0xFF, 0x0C, 0xFD, 0xEF, 0x00, 0x00, 0x00, 0xF0, 0xFF, 0x0C, 0xFC, 0xFF, 0x01, 0x00, 0x00, 0xF3,
    0xFF, 0x0B, 0xF9, 0xFF, 0x07, 0x00, 0x00, 0xF9, 0xFF, 0x07, 0xF3, 0xFF, 0x9F, 0x34, 0xA4, 0xFF,
    0xFF, 0x01, 0xA0, 0xFF, 0xFF, 0xFF, 0xFF, 0xFF, 0x7F, 0x00, 0x00, 0xFA, 0xFF, 0xFF, 0xFF, 0xFF,
    0x07, 0x00, 0x00, 0x30, 0xD9, 0xFF, 0xCF, 0x28, 0x00, 0x00, 0x00, 0x00, 0x00, 0x40, 0xFF, 0xDF,
    0x01, 0x00, 0x00, 0x00, 0x00, 0xE1, 0xFF, 0x1C, 0x00, 0x00, 0x00, 0x00, 0x00, 0xFC, 0x9F, 0x00,
    0x00, 0x00, 0x00, 0x00, 0x90, 0xFF, 0x06, 0x00, 0x00, 0x00, 0x00, 0x00, 0x00, 0x00, 0x00, 0x00,
    0x00, 0x00, 0xFE, 0xEF, 0x00, 0x00, 0x00, 0xF0, 0xFF, 0x0C, 0xFE, 0xEF, 0x00, 0x00, 0x00, 0xF0,
    0xFF, 0x0C, 0xFE, 0xEF, 0x00, 0x00, 0x00, 0xF0, 0xFF, 0x0C, 0xFE, 0xEF, 0x00, 0x00, 0x00, 0xF0,
    0xFF, 0x0C, 0xFE, 0xEF, 0x00, 0x00, 0x00, 0xF0, 0xFF, 0x0C, 0xFE, 0xEF, 0x00, 0x00, 0x00, 0xF0,
    0xFF, 0x0C, 0xFE, 0xEF, 0x00, 0x00, 0x00, 0xF0, 0xFF, 0x0C, 0xFE, 0xEF, 0x00, 0x00, 0x00, 0xF0,
    0xFF, 0x0C, 0xFE, 0xEF, 0x00, 0x00, 0x00, 0xF0, 0xFF, 0x0C, 0xFE, 0xEF, 0x00, 0x00, 0x00, 0xF0,
    0xFF, 0x0C, 0xFE, 0xEF, 0x00, 0x00, 0x00, 0xF0, 0xFF, 0x0C, 0xFD, 0xEF, 0x00, 0x00, 0x00, 0xF0,
    0xFF, 0x0C, 0xFC, 0xFF, 0x01, 0x00, 0x00, 0xF3, 0xFF, 0x0B, 0xF9, 0xFF, 0x07, 0x00, 0x00, 0xF9,
    0xFF, 0x07, 0xF3, 0xFF, 0x9F, 0x34, 0xA4, 0xFF, 0xFF, 0x01, 0xA0, 0xFF, 0xFF, 0xFF, 0xFF, 0xFF,
    0x7F, 0x00, 0x00, 0xFA, 0xFF, 0xFF, 0xFF, 0xFF, 0x07, 0x00, 0x00, 0x30, 0xD9, 0xFF, 0xCF, 0x28,
    0x00, 0x00, 0x00, 0x00, 0xF1, 0xFF, 0xEF, 0x01, 0x00, 0x00, 0x00, 0x00, 0xFC, 0xFF, 0xFF, 0x0C,
    0x00, 0x00, 0x00, 0xB0, 0xFF, 0x1B, 0xFC, 0xAF, 0x00, 0x00, 0x00, 0xF9, 0x6F, 0x00, 0x70, 0xFF,
    0x08, 0x00, 0x00, 0x00, 0x00, 0x00, 0x00, 0x00, 0x00, 0x00, 0xFE, 0xEF, 0x00, 0x00, 0x00, 0xF0,
    0xFF, 0x0C, 0xFE, 0xEF, 0x00, 0x00, 0x00, 0xF0, 0xFF, 0x0C, 0xFE, 0xEF, 0x00, 0x00, 0x00, 0xF0,
    0xFF, 0x0C, 0xFE, 0xEF, 0x00, 0x00, 0x00, 0xF0, 0xFF, 0x0C, 0xFE, 0xEF, 0x00, 0x00, 0x00, 0xF0,
    0xFF, 0x0C, 0xFE, 0xEF, 0x00, 0x00, 0x00, 0xF0, 0xFF, 0x0C, 0xFE, 0xEF, 0x00, 0x00, 0x00, 0xF0,
    0xFF, 0x0C, 0xFE, 0xEF, 0x00, 0x00, 0x00, 0xF0, 0xFF, 0x0C, 0xFE, 0xEF, 0x00, 0x00, 0x00, 0xF0,
    0xFF, 0x0C, 0xFE, 0xEF, 0x00, 0x00, 0x00, 0xF0, 0xFF, 0x0C, 0xFE, 0xEF, 0x00, 0x00, 0x00, 0xF0,
    0xFF, 0x0C, 0xFD, 0xEF, 0x00, 0x00, 0x00, 0xF0, 0xFF, 0x0C, 0xFC, 0xFF, 0x01, 0x00, 0x00, 0xF3,
    0xFF, 0x0B, 0xF9, 0xFF, 0x07, 0x00, 0x00, 0xF9, 0xFF, 0x07, 0xF3, 0xFF, 0x9F, 0x34, 0xA4, 0xFF,
    0xFF, 0x01, 0xA0, 0xFF, 0xFF, 0xFF, 0xFF, 0xFF, 0x7F, 0x00, 0x00, 0xFA, 0xFF, 0xFF, 0xFF, 0xFF,
    0x07, 0x00, 0x00, 0x30, 0xD9, 0xFF, 0xCF, 0x28, 0x00, 0x00, 0x00, 0x00, 0x23, 0x00, 0x30, 0x02,
    0x00, 0x00, 0x00, 0x70, 0xFF, 0x06, 0xF9, 0x6F, 0x00, 0x00, 0x00, 0xB0, 0xFF, 0x0A, 0xFC, 0x9F,
    0x00, 0x00, 0x00, 0x40, 0xEE, 0x04, 0xF5, 0x3E, 0x00, 0x00, 0x00, 0x00, 0x00, 0x00, 0x00, 0x00,
    0x00, 0x00, 0x00, 0x00, 0x00, 0x00, 0x00, 0x00, 0x00, 0x00, 0xFE, 0xEF, 0x00, 0x00, 0x00, 0xF0,
    0xFF, 0x0C, 0xFE, 0xEF, 0x00, 0x00, 0x00, 0xF0, 0xFF, 0x0C, 0xFE, 0xEF, 0x00, 0x00, 0x00, 0xF0,
    0xFF, 0x0C, 0xFE, 0xEF, 0x00, 0x00, 0x00, 0xF0, 0xFF, 0x0C, 0xFE, 0xEF, 0x00, 0x00, 0x00, 0xF0,
    0xFF, 0x0C, 0xFE, 0xEF, 0x00, 0x00, 0x00, 0xF0, 0xFF, 0x0C, 0xFE, 0xEF, 0x00, 0x00, 0x00, 0xF0,
    0xFF, 0x0C, 0xFE, 0xEF, 0x00, 0x00, 0x00, 0xF0, 0xFF, 0x0C, 0xFE, 0xEF, 0x00, 0x00, 0x00, 0xF0,
    0xFF, 0x0C, 0xFE, 0xEF, 0x00, 0x00, 0x00, 0xF0, 0xFF, 0x0C, 0xFE, 0xEF, 0x00, 0x00, 0x00, 0xF0,
    0xFF, 0x0C, 0xFD, 0xEF, 0x00, 0x00, 0x00, 0xF0, 0xFF, 0x0C, 0xFC, 0xFF, 0x01, 0x00, 0x00, 0xF3,
    0xFF, 0x0B, 0xF9, 0xFF, 0x07, 0x00, 0x00, 0xF9, 0xFF, 0x07, 0xF3, 0xFF, 0x9F, 0x34, 0xA4, 0xFF,
    0xFF, 0x01, 0xA0, 0xFF, 0xFF, 0xFF, 0xFF, 0xFF, 0x7F, 0x00, 0x00, 0xFA, 0xFF, 0xFF, 0xFF, 0xFF,
    0x07, 0x00, 0x00, 0x30, 0xD9, 0xFF, 0xCF, 0x28, 0x00, 0x00, 0x00, 0x00, 0x00, 0x00, 0xFD, 0xFF,
    0x04, 0x00, 0x00, 0x00, 0x00, 0xA0, 0xFF, 0x4E, 0x00, 0x00, 0x00, 0x00, 0x00, 0xF7, 0xDF, 0x02,
    0x00, 0x00, 0x00, 0x00, 0x40, 0xFF, 0x0A, 0x00, 0x00, 0x00, 0x00, 0x00, 0x00, 0x00, 0x00, 0x00,
    0x00, 0x00, 0xFB, 0xFF, 0x05, 0x00, 0x00, 0xB0, 0xFF, 0x5F, 0xF3, 0xFF, 0x0D, 0x00, 0x00, 0xF3,
    0xFF, 0x0C, 0xA0, 0xFF, 0x5F, 0x00, 0x00, 0xFB, 0xFF, 0x04, 0x20, 0xFF, 0xDF, 0x00, 0x30, 0xFF,
    0xBF, 0x00, 0x00, 0xF9, 0xFF, 0x05, 0xB0, 0xFF, 0x2F, 0x00, 0x00, 0xF1, 0xFF, 0x0D, 0xF3, 0xFF,
    0x0A, 0x00, 0x00, 0x80, 0xFF, 0x5F, 0xFC, 0xFF, 0x02, 0x00, 0x00, 0x10, 0xFF, 0xEF, 0xFF, 0x9F,
    0x00, 0x00, 0x00, 0x00, 0xF7, 0xFF, 0xFF, 0x1F, 0x00, 0x00, 0x00, 0x00, 0xE0, 0xFF, 0xFF, 0x07,
    0x00, 0x00, 0x00, 0x00, 0x60, 0xFF, 0xEF, 0x00, 0x00, 0x00, 0x00, 0x00, 0x10, 0xFF, 0xBF, 0x00,
    0x00, 0x00, 0x00, 0x00, 0x10, 0xFF, 0xBF, 0x00, 0x00, 0x00, 0x00, 0x00, 0x10, 0xFF, 0xBF, 0x00,
    0x00, 0x00, 0x00, 0x00, 0x10, 0xFF, 0xBF, 0x00, 0x00, 0x00, 0x00, 0x00, 0x10, 0xFF, 0xBF, 0x00,
    0x00, 0x00, 0x00, 0x00, 0x10, 0xFF, 0xBF, 0x00, 0x00, 0x00, 0x00, 0x00, 0x10, 0xFF, 0xBF, 0x00,
    0x00, 0x00, 0xFC, 0xFF, 0x00, 0x00, 0x00, 0x00, 0x00, 0xFC, 0xFF, 0x00, 0x00, 0x00, 0x00, 0x00,
    0xFC, 0xFF, 0x00, 0x00, 0x00, 0x00, 0x00, 0xFC, 0xFF, 0xFF, 0xEF, 0x7C, 0x00, 0x00, 0xFC, 0xFF,
    0xFF, 0xFF, 0xFF, 0x2E, 0x00, 0xFC, 0xFF, 0xFF, 0xFF, 0xFF, 0xDF, 0x00, 0xFC, 0xFF, 0x11, 0x62,
    0xFF, 0xFF, 0x04, 0xFC, 0xFF, 0x00, 0x00, 0xF6, 0xFF, 0x08, 0xFC, 0xFF, 0x00, 0x00, 0xF4, 0xFF,
    0x09, 0xFC, 0xFF, 0x00, 0x00, 0xF7, 0xFF, 0x07, 0xFC, 0xFF, 0x01, 0x72, 0xFF, 0xFF, 0x03, 0xFC,
    0xFF, 0xFF, 0xFF, 0xFF, 0xBF, 0x00, 0xFC, 0xFF, 0xFF, 0xFF, 0xFF, 0x1C, 0x00, 0xFC, 0xFF, 0xFF,
    0xEF, 0x5B, 0x00, 0x00, 0xFC, 0xFF, 0x00, 0x00, 0x00, 0x00, 0x00, 0xFC, 0xFF, 0x00, 0x00, 0x00,
    0x00, 0x00, 0xFC, 0xFF, 0x00, 0x00, 0x00, 0x00, 0x00, 0xFC, 0xFF, 0x00, 0x00, 0x00, 0x00, 0x00,
    0x00, 0x10, 0xC8, 0xFE, 0xDF, 0x6A, 0x00, 0x00, 0x00, 0xF6, 0xFF, 0xFF, 0xFF, 0xFF, 0x2D, 0x00,
    0x40, 0xFF, 0xFF, 0xEF, 0xFF, 0xFF, 0xDF, 0x00, 0xC0, 0xFF, 0x8F, 0x01, 0x40, 0xFE, 0xFF, 0x03,
    0xF0, 0xFF, 0x0D, 0x00, 0x00, 0xF9, 0xFF, 0x03, 0xF0, 0xFF, 0x0A, 0x00, 0x00, 0xFD, 0xDF, 0x00,
    0xF0, 0xFF, 0x0A, 0x00, 0xC2, 0xFF, 0x3E, 0x00, 0xF0, 0xFF, 0x0A, 0x30, 0xFF, 0xCF, 0x02, 0x00,
    0xF0, 0xFF, 0x0A, 0xC0, 0xFF, 0x0D, 0x00, 0x00, 0xF0, 0xFF, 0x0A, 0xE0, 0xFF, 0x4F, 0x00, 0x00,
    0xF0, 0xFF, 0x0A, 0xA0, 0xFF, 0xFF, 0x19, 0x00, 0xF0, 0xFF, 0x0A, 0x10, 0xFB, 0xFF, 0xEF, 0x03,
    0xF0, 0xFF, 0x0A, 0x00, 0x60, 0xFE, 0xFF, 0x3F, 0xF0, 0xFF, 0x0A, 0x00, 0x00, 0xA1, 0xFF, 0xAF,
    0xF0, 0xFF, 0x0A, 0x00, 0x00, 0x00, 0xFF, 0xDF, 0xF0, 0xFF, 0x0A, 0x44, 0x00, 0x20, 0xFF, 0xDF,
    0xF0, 0xFF, 0x0A, 0xF6, 0xBE, 0xFB, 0xFF, 0x9F, 0xF0, 0xFF, 0x0A, 0xF6, 0xFF, 0xFF, 0xFF, 0x1D,
    0xF0, 0xFF, 0x0A, 0xA2, 0xFD, 0xEF, 0x7C, 0x00, 0x10, 0xFD, 0xFF, 0x04, 0x00, 0x00, 0x00, 0x00,
    0xC1, 0xFF, 0x1E, 0x00, 0x00, 0x00, 0x00, 0x00, 0xF9, 0xCF, 0x00, 0x00, 0x00, 0x00, 0x00, 0x60,
    0xFF, 0x0A, 0x00, 0x00, 0x00, 0x00, 0x00, 0x00, 0x00, 0x00, 0x00, 0x00, 0x94, 0xFD, 0xFF, 0x8C,
    0x01, 0x00, 0x70, 0xFF, 0xFF, 0xFF, 0xFF, 0x2E, 0x00, 0x10, 0xFF, 0xDF, 0xEC, 0xFF, 0xBF, 0x00,
    0x00, 0x56, 0x00, 0x00, 0xFC, 0xFF, 0x01, 0x00, 0x00, 0x00, 0x00, 0xF7, 0xFF, 0x03, 0x00, 0x93,
    0xEC, 0xFE, 0xFF, 0xFF, 0x03, 0xA0, 0xFF, 0xFF, 0xFF, 0xFF, 0xFF, 0x03, 0xF7, 0xFF, 0x7E, 0x34,
    0xF9, 0xFF, 0x03, 0xFD, 0xFF, 0x02, 0x00, 0xF8, 0xFF, 0x03, 0xFF, 0xEF, 0x00, 0x00, 0xFA, 0xFF,
    0x03, 0xFE, 0xFF, 0x02, 0x50, 0xFF, 0xFF, 0x03, 0xFA, 0xFF, 0xCF, 0xFD, 0xFF, 0xFF, 0x03, 0xF2,
    0xFF, 0xFF, 0xFF, 0xE4, 0xFF, 0x03, 0x20, 0xEA, 0xEF, 0x2A, 0x80, 0xFF, 0x03, 0x00, 0x00, 0x00,
    0xF3, 0xFF, 0x2E, 0x00, 0x00, 0x00, 0x10, 0xFD, 0xDF, 0x01, 0x00, 0x00, 0x00, 0xB0, 0xFF, 0x0A,
    0x00, 0x00, 0x00, 0x00, 0xF8, 0x7F, 0x00, 0x00, 0x00, 0x00, 0x00, 0x00, 0x00, 0x00, 0x00, 0x00,
    0x00, 0x94, 0xFD, 0xFF, 0x8C, 0x01, 0x00, 0x70, 0xFF, 0xFF, 0xFF, 0xFF, 0x2E, 0x00, 0x10, 0xFF,
    0xDF, 0xEC, 0xFF, 0xBF, 0x00, 0x00, 0x56, 0x00, 0x00, 0xFC, 0xFF, 0x01, 0x00, 0x00, 0x00, 0x00,
    0xF7, 0xFF, 0x03, 0x00, 0x93, 0xEC, 0xFE, 0xFF, 0xFF, 0x03, 0xA0, 0xFF, 0xFF, 0xFF, 0xFF, 0xFF,
    0x03, 0xF7, 0xFF, 0x7E, 0x34, 0xF9, 0xFF, 0x03, 0xFD, 0xFF, 0x02, 0x00, 0xF8, 0xFF, 0x03, 0xFF,
    0xEF, 0x00, 0x00, 0xFA, 0xFF, 0x03, 0xFE, 0xFF, 0x02, 0x50, 0xFF, 0xFF, 0x03, 0xFA, 0xFF, 0xCF,
    0xFD, 0xFF, 0xFF, 0x03, 0xF2, 0xFF, 0xFF, 0xFF, 0xE4, 0xFF, 0x03, 0x20, 0xEA, 0xEF, 0x2A, 0x80,
    0xFF, 0x03, 0x00, 0x10, 0xFE, 0xFF, 0x2F, 0x00, 0x00, 0x00, 0xB0, 0xFF, 0xFF, 0xDF, 0x01, 0x00,
    0x00, 0xF9, 0xCF, 0xB1, 0xFF, 0x0B, 0x00, 0x80, 0xFF, 0x08, 0x00, 0xF6, 0xAF, 0x00, 0x00, 0x00,
    0x00, 0x00, 0x00, 0x00, 0x00, 0x00, 0x94, 0xFD, 0xFF, 0x8C, 0x01, 0x00, 0x70, 0xFF, 0xFF, 0xFF,
    0xFF, 0x2E, 0x00, 0x10, 0xFF, 0xDF, 0xEC, 0xFF, 0xBF, 0x00, 0x00, 0x56, 0x00, 0x00, 0xFC, 0xFF,
    0x01, 0x00, 0x00, 0x00, 0x00, 0xF7, 0xFF, 0x03, 0x00, 0x93, 0xEC, 0xFE, 0xFF, 0xFF, 0x03, 0xA0,
    0xFF, 0xFF, 0xFF, 0xFF, 0xFF, 0x03, 0xF7, 0xFF, 0x7E, 0x34, 0xF9, 0xFF, 0x03, 0xFD, 0xFF, 0x02,
    0x00, 0xF8, 0xFF, 0x03, 0xFF, 0xEF, 0x00, 0x00, 0xFA, 0xFF, 0x03, 0xFE, 0xFF, 0x02, 0x50, 0xFF,
    0xFF, 0x03, 0xFA, 0xFF, 0xCF, 0xFD, 0xFF, 0xFF, 0x03, 0xF2, 0xFF, 0xFF, 0xFF, 0xE4, 0xFF, 0x03,
    0x20, 0xEA, 0xEF, 0x2A, 0x80, 0xFF, 0x03, 0x00, 0xA1, 0xDF, 0x05, 0x60, 0x8F, 0x00, 0x00, 0xFC,
    0xFF, 0xCF, 0xE8, 0x5F, 0x00, 0x30, 0xFF, 0xB8, 0xFF, 0xFF, 0x0D, 0x00, 0x70, 0x7F, 0x00, 0xD5,
    0xBF, 0x01, 0x00, 0x00, 0x00, 0x00, 0x00, 0x00, 0x00, 0x00, 0x00, 0x94, 0xFD, 0xFF, 0x8C, 0x01,
    0x00, 0x70, 0xFF, 0xFF, 0xFF, 0xFF, 0x2E, 0x00, 0x10, 0xFF, 0xDF, 0xEC, 0xFF, 0xBF, 0x00, 0x00,
    0x56, 0x00, 0x00, 0xFC, 0xFF, 0x01, 0x00, 0x00, 0x00, 0x00, 0xF7, 0xFF, 0x03, 0x00, 0x93, 0xEC,
    0xFE, 0xFF, 0xFF, 0x03, 0xA0, 0xFF, 0xFF, 0xFF, 0xFF, 0xFF, 0x03, 0xF7, 0xFF, 0x7E, 0x34, 0xF9,
    0xFF, 0x03, 0xFD, 0xFF, 0x02, 0x00, 0xF8, 0xFF, 0x03, 0xFF, 0xEF, 0x00, 0x00, 0xFA, 0xFF, 0x03,
    0xFE, 0xFF, 0x02, 0x50, 0xFF, 0xFF, 0x03, 0xFA, 0xFF, 0xCF, 0xFD, 0xFF, 0xFF, 0x03, 0xF2, 0xFF,
    0xFF, 0xFF, 0xE4, 0xFF, 0x03, 0x20, 0xEA, 0xEF, 0x2A, 0x80, 0xFF, 0x03, 0x00, 0x20, 0x03, 0x00,
    0x22, 0x00, 0x00, 0x00, 0xF6, 0x8F, 0x70, 0xFF, 0x07, 0x00, 0x00, 0xF9, 0xCF, 0xB0, 0xFF, 0x0B,
    0x00, 0x00, 0xE3, 0x5E, 0x40, 0xEE, 0x04, 0x00, 0x00, 0x00, 0x00, 0x00, 0x00, 0x00, 0x00, 0x00,
    0x00, 0x00, 0x00, 0x00, 0x00, 0x00, 0x00, 0x94, 0xFD, 0xFF, 0x8C, 0x01, 0x00, 0x70, 0xFF, 0xFF,
    0xFF, 0xFF, 0x2E, 0x00, 0x10, 0xFF, 0xDF, 0xEC, 0xFF, 0xBF, 0x00, 0x00, 0x56, 0x00, 0x00, 0xFC,
    0xFF, 0x01, 0x00, 0x00, 0x00, 0x00, 0xF7, 0xFF, 0x03, 0x00, 0x93, 0xEC, 0xFE, 0xFF, 0xFF, 0x03,
    0xA0, 0xFF, 0xFF, 0xFF, 0xFF, 0xFF, 0x03, 0xF7, 0xFF, 0x7E, 0x34, 0xF9, 0xFF, 0x03, 0xFD, 0xFF,
    0x02, 0x00, 0xF8, 0xFF, 0x03, 0xFF, 0xEF, 0x00, 0x00, 0xFA, 0xFF, 0x03, 0xFE, 0xFF, 0x02, 0x50,
    0xFF, 0xFF, 0x03, 0xFA, 0xFF, 0xCF, 0xFD, 0xFF, 0xFF, 0x03, 0xF2, 0xFF, 0xFF, 0xFF, 0xE4, 0xFF,
    0x03, 0x20, 0xEA, 0xEF, 0x2A, 0x80, 0xFF, 0x03, 0x00, 0x00, 0x50, 0x57, 0x00, 0x00, 0x00, 0x00,
    0x00, 0xFB, 0xFF, 0x1D, 0x00, 0x00, 0x00, 0x40, 0xCF, 0xB4, 0x8F, 0x00, 0x00, 0x00, 0x60, 0x6F,
    0x40, 0xAF, 0x00, 0x00, 0x00, 0x40, 0xCF, 0xB4, 0x8F, 0x00, 0x00, 0x00, 0x00, 0xFB, 0xFF, 0x1D,
    0x00, 0x00, 0x00, 0x00, 0x50, 0x57, 0x00, 0x00, 0x00, 0x00, 0x00, 0x00, 0x00, 0x00, 0x00, 0x00,
    0x00, 0x94, 0xFD, 0xFF, 0x8C, 0x01, 0x00, 0x70, 0xFF, 0xFF, 0xFF, 0xFF, 0x2E, 0x00, 0x10, 0xFF,
    0xDF, 0xEC, 0xFF, 0xBF, 0x00, 0x00, 0x56, 0x00, 0x00, 0xFC, 0xFF, 0x01, 0x00, 0x00, 0x00, 0x00,
    0xF7, 0xFF, 0x03, 0x00, 0x93, 0xEC, 0xFE, 0xFF, 0xFF, 0x03, 0xA0, 0xFF, 0xFF, 0xFF, 0xFF, 0xFF,
    0x03, 0xF7, 0xFF, 0x7E, 0x34, 0xF9, 0xFF, 0x03, 0xFD, 0xFF, 0x02, 0x00, 0xF8, 0xFF, 0x03, 0xFF,
    0xEF, 0x00, 0x00, 0xFA, 0xFF, 0x03, 0xFE, 0xFF, 0x02, 0x50, 0xFF, 0xFF, 0x03, 0xFA, 0xFF, 0xCF,
    0xFD, 0xFF, 0xFF, 0x03, 0xF2, 0xFF, 0xFF, 0xFF, 0xE4, 0xFF, 0x03, 0x20, 0xEA, 0xEF, 0x2A, 0x80,
    0xFF, 0x03, 0x00, 0x94, 0xFD, 0xEF, 0x4B, 0x20, 0xD9, 0xFF, 0x8D, 0x01, 0x00, 0x70, 0xFF, 0xFF,
    0xFF, 0xFF, 0xFA, 0xFF, 0xFF, 0xFF, 0x2E, 0x00, 0x10, 0xFF, 0xCF, 0xEC, 0xFF, 0xFF, 0xEF, 0xBB,
    0xFF, 0xDF, 0x00, 0x00, 0x46, 0x00, 0x00, 0xFD, 0xFF, 0x1C, 0x00, 0xF4, 0xFF, 0x06, 0x00, 0x00,
    0x10, 0x21, 0xFC, 0xFF, 0x04, 0x00, 0xC0, 0xFF, 0x0A, 0x00, 0xC6, 0xFF, 0xFF, 0xFF, 0xFF, 0x78,
    0x77, 0xD7, 0xFF, 0x0C, 0xC1, 0xFF, 0xFF, 0xFF, 0xFF, 0xFF, 0xFF, 0xFF, 0xFF, 0xFF, 0x0D, 0xF8,
    0xFF, 0x4C, 0x01, 0xFB, 0xFF, 0xFF, 0xFF, 0xFF, 0xFF, 0x0D, 0xFD, 0xFF, 0x01, 0x00, 0xFB, 0xFF,
    0x01, 0x00, 0x00, 0x00, 0x00, 0xFF, 0xEF, 0x00, 0x00, 0xFE, 0xFF, 0x06, 0x00, 0x00, 0x00, 0x00,
    0xFD, 0xFF, 0x02, 0x90, 0xFF, 0xFF, 0x4F, 0x00, 0x00, 0x93, 0x00, 0xF9, 0xFF, 0xCF, 0xFE, 0xDF,
    0xFE, 0xFF, 0xCE, 0xFD, 0xFF, 0x01, 0xE1, 0xFF, 0xFF, 0xFF, 0x1D, 0xE3, 0xFF, 0xFF, 0xFF, 0xFF,
    0x01, 0x10, 0xE9, 0xFF, 0x7C, 0x00, 0x10, 0xC7, 0xFF, 0xDF, 0x49, 0x00, 0x00, 0x50, 0xEB, 0xFF,
    0xAE, 0x05, 0x00, 0xFB, 0xFF, 0xFF, 0xFF, 0x0D, 0xA0, 0xFF, 0xFF, 0xFF, 0xFF, 0x07, 0xF3, 0xFF,
    0x4E, 0x10, 0xA4, 0x01, 0xF9, 0xFF, 0x06, 0x00, 0x00, 0x00, 0xFC, 0xFF, 0x01, 0x00, 0x00, 0x00,
    0xFD, 0xFF, 0x00, 0x00, 0x00, 0x00, 0xFD, 0xFF, 0x00, 0x00, 0x00, 0x00, 0xFC, 0xFF, 0x01, 0x00,
    0x00, 0x00, 0xF9, 0xFF, 0x06, 0x00, 0x00, 0x00, 0xF5, 0xFF, 0x5E, 0x00, 0x93, 0x09, 0xD0, 0xFF,
    0xFF, 0xFF, 0xFF, 0x0A, 0x20, 0xFD, 0xFF, 0xFF, 0xFF, 0x0A, 0x00, 0x70, 0xFC, 0xFF, 0x8D, 0x01,
    0x00, 0x00, 0xF1, 0x6F, 0x00, 0x00, 0x00, 0x00, 0xF8, 0xFF, 0x07, 0x00, 0x00, 0x00, 0x40, 0xFF,
    0x1F, 0x00, 0x00, 0x10, 0x12, 0xFD, 0x2F, 0x00, 0x00, 0x60, 0xFF, 0xFF, 0x0D, 0x00, 0x00, 0x40,
    0xFE, 0xBE, 0x02, 0x00, 0x20, 0xFE, 0xFF, 0x02, 0x00, 0x00, 0x00, 0x00, 0xD2, 0xFF, 0x0D, 0x00,
    0x00, 0x00, 0x00, 0x10, 0xFB, 0xAF, 0x00, 0x00, 0x00, 0x00, 0x00, 0x70, 0xFF, 0x07, 0x00, 0x00,
    0x00, 0x00, 0x00, 0x00, 0x00, 0x00, 0x00, 0x00, 0x50, 0xEB, 0xFF, 0x6C, 0x00, 0x00, 0x00, 0xFB,
    0xFF, 0xFF, 0xFF, 0x1C, 0x00, 0xA0, 0xFF, 0xEF, 0xCA, 0xFF, 0xBF, 0x00, 0xF3, 0xFF, 0x0B, 0x00,
    0xF7, 0xFF, 0x03, 0xF8, 0xFF, 0x02, 0x00, 0xE0, 0xFF, 0x08, 0xFC, 0xFF, 0x77, 0x77, 0xE7, 0xFF,
    0x0A, 0xFD, 0xFF, 0xFF, 0xFF, 0xFF, 0xFF, 0x0B, 0xFD, 0xFF, 0xFF, 0xFF, 0xFF, 0xFF, 0x0B, 0xFC,
    0xFF, 0x00, 0x00, 0x00, 0x00, 0x00, 0xF9, 0xFF, 0x04, 0x00, 0x00, 0x00, 0x00, 0xF3, 0xFF, 0x3E,
    0x00, 0x00, 0x94, 0x00, 0x90, 0xFF, 0xFF, 0xCD, 0xFD, 0xEF, 0x00, 0x00, 0xF9, 0xFF, 0xFF, 0xFF,
    0xEF, 0x00, 0x00, 0x30, 0xD9, 0xFF, 0xDF, 0x39, 0x00, 0x00, 0x00, 0x00, 0xF5, 0xFF, 0x1D, 0x00,
    0x00, 0x00, 0x20, 0xFE, 0xBF, 0x01, 0x00, 0x00, 0x00, 0xD0, 0xFF, 0x09, 0x00, 0x00, 0x00, 0x00,
    0xFA, 0x5F, 0x00, 0x00, 0x00, 0x00, 0x00, 0x00, 0x00, 0x00, 0x00, 0x00, 0x00, 0x50, 0xEB, 0xFF,
    0x6C, 0x00, 0x00, 0x00, 0xFB, 0xFF, 0xFF, 0xFF, 0x1C, 0x00, 0xA0, 0xFF, 0xEF, 0xCA, 0xFF, 0xBF,
    0x00, 0xF3, 0xFF, 0x0B, 0x00, 0xF7, 0xFF, 0x03, 0xF8, 0xFF, 0x02, 0x00, 0xE0, 0xFF, 0x08, 0xFC,
    0xFF, 0x77, 0x77, 0xE7, 0xFF, 0x0A, 0xFD, 0xFF, 0xFF, 0xFF, 0xFF, 0xFF, 0x0B, 0xFD, 0xFF, 0xFF,
    0xFF, 0xFF, 0xFF, 0x0B, 0xFC, 0xFF, 0x00, 0x00, 0x00, 0x00, 0x00, 0xF9, 0xFF, 0x04, 0x00, 0x00,
    0x00, 0x00, 0xF3, 0xFF, 0x3E, 0x00, 0x00, 0x94, 0x00, 0x90, 0xFF, 0xFF, 0xCD, 0xFD, 0xEF, 0x00,
    0x00, 0xF9, 0xFF, 0xFF, 0xFF, 0xEF, 0x00, 0x00, 0x30, 0xD9, 0xFF, 0xDF, 0x39, 0x00, 0x00, 0x20,
    0xFF, 0xFF, 0x1E, 0x00, 0x00, 0x00, 0xD0, 0xFF, 0xFF, 0xBF, 0x00, 0x00, 0x00, 0xFB, 0xAF, 0xC2,
    0xFF, 0x0A, 0x00, 0xA0, 0xFF, 0x06, 0x00, 0xF8, 0x8F, 0x00, 0x00, 0x00, 0x00, 0x00, 0x00, 0x00,
    0x00, 0x00, 0x50, 0xEB, 0xFF, 0x6C, 0x00, 0x00, 0x00, 0xFB, 0xFF, 0xFF, 0xFF, 0x1C, 0x00, 0xA0,
    0xFF, 0xEF, 0xCA, 0xFF, 0xBF, 0x00, 0xF3, 0xFF, 0x0B, 0x00, 0xF7, 0xFF, 0x03, 0xF8, 0xFF, 0x02,
    0x00, 0xE0, 0xFF, 0x08, 0xFC, 0xFF, 0x77, 0x77, 0xE7, 0xFF, 0x0A, 0xFD, 0xFF, 0xFF, 0xFF, 0xFF,
    0xFF, 0x0B, 0xFD, 0xFF, 0xFF, 0xFF, 0xFF, 0xFF, 0x0B, 0xFC, 0xFF, 0x00, 0x00, 0x00, 0x00, 0x00,
    0xF9, 0xFF, 0x04, 0x00, 0x00, 0x00, 0x00, 0xF3, 0xFF, 0x3E, 0x00, 0x00, 0x94, 0x00, 0x90, 0xFF,
    0xFF, 0xCD, 0xFD, 0xEF, 0x00, 0x00, 0xF9, 0xFF, 0xFF, 0xFF, 0xEF, 0x00, 0x00, 0x30, 0xD9, 0xFF,
    0xDF, 0x39, 0x00, 0x00, 0x30, 0x02, 0x00, 0x23, 0x00, 0x00, 0x00, 0xF8, 0x5F, 0xA0, 0xFF, 0x05,
    0x00, 0x00, 0xFC, 0x9F, 0xD0, 0xFF, 0x08, 0x00, 0x00, 0xF5, 0x3E, 0x60, 0xEF, 0x03, 0x00, 0x00,
    0x00, 0x00, 0x00, 0x00, 0x00, 0x00, 0x00, 0x00, 0x00, 0x00, 0x00, 0x00, 0x00, 0x00, 0x50, 0xEB,
    0xFF, 0x6C, 0x00, 0x00, 0x00, 0xFB, 0xFF, 0xFF, 0xFF, 0x1C, 0x00, 0xA0, 0xFF, 0xEF, 0xCA, 0xFF,
    0xBF, 0x00, 0xF3, 0xFF, 0x0B, 0x00, 0xF7, 0xFF, 0x03, 0xF8, 0xFF, 0x02, 0x00, 0xE0, 0xFF, 0x08,
    0xFC, 0xFF, 0x77, 0x77, 0xE7, 0xFF, 0x0A, 0xFD, 0xFF, 0xFF, 0xFF, 0xFF, 0xFF, 0x0B, 0xFD, 0xFF,
    0xFF, 0xFF, 0xFF, 0xFF, 0x0B, 0xFC, 0xFF, 0x00, 0x00, 0x00, 0x00, 0x00, 0xF9, 0xFF, 0x04, 0x00,
    0x00, 0x00, 0x00, 0xF3, 0xFF, 0x3E, 0x00, 0x00, 0x94, 0x00, 0x90, 0xFF, 0xFF, 0xCD, 0xFD, 0xEF,
    0x00, 0x00, 0xF9, 0xFF, 0xFF, 0xFF, 0xEF, 0x00, 0x00, 0x30, 0xD9, 0xFF, 0xDF, 0x39, 0x00, 0xFA,
    0xFF, 0x09, 0x00, 0x80, 0xFF, 0x5F, 0x00, 0x00, 0xF5, 0xFF, 0x02, 0x00, 0x30, 0xFD, 0x0D, 0x00,
    0x00, 0x00, 0x00, 0x00, 0xF0, 0xFF, 0x0A, 0x00, 0xF0, 0xFF, 0x0A, 0x00, 0xF0, 0xFF, 0x0A, 0x00,
    0xF0, 0xFF, 0x0A, 0x00, 0xF0, 0xFF, 0x0A, 0x00, 0xF0, 0xFF, 0x0A, 0x00, 0xF0, 0xFF, 0x0A, 0x00,
    0xF0, 0xFF, 0x0A, 0x00, 0xF0, 0xFF, 0x0A, 0x00, 0xF0, 0xFF, 0x0A, 0x00, 0xF0, 0xFF, 0x0A, 0x00,
    0xF0, 0xFF, 0x0A, 0x00, 0xF0, 0xFF, 0x0A, 0x00, 0xF0, 0xFF, 0x0A, 0x00, 0xD0, 0xFF, 0x5F, 0x00,
    0xFA, 0xFF, 0x04, 0x70, 0xFF, 0x2D, 0x00, 0xF3, 0xAF, 0x01, 0x00, 0x00, 0x00, 0x00, 0x00, 0xF0,
    0xFF, 0x0A, 0x00, 0xF0, 0xFF, 0x0A, 0x00, 0xF0, 0xFF, 0x0A, 0x00, 0xF0, 0xFF, 0x0A, 0x00, 0xF0,
    0xFF, 0x0A, 0x00, 0xF0, 0xFF, 0x0A, 0x00, 0xF0, 0xFF, 0x0A, 0x00, 0xF0, 0xFF, 0x0A, 0x00, 0xF0,
    0xFF, 0x0A, 0x00, 0xF0, 0xFF, 0x0A, 0x00, 0xF0, 0xFF, 0x0A, 0x00, 0xF0, 0xFF, 0x0A, 0x00, 0xF0,
    0xFF, 0x0A, 0x00, 0xF0, 0xFF, 0x0A, 0x00, 0x00, 0xA0, 0xFF, 0xFF, 0x05, 0x00, 0x00, 0xF7, 0xFF,
    0xFF, 0x3F, 0x00, 0x50, 0xFF, 0x3E, 0xF7, 0xEF, 0x02, 0xF4, 0xBF, 0x01, 0x40, 0xFD, 0x0D, 0x00,
    0x00, 0x00, 0x00, 0x00, 0x00, 0x00, 0x00, 0xFF, 0xAF, 0x00, 0x00, 0x00, 0x00, 0xFF, 0xAF, 0x00,
    0x00, 0x00, 0x00, 0xFF, 0xAF, 0x00, 0x00, 0x00, 0x00, 0xFF, 0xAF, 0x00, 0x00, 0x00, 0x00, 0xFF,
    0xAF, 0x00, 0x00, 0x00, 0x00, 0xFF, 0xAF, 0x00, 0x00, 0x00, 0x00, 0xFF, 0xAF, 0x00, 0x00, 0x00,
    0x00, 0xFF, 0xAF, 0x00, 0x00, 0x00, 0x00, 0xFF, 0xAF, 0x00, 0x00, 0x00, 0x00, 0xFF, 0xAF, 0x00,
    0x00, 0x00, 0x00, 0xFF, 0xAF, 0x00, 0x00, 0x00, 0x00, 0xFF, 0xAF, 0x00, 0x00, 0x00, 0x00, 0xFF,
    0xAF, 0x00, 0x00, 0x00, 0x00, 0xFF, 0xAF, 0x00, 0x00, 0x10, 0x03, 0x00, 0x31, 0x00, 0xF2, 0xCF,
    0x30, 0xFF, 0x0C, 0xF5, 0xFF, 0x60, 0xFF, 0x0F, 0xC1, 0x9F, 0x10, 0xFD, 0x08, 0x00, 0x00, 0x00,
    0x00, 0x00, 0x00, 0x00, 0x00, 0x00, 0x00, 0x00, 0xF0, 0xFF, 0x0A, 0x00, 0x00, 0xF0, 0xFF, 0x0A,
    0x00, 0x00, 0xF0, 0xFF, 0x0A, 0x00, 0x00, 0xF0, 0xFF, 0x0A, 0x00, 0x00, 0xF0, 0xFF, 0x0A, 0x00,
    0x00, 0xF0, 0xFF, 0x0A, 0x00, 0x00, 0xF0, 0xFF, 0x0A, 0x00, 0x00, 0xF0, 0xFF, 0x0A, 0x00, 0x00,
    0xF0, 0xFF, 0x0A, 0x00, 0x00, 0xF0, 0xFF, 0x0A, 0x00, 0x00, 0xF0, 0xFF, 0x0A, 0x00, 0x00, 0xF0,
    0xFF, 0x0A, 0x00, 0x00, 0xF0, 0xFF, 0x0A, 0x00, 0x00, 0xF0, 0xFF, 0x0A, 0x00, 0x00, 0x00, 0x8A,
    0x01, 0x50, 0x0B, 0x00, 0x00, 0x40, 0xFF, 0x7F, 0xFB, 0x7F, 0x00, 0x00, 0x30, 0xFD, 0xFF, 0xFF,
    0x1A, 0x00, 0x00, 0x00, 0xF4, 0xFF, 0xEF, 0x01, 0x00, 0x00, 0x90, 0xFF, 0xFF, 0xFF, 0x0D, 0x00,
    0x00, 0x50, 0xCF, 0x32, 0xFF, 0xAF, 0x00, 0x00, 0x00, 0x04, 0x00, 0xF6, 0xFF, 0x03, 0x00, 0x81,
    0xFD, 0xDF, 0xD8, 0xFF, 0x0A, 0x30, 0xFE, 0xFF, 0xFF, 0xFF, 0xFF, 0x0F, 0xE1, 0xFF, 0xEF, 0xDC,
    0xFF, 0xFF, 0x2F, 0xF7, 0xFF, 0x0A, 0x00, 0xF4, 0xFF, 0x4F, 0xFB, 0xFF, 0x01, 0x00, 0xA0, 0xFF,
    0x5F, 0xFD, 0xFF, 0x00, 0x00, 0x70, 0xFF, 0x5F, 0xFD, 0xFF, 0x00, 0x00, 0x80, 0xFF, 0x3F, 0xFB,
    0xFF, 0x02, 0x00, 0xB0, 0xFF, 0x0F, 0xF6, 0xFF, 0x0B, 0x00, 0xF5, 0xFF, 0x0A, 0xD0, 0xFF, 0xFF,
    0xDC, 0xFF, 0xFF, 0x02, 0x10, 0xFC, 0xFF, 0xFF, 0xFF, 0x3E, 0x00, 0x00, 0x50, 0xEB, 0xFF, 0x8C,
    0x01, 0x00, 0x00, 0x40, 0xFD, 0x3B, 0x00, 0xFB, 0x03, 0x00, 0xF2, 0xFF, 0xFF, 0x9A, 0xFF, 0x00,
    0x00, 0xF9, 0x8C, 0xFE, 0xFF, 0x8F, 0x00, 0x00, 0xFC, 0x02, 0x80, 0xEE, 0x08, 0x00, 0x00, 0x00,
    0x00, 0x00, 0x00, 0x00, 0x00, 0xF0, 0xEF, 0x10, 0xE9, 0xFF, 0x5B, 0x00, 0xF0, 0xFF, 0xE5, 0xFF,
    0xFF, 0xFF, 0x07, 0xF0, 0xFF, 0xFF, 0xFF, 0xFF, 0xFF, 0x1F, 0xF0, 0xFF, 0xCF, 0x02, 0xD2, 0xFF,
    0x6F, 0xF0, 0xFF, 0x2F, 0x00, 0x60, 0xFF, 0x8F, 0xF0, 0xFF, 0x0D, 0x00, 0x30, 0xFF, 0x8F, 0xF0,
    0xFF, 0x0B, 0x00, 0x20, 0xFF, 0x8F, 0xF0, 0xFF, 0x0A, 0x00, 0x20, 0xFF, 0x8F, 0xF0, 0xFF, 0x0A,
    0x00, 0x20, 0xFF, 0x8F, 0xF0, 0xFF, 0x0A, 0x00, 0x20, 0xFF, 0x8F, 0xF0, 0xFF, 0x0A, 0x00, 0x20,
    0xFF, 0x8F, 0xF0, 0xFF, 0x0A, 0x00, 0x20, 0xFF, 0x8F, 0xF0, 0xFF, 0x0A, 0x00, 0x20, 0xFF, 0x8F,
    0xF0, 0xFF, 0x0A, 0x00, 0x20, 0xFF, 0x8F, 0x00, 0xFB, 0xFF, 0x08, 0x00, 0x00, 0x00, 0x00, 0x90,
    0xFF, 0x4F, 0x00, 0x00, 0x00, 0x00, 0x00, 0xF6, 0xEF, 0x02, 0x00, 0x00, 0x00, 0x00, 0x30, 0xFE,
    0x0D, 0x00, 0x00, 0x00, 0x00, 0x00, 0x00, 0x00, 0x00, 0x00, 0x00, 0x40, 0xEB, 0xFF, 0x7C, 0x01,
    0x00, 0x00, 0xFA, 0xFF, 0xFF, 0xFF, 0x3E, 0x00, 0xA0, 0xFF, 0xFF, 0xFF, 0xFF, 0xEF, 0x01, 0xF3,
    0xFF, 0x4E, 0x10, 0xF9, 0xFF, 0x0A, 0xF8, 0xFF, 0x05, 0x00, 0xD0, 0xFF, 0x0F, 0xFC, 0xFF, 0x00,
    0x00, 0x90, 0xFF, 0x3F, 0xFD, 0xFF, 0x00, 0x00, 0x70, 0xFF, 0x5F, 0xFD, 0xFF, 0x00, 0x00, 0x70,
    0xFF, 0x5F, 0xFC, 0xFF, 0x00, 0x00, 0x90, 0xFF, 0x3F, 0xF8, 0xFF, 0x05, 0x00, 0xD0, 0xFF, 0x0F,
    0xF2, 0xFF, 0x4E, 0x10, 0xF9, 0xFF, 0x0A, 0x90, 0xFF, 0xFF, 0xFF, 0xFF, 0xFF, 0x02, 0x00, 0xFA,
    0xFF, 0xFF, 0xFF, 0x4E, 0x00, 0x00, 0x40, 0xEA, 0xFF, 0x8C, 0x01, 0x00, 0x00, 0x00, 0x00, 0xE1,
    0xFF, 0x4F, 0x00, 0x00, 0x00, 0x00, 0xFB, 0xEF, 0x03, 0x00, 0x00, 0x00, 0x80, 0xFF, 0x1C, 0x00,
    0x00, 0x00, 0x00, 0xF5, 0xAF, 0x00, 0x00, 0x00, 0x00, 0x00, 0x00, 0x00, 0x00, 0x00, 0x00, 0x00,
    0x40, 0xEB, 0xFF, 0x7C, 0x01, 0x00, 0x00, 0xFA, 0xFF, 0xFF, 0xFF, 0x3E, 0x00, 0xA0, 0xFF, 0xFF,
    0xFF, 0xFF, 0xEF, 0x01, 0xF3, 0xFF, 0x4E, 0x10, 0xF9, 0xFF, 0x0A, 0xF8, 0xFF, 0x05, 0x00, 0xD0,
    0xFF, 0x0F, 0xFC, 0xFF, 0x00, 0x00, 0x90, 0xFF, 0x3F, 0xFD, 0xFF, 0x00, 0x00, 0x70, 0xFF, 0x5F,
    0xFD, 0xFF, 0x00, 0x00, 0x70, 0xFF, 0x5F, 0xFC, 0xFF, 0x00, 0x00, 0x90, 0xFF, 0x3F, 0xF8, 0xFF,
    0x05, 0x00, 0xD0, 0xFF, 0x0F, 0xF2, 0xFF, 0x4E, 0x10, 0xF9, 0xFF, 0x0A, 0x90, 0xFF, 0xFF, 0xFF,
    0xFF, 0xFF, 0x02, 0x00, 0xFA, 0xFF, 0xFF, 0xFF, 0x4E, 0x00, 0x00, 0x40, 0xEA, 0xFF, 0x8C, 0x01,
    0x00, 0x00, 0x00, 0xFB, 0xFF, 0x4F, 0x00, 0x00, 0x00, 0x80, 0xFF, 0xFF, 0xFF, 0x02, 0x00, 0x00,
    0xF6, 0xEF, 0x82, 0xFF, 0x1E, 0x00, 0x40, 0xFF, 0x1A, 0x00, 0xE4, 0xDF, 0x00, 0x00, 0x00, 0x00,
    0x00, 0x00, 0x00, 0x00, 0x00, 0x40, 0xEB, 0xFF, 0x7C, 0x01, 0x00, 0x00, 0xFA, 0xFF, 0xFF, 0xFF,
    0x3E, 0x00, 0xA0, 0xFF, 0xFF, 0xFF, 0xFF, 0xEF, 0x01, 0xF3, 0xFF, 0x4E, 0x10, 0xF9, 0xFF, 0x0A,
    0xF8, 0xFF, 0x05, 0x00, 0xD0, 0xFF, 0x0F, 0xFC, 0xFF, 0x00, 0x00, 0x90, 0xFF, 0x3F, 0xFD, 0xFF,
    0x00, 0x00, 0x70, 0xFF, 0x5F, 0xFD, 0xFF, 0x00, 0x00, 0x70, 0xFF, 0x5F, 0xFC, 0xFF, 0x00, 0x00,
    0x90, 0xFF, 0x3F, 0xF8, 0xFF, 0x05, 0x00, 0xD0, 0xFF, 0x0F, 0xF2, 0xFF, 0x4E, 0x10, 0xF9, 0xFF,
    0x0A, 0x90, 0xFF, 0xFF, 0xFF, 0xFF, 0xFF, 0x02, 0x00, 0xFA, 0xFF, 0xFF, 0xFF, 0x4E, 0x00, 0x00,
    0x40, 0xEA, 0xFF, 0x8C, 0x01, 0x00, 0x00, 0x90, 0xEF, 0x07, 0x30, 0xBF, 0x00, 0x00, 0xF9, 0xFF,
    0xDF, 0xD8, 0x8F, 0x00, 0x10, 0xFF, 0xA8, 0xFF, 0xFF, 0x1F, 0x00, 0x40, 0xAF, 0x00, 0xC3, 0xCF,
    0x03, 0x00, 0x00, 0x00, 0x00, 0x00, 0x00, 0x00, 0x00, 0x00, 0x40, 0xEB, 0xFF, 0x7C, 0x01, 0x00,
    0x00, 0xFA, 0xFF, 0xFF, 0xFF, 0x3E, 0x00, 0xA0, 0xFF, 0xFF, 0xFF, 0xFF, 0xEF, 0x01, 0xF3, 0xFF,
    0x4E, 0x10, 0xF9, 0xFF, 0x0A, 0xF8, 0xFF, 0x05, 0x00, 0xD0, 0xFF, 0x0F, 0xFC, 0xFF, 0x00, 0x00,
    0x90, 0xFF, 0x3F, 0xFD, 0xFF, 0x00, 0x00, 0x70, 0xFF, 0x5F, 0xFD, 0xFF, 0x00, 0x00, 0x70, 0xFF,
    0x5F, 0xFC, 0xFF, 0x00, 0x00, 0x90, 0xFF, 0x3F, 0xF8, 0xFF, 0x05, 0x00, 0xD0, 0xFF, 0x0F, 0xF2,
    0xFF, 0x4E, 0x10, 0xF9, 0xFF, 0x0A, 0x90, 0xFF, 0xFF, 0xFF, 0xFF, 0xFF, 0x02, 0x00, 0xFA, 0xFF,
    0xFF, 0xFF, 0x4E, 0x00, 0x00, 0x40, 0xEA, 0xFF, 0x8C, 0x01, 0x00, 0x00, 0x10, 0x03, 0x00, 0x32,
    0x00, 0x00, 0x00, 0xF3, 0xBF, 0x40, 0xFF, 0x0A, 0x00, 0x00, 0xF6, 0xFF, 0x80, 0xFF, 0x0E, 0x00,
    0x00, 0xD1, 0x7F, 0x20, 0xFD, 0x07, 0x00, 0x00, 0x00, 0x00, 0x00, 0x00, 0x00, 0x00, 0x00, 0x00,
    0x00, 0x00, 0x00, 0x00, 0x00, 0x00, 0x40, 0xEB, 0xFF, 0x7C, 0x01, 0x00, 0x00, 0xFA, 0xFF, 0xFF,
    0xFF, 0x3E, 0x00, 0xA0, 0xFF, 0xFF, 0xFF, 0xFF, 0xEF, 0x01, 0xF3, 0xFF, 0x4E, 0x10, 0xF9, 0xFF,
    0x0A, 0xF8, 0xFF, 0x05, 0x00, 0xD0, 0xFF, 0x0F, 0xFC, 0xFF, 0x00, 0x00, 0x90, 0xFF, 0x3F, 0xFD,
    0xFF, 0x00, 0x00, 0x70, 0xFF, 0x5F, 0xFD, 0xFF, 0x00, 0x00, 0x70, 0xFF, 0x5F, 0xFC, 0xFF, 0x00,
    0x00, 0x90, 0xFF, 0x3F, 0xF8, 0xFF, 0x05, 0x00, 0xD0, 0xFF, 0x0F, 0xF2, 0xFF, 0x4E, 0x10, 0xF9,
    0xFF, 0x0A, 0x90, 0xFF, 0xFF, 0xFF, 0xFF, 0xFF, 0x02, 0x00, 0xFA, 0xFF, 0xFF, 0xFF, 0x4E, 0x00,
    0x00, 0x40, 0xEA, 0xFF, 0x8C, 0x01, 0x00, 0x00, 0x00, 0x30, 0x04, 0x00, 0x00, 0x00, 0x00, 0x00,
    0xF5, 0x9F, 0x00, 0x00, 0x00, 0x00, 0x00, 0xF9, 0xCF, 0x00, 0x00, 0x00, 0x00, 0x00, 0xF5, 0x9F,
    0x00, 0x00, 0x00, 0x00, 0x00, 0x30, 0x04, 0x00, 0x00, 0x00, 0xA9, 0xAA, 0xAA, 0xAA, 0xAA, 0xAA,
    0x02, 0xFE, 0xFF, 0xFF, 0xFF, 0xFF, 0xFF, 0x03, 0xFE, 0xFF, 0xFF, 0xFF, 0xFF, 0xFF, 0x03, 0x00,
    0x00, 0x00, 0x00, 0x00, 0x00, 0x00, 0x00, 0x00, 0xE2, 0x5F, 0x00, 0x00, 0x00, 0x00, 0x00, 0xF8,
    0xCF, 0x00, 0x00, 0x00, 0x00, 0x00, 0xF7, 0xBF, 0x00, 0x00, 0x00, 0x00, 0x00, 0x80, 0x2A, 0x00,
    0x00, 0x00, 0x00, 0x00, 0x00, 0x00, 0x00, 0x4A, 0x00, 0x00, 0x50, 0xEB, 0xFF, 0x8C, 0xFF, 0x02,
    0x00, 0xFB, 0xFF, 0xFF, 0xFF, 0xDF, 0x00, 0xA0, 0xFF, 0xFF, 0xFF, 0xFF, 0xEF, 0x01, 0xF3, 0xFF,
    0x4E, 0x40, 0xFF, 0xFF, 0x0A, 0xF9, 0xFF, 0x05, 0xC0, 0xFF, 0xFF, 0x0F, 0xFC, 0xFF, 0x00, 0xF8,
    0xDF, 0xFF, 0x3F, 0xFD, 0xFF, 0x30, 0xFF, 0x79, 0xFF, 0x5F, 0xFD, 0xFF, 0xD0, 0xDF, 0x70, 0xFF,
    0x5F, 0xFC, 0xFF, 0xFA, 0x3F, 0x90, 0xFF, 0x3F, 0xF8, 0xFF, 0xFF, 0x08, 0xD0, 0xFF, 0x0F, 0xF2,
    0xFF, 0xEF, 0x10, 0xF9, 0xFF, 0x0A, 0x90, 0xFF, 0xFF, 0xFF, 0xFF, 0xFF, 0x02, 0x30, 0xFF, 0xFF,
    0xFF, 0xFF, 0x4E, 0x00, 0xA0, 0xDF, 0xEA, 0xFF, 0x8C, 0x01, 0x00, 0x10, 0x4A, 0x00, 0x00, 0x00,
    0x00, 0x00, 0x00, 0xF4, 0xFF, 0x1E, 0x00, 0x00, 0x00, 0x00, 0x30, 0xFE, 0xBF, 0x00, 0x00, 0x00,
    0x00, 0x00, 0xC1, 0xFF, 0x08, 0x00, 0x00, 0x00, 0x00, 0x00, 0xF9, 0x5F, 0x00, 0x00, 0x00, 0x00,
    0x00, 0x00, 0x00, 0x00, 0x00, 0xF2, 0xFF, 0x09, 0x00, 0x40, 0xFF, 0x7F, 0xF2, 0xFF, 0x09, 0x00,
    0x40, 0xFF, 0x7F, 0xF2, 0xFF, 0x09, 0x00, 0x40, 0xFF, 0x7F, 0xF2, 0xFF, 0x09, 0x00, 0x40, 0xFF,
    0x7F, 0xF2, 0xFF, 0x09, 0x00, 0x40, 0xFF, 0x7F, 0xF2, 0xFF, 0x09, 0x00, 0x40, 0xFF, 0x7F, 0xF2,
    0xFF, 0x09, 0x00, 0x40, 0xFF, 0x7F, 0xF2, 0xFF, 0x09, 0x00, 0x40, 0xFF, 0x7F, 0xF2, 0xFF, 0x0A,
    0x00, 0x60, 0xFF, 0x7F, 0xF1, 0xFF, 0x0C, 0x00, 0xB0, 0xFF, 0x7F, 0xF0, 0xFF, 0x6F, 0x00, 0xF7,
    0xFF, 0x7F, 0xA0, 0xFF, 0xFF, 0xFF, 0xFF, 0xFF, 0x7F, 0x20, 0xFE, 0xFF, 0xFF, 0x8F, 0xFC, 0x7F,
    0x00, 0x91, 0xFE, 0xBF, 0x05, 0xF8, 0x7F, 0x00, 0x00, 0x00, 0x70, 0xFF, 0xBF, 0x00, 0x00, 0x00,
    0x00, 0xF3, 0xFF, 0x09, 0x00, 0x00, 0x00, 0x10, 0xFE, 0x6F, 0x00, 0x00, 0x00, 0x00, 0xD0, 0xEF,
    0x03, 0x00, 0x00, 0x00, 0x00, 0x00, 0x00, 0x00, 0x00, 0x00, 0xF2, 0xFF, 0x09, 0x00, 0x40, 0xFF,
    0x7F, 0xF2, 0xFF, 0x09, 0x00, 0x40, 0xFF, 0x7F, 0xF2, 0xFF, 0x09, 0x00, 0x40, 0xFF, 0x7F, 0xF2,
    0xFF, 0x09, 0x00, 0x40, 0xFF, 0x7F, 0xF2, 0xFF, 0x09, 0x00, 0x40, 0xFF, 0x7F, 0xF2, 0xFF, 0x09,
    0x00, 0x40, 0xFF, 0x7F, 0xF2, 0xFF, 0x09, 0x00, 0x40, 0xFF, 0x7F, 0xF2, 0xFF, 0x09, 0x00, 0x40,
    0xFF, 0x7F, 0xF2, 0xFF, 0x0A, 0x00, 0x60, 0xFF, 0x7F, 0xF1, 0xFF, 0x0C, 0x00, 0xB0, 0xFF, 0x7F,
    0xF0, 0xFF, 0x6F, 0x00, 0xF7, 0xFF, 0x7F, 0xA0, 0xFF, 0xFF, 0xFF, 0xFF, 0xFF, 0x7F, 0x20, 0xFE,
    0xFF, 0xFF, 0x8F, 0xFC, 0x7F, 0x00, 0x91, 0xFE, 0xBF, 0x05, 0xF8, 0x7F, 0x00, 0x00, 0xF4, 0xFF,
    0xCF, 0x00, 0x00, 0x00, 0x20, 0xFE, 0xFF, 0xFF, 0x09, 0x00, 0x00, 0xD1, 0xFF, 0x28, 0xFE, 0x7F,
    0x00, 0x00, 0xFC, 0x4E, 0x00, 0xA1, 0xFF, 0x05, 0x00, 0x00, 0x00, 0x00, 0x00, 0x00, 0x00, 0xF2,
    0xFF, 0x09, 0x00, 0x40, 0xFF, 0x7F, 0xF2, 0xFF, 0x09, 0x00, 0x40, 0xFF, 0x7F, 0xF2, 0xFF, 0x09,
    0x00, 0x40, 0xFF, 0x7F, 0xF2, 0xFF, 0x09, 0x00, 0x40, 0xFF, 0x7F, 0xF2, 0xFF, 0x09, 0x00, 0x40,
    0xFF, 0x7F, 0xF2, 0xFF, 0x09, 0x00, 0x40, 0xFF, 0x7F, 0xF2, 0xFF, 0x09, 0x00, 0x40, 0xFF, 0x7F,
    0xF2, 0xFF, 0x09, 0x00, 0x40, 0xFF, 0x7F, 0xF2, 0xFF, 0x0A, 0x00, 0x60, 0xFF, 0x7F, 0xF1, 0xFF,
    0x0C, 0x00, 0xB0, 0xFF, 0x7F, 0xF0, 0xFF, 0x6F, 0x00, 0xF7, 0xFF, 0x7F, 0xA0, 0xFF, 0xFF, 0xFF,
    0xFF, 0xFF, 0x7F, 0x20, 0xFE, 0xFF, 0xFF, 0x8F, 0xFC, 0x7F, 0x00, 0x91, 0xFE, 0xBF, 0x05, 0xF8,
    0x7F, 0x00, 0x00, 0x13, 0x00, 0x30, 0x01, 0x00, 0x00, 0xB0, 0xFF, 0x03, 0xFC, 0x2F, 0x00, 0x00,
    0xF0, 0xFF, 0x06, 0xFF, 0x6F, 0x00, 0x00, 0x80, 0xDF, 0x01, 0xF9, 0x1C, 0x00, 0x00, 0x00, 0x00,
    0x00, 0x00, 0x00, 0x00, 0x00, 0x00, 0x00, 0x00, 0x00, 0x00, 0x00, 0xF2, 0xFF, 0x09, 0x00, 0x40,
    0xFF, 0x7F, 0xF2, 0xFF, 0x09, 0x00, 0x40, 0xFF, 0x7F, 0xF2, 0xFF, 0x09, 0x00, 0x40, 0xFF, 0x7F,
    0xF2, 0xFF, 0x09, 0x00, 0x40, 0xFF, 0x7F, 0xF2, 0xFF, 0x09, 0x00, 0x40, 0xFF, 0x7F, 0xF2, 0xFF,
    0x09, 0x00, 0x40, 0xFF, 0x7F, 0xF2, 0xFF, 0x09, 0x00, 0x40, 0xFF, 0x7F, 0xF2, 0xFF, 0x09, 0x00,
    0x40, 0xFF, 0x7F, 0xF2, 0xFF, 0x0A, 0x00, 0x60, 0xFF, 0x7F, 0xF1, 0xFF, 0x0C, 0x00, 0xB0, 0xFF,
    0x7F, 0xF0, 0xFF, 0x6F, 0x00, 0xF7, 0xFF, 0x7F, 0xA0, 0xFF, 0xFF, 0xFF, 0xFF, 0xFF, 0x7F, 0x20,
    0xFE, 0xFF, 0xFF, 0x8F, 0xFC, 0x7F, 0x00, 0x91, 0xFE, 0xBF, 0x05, 0xF8, 0x7F, 0x00, 0x00, 0x00,
    0x90, 0xFF, 0x9F, 0x00, 0x00, 0x00, 0x00, 0x00, 0xF5, 0xFF, 0x08, 0x00, 0x00, 0x00, 0x00, 0x20,
    0xFF, 0x5F, 0x00, 0x00, 0x00, 0x00, 0x00, 0xE0, 0xDF, 0x02, 0x00, 0x00, 0x00, 0x00, 0x00, 0x00,
    0x00, 0x00, 0x00, 0x00, 0x00, 0xFC, 0xFF, 0x03, 0x00, 0x00, 0xFE, 0xFF, 0x01, 0xF6, 0xFF, 0x09,
    0x00, 0x40, 0xFF, 0xAF, 0x00, 0xF0, 0xFF, 0x0E, 0x00, 0x90, 0xFF, 0x4F, 0x00, 0xA0, 0xFF, 0x3F,
    0x00, 0xE0, 0xFF, 0x0E, 0x00, 0x30, 0xFF, 0x9F, 0x00, 0xF3, 0xFF, 0x09, 0x00, 0x00, 0xFD, 0xEF,
    0x00, 0xF8, 0xFF, 0x03, 0x00, 0x00, 0xF7, 0xFF, 0x03, 0xFD, 0xDF, 0x00, 0x00, 0x00, 0xF1, 0xFF,
    0x38, 0xFF, 0x7F, 0x00, 0x00, 0x00, 0xA0, 0xFF, 0x8D, 0xFF, 0x1F, 0x00, 0x00, 0x00, 0x40, 0xFF,
    0xCF, 0xFF, 0x0B, 0x00, 0x00, 0x00, 0x00, 0xFD, 0xFF, 0xFF, 0x05, 0x00, 0x00, 0x00, 0x00, 0xF7,
    0xFF, 0xFF, 0x00, 0x00, 0x00, 0x00, 0x00, 0xF1, 0xFF, 0xAF, 0x00, 0x00, 0x00, 0x00, 0x00, 0xB0,
    0xFF, 0x4F, 0x00, 0x00, 0x00, 0x00, 0x00, 0xD0, 0xFF, 0x0E, 0x00, 0x00, 0x00, 0x00, 0x00, 0xF4,
    0xFF, 0x08, 0x00, 0x00, 0x00, 0x10, 0x40, 0xFE, 0xFF, 0x01, 0x00, 0x00, 0x00, 0xF2, 0xFF, 0xFF,
    0x8F, 0x00, 0x00, 0x00, 0x00, 0xF2, 0xFF, 0xFF, 0x09, 0x00, 0x00, 0x00, 0x00, 0xE1, 0xFF, 0x5B,
    0x00, 0x00, 0x00, 0x00, 0x00, 0xF0, 0xFF, 0x0A, 0x00, 0x00, 0x00, 0x00, 0xF0, 0xFF, 0x0A, 0x00,
    0x00, 0x00, 0x00, 0xF0, 0xFF, 0x0A, 0x00, 0x00, 0x00, 0x00, 0xF0, 0xFF, 0x0A, 0x00, 0x00, 0x00,
    0x00, 0xF0, 0xFF, 0x0A, 0x00, 0x00, 0x00, 0x00, 0xF0, 0xFF, 0x1A, 0xE9, 0xEF, 0x19, 0x00, 0xF0,
    0xFF, 0xDA, 0xFF, 0xFF, 0xEF, 0x01, 0xF0, 0xFF, 0xFF, 0xFF, 0xFF, 0xFF, 0x0B, 0xF0, 0xFF, 0xAF,
    0x01, 0xF4, 0xFF, 0x3F, 0xF0, 0xFF, 0x0F, 0x00, 0x70, 0xFF, 0x7F, 0xF0, 0xFF, 0x0C, 0x00, 0x30,
    0xFF, 0x9F, 0xF0, 0xFF, 0x0A, 0x00, 0x10, 0xFF, 0xBF, 0xF0, 0xFF, 0x0B, 0x00, 0x10, 0xFF, 0xAF,
    0xF0, 0xFF, 0x0C, 0x00, 0x30, 0xFF, 0x9F, 0xF0, 0xFF, 0x1F, 0x00, 0x80, 0xFF, 0x7F, 0xF0, 0xFF,
    0xBF, 0x02, 0xF5, 0xFF, 0x2F, 0xF0, 0xFF, 0xFF, 0xFF, 0xFF, 0xFF, 0x0B, 0xF0, 0xFF, 0xFC, 0xFF,
    0xFF, 0xEF, 0x01, 0xF0, 0xFF, 0x2A, 0xEA, 0xEF, 0x19, 0x00, 0xF0, 0xFF, 0x0A, 0x00, 0x00, 0x00,
    0x00, 0xF0, 0xFF, 0x0A, 0x00, 0x00, 0x00, 0x00, 0xF0, 0xFF, 0x0A, 0x00, 0x00, 0x00, 0x00, 0xF0,
    0xFF, 0x0A, 0x00, 0x00, 0x00, 0x00, 0xF0, 0xFF, 0x0A, 0x00, 0x00, 0x00, 0x00, 0xF0, 0xFF, 0x0A,
    0x00, 0x00, 0x00, 0x00, 0x00, 0x00, 0x13, 0x00, 0x30, 0x01, 0x00, 0x00, 0x00, 0xD0, 0xFF, 0x02,
    0xFD, 0x1F, 0x00, 0x00, 0x00, 0xF0, 0xFF, 0x15, 0xFF, 0x4F, 0x00, 0x00, 0x00, 0x90, 0xCF, 0x01,
    0xFA, 0x0C, 0x00, 0x00, 0x00, 0x00, 0x00, 0x00, 0x00, 0x00, 0x00, 0x00, 0x00, 0x00, 0x00, 0x00,
    0x00, 0x00, 0x00, 0x00, 0xFC, 0xFF, 0x03, 0x00, 0x00, 0xFE, 0xFF, 0x01, 0xF6, 0xFF, 0x09, 0x00,
    0x40, 0xFF, 0xAF, 0x00, 0xF0, 0xFF, 0x0E, 0x00, 0x90, 0xFF, 0x4F, 0x00, 0xA0, 0xFF, 0x3F, 0x00,
    0xE0, 0xFF, 0x0E, 0x00, 0x30, 0xFF, 0x9F, 0x00, 0xF3, 0xFF, 0x09, 0x00, 0x00, 0xFD, 0xEF, 0x00,
    0xF8, 0xFF, 0x03, 0x00, 0x00, 0xF7, 0xFF, 0x03, 0xFD, 0xDF, 0x00, 0x00, 0x00, 0xF1, 0xFF, 0x38,
    0xFF, 0x7F, 0x00, 0x00, 0x00, 0xA0, 0xFF, 0x8D, 0xFF, 0x1F, 0x00, 0x00, 0x00, 0x40, 0xFF, 0xCF,
    0xFF, 0x0B, 0x00, 0x00, 0x00, 0x00, 0xFD, 0xFF, 0xFF, 0x05, 0x00, 0x00, 0x00, 0x00, 0xF7, 0xFF,
    0xFF, 0x00, 0x00, 0x00, 0x00, 0x00, 0xF1, 0xFF, 0xAF, 0x00, 0x00, 0x00, 0x00, 0x00, 0xB0, 0xFF,
    0x4F, 0x00, 0x00, 0x00, 0x00, 0x00, 0xD0, 0xFF, 0x0E, 0x00, 0x00, 0x00, 0x00, 0x00, 0xF4, 0xFF,
    0x08, 0x00, 0x00, 0x00, 0x10, 0x40, 0xFE, 0xFF, 0x01, 0x00, 0x00, 0x00, 0xF2, 0xFF, 0xFF, 0x8F,
    0x00, 0x00, 0x00, 0x00, 0xF2, 0xFF, 0xFF, 0x09, 0x00, 0x00, 0x00, 0x00, 0xE1, 0xFF, 0x5B, 0x00,
    0x00, 0x00, 0x00, 0x00, 0x00, 0x32, 0x00, 0x30, 0x02, 0x00, 0x60, 0xFF, 0x07, 0xF8, 0x7F, 0x00,
    0xA0, 0xFF, 0x0B, 0xFB, 0xAF, 0x00, 0x40, 0xEE, 0x04, 0xE5, 0x4E, 0x00, 0x00, 0x00, 0x00, 0x00,
    0x00, 0x00, 0x00, 0x00, 0x00, 0x00, 0x00, 0x00, 0xFC, 0xFF, 0xFF, 0xFF, 0xFF, 0x08, 0xFC, 0xFF,
    0xFF, 0xFF, 0xFF, 0x08, 0xFC, 0xFF, 0xFF, 0xFF, 0xFF, 0x08, 0xFC, 0xFF, 0x11, 0x11, 0x11, 0x00,
    0xFC, 0xFF, 0x00, 0x00, 0x00, 0x00, 0xFC, 0xFF, 0x00, 0x00, 0x00, 0x00, 0xFC, 0xFF, 0x11, 0x11,
    0x11, 0x00, 0xFC, 0xFF, 0xFF, 0xFF, 0xFF, 0x01, 0xFC, 0xFF, 0xFF, 0xFF, 0xFF, 0x01, 0xFC, 0xFF,
    0xFF, 0xFF, 0xFF, 0x01, 0xFC, 0xFF, 0x00, 0x00, 0x00, 0x00, 0xFC, 0xFF, 0x00, 0x00, 0x00, 0x00,
    0xFC, 0xFF, 0x00, 0x00, 0x00, 0x00, 0xFC, 0xFF, 0x00, 0x00, 0x00, 0x00, 0xFC, 0xFF, 0x22, 0x22,
    0x22, 0x01, 0xFC, 0xFF, 0xFF, 0xFF, 0xFF, 0x08, 0xFC, 0xFF, 0xFF, 0xFF, 0xFF, 0x08, 0xFC, 0xFF,
    0xFF, 0xFF, 0xFF, 0x08, 0x00, 0x00, 0x00, 0xFE, 0xFF, 0x1F, 0x00, 0x00, 0x00, 0x00, 0x00, 0x30,
    0xFF, 0xFF, 0x7F, 0x00, 0x00, 0x00, 0x00, 0x00, 0x90, 0xFF, 0xFF, 0xCF, 0x00, 0x00, 0x00, 0x00,
    0x00, 0xE0, 0xFF, 0xFA, 0xFF, 0x02, 0x00, 0x00, 0x00, 0x00, 0xF4, 0xFF, 0xE2, 0xFF, 0x08, 0x00,
    0x00, 0x00, 0x00, 0xFA, 0xEF, 0x90, 0xFF, 0x0D, 0x00, 0x00, 0x00, 0x00, 0xFF, 0x9F, 0x50, 0xFF,
    0x3F, 0x00, 0x00, 0x00, 0x50, 0xFF, 0x5F, 0x00, 0xFF, 0x8F, 0x00, 0x00, 0x00, 0xA0, 0xFF, 0x0F,
    0x00, 0xFB, 0xEF, 0x00, 0x00, 0x00, 0xF0, 0xFF, 0x0B, 0x00, 0xF6, 0xFF, 0x04, 0x00, 0x00, 0xF6,
    0xFF, 0x28, 0x22, 0xF4, 0xFF, 0x09, 0x00, 0x00, 0xFB, 0xFF, 0xFF, 0xFF, 0xFF, 0xFF, 0x0F, 0x00,
    0x10, 0xFF, 0xFF, 0xFF, 0xFF, 0xFF, 0xFF, 0x5F, 0x00, 0x60, 0xFF, 0xFF, 0xFF, 0xFF, 0xFF, 0xFF,
    0xAF, 0x00, 0xC0, 0xFF, 0x3F, 0x00, 0x00, 0x00, 0xFF, 0xFF, 0x00, 0xF2, 0xFF, 0x0E, 0x00, 0x00,
    0x00, 0xFA, 0xFF, 0x05, 0xF7, 0xFF, 0x09, 0x00, 0x00, 0x00, 0xF5, 0xFF, 0x0B, 0xFD, 0xFF, 0x03,
    0x00, 0x00, 0x00, 0xF0, 0xFF, 0x1F, 0xFC, 0xFF, 0xFF, 0xFF, 0xFF, 0x8F, 0x00, 0xFC, 0xFF, 0xFF,
    0xFF, 0xFF, 0x8F, 0x00, 0xFC, 0xFF, 0xFF, 0xFF, 0xFF, 0x8F, 0x00, 0xFC, 0xFF, 0x22, 0x22, 0x22,
    0x12, 0x00, 0xFC, 0xFF, 0x00, 0x00, 0x00, 0x00, 0x00, 0xFC, 0xFF, 0x00, 0x00, 0x00, 0x00, 0x00,
    0xFC, 0xFF, 0x12, 0x01, 0x00, 0x00, 0x00, 0xFC, 0xFF, 0xFF, 0xFF, 0x7C, 0x00, 0x00, 0xFC, 0xFF,
    0xFF, 0xFF, 0xFF, 0x3E, 0x00, 0xFC, 0xFF, 0xFF, 0xFF, 0xFF, 0xEF, 0x01, 0xFC, 0xFF, 0x00, 0x41,
    0xFD, 0xFF, 0x07, 0xFC, 0xFF, 0x00, 0x00, 0xF2, 0xFF, 0x0B, 0xFC, 0xFF, 0x00, 0x00, 0xF0, 0xFF,
    0x0C, 0xFC, 0xFF, 0x00, 0x00, 0xF4, 0xFF, 0x0B, 0xFC, 0xFF, 0x11, 0x73, 0xFE, 0xFF, 0x07, 0xFC,
    0xFF, 0xFF, 0xFF, 0xFF, 0xEF, 0x00, 0xFC, 0xFF, 0xFF, 0xFF, 0xFF, 0x2D, 0x00, 0xFC, 0xFF, 0xFF,
    0xDF, 0x6B, 0x00, 0x00, 0xFC, 0xFF, 0xFF, 0xEF, 0x9D, 0x05, 0x00, 0xFC, 0xFF, 0xFF, 0xFF, 0xFF,
    0xCF, 0x01, 0xFC, 0xFF, 0xFF, 0xFF, 0xFF, 0xFF, 0x09, 0xFC, 0xFF, 0x11, 0x31, 0xFA, 0xFF, 0x0F,
    0xFC, 0xFF, 0x00, 0x00, 0xE0, 0xFF, 0x0F, 0xFC, 0xFF, 0x00, 0x00, 0xE0, 0xFF, 0x0E, 0xFC, 0xFF,
    0x00, 0x10, 0xF9, 0xFF, 0x09, 0xFC, 0xFF, 0xFF, 0xFF, 0xFF, 0xCF, 0x01, 0xFC, 0xFF, 0xFF, 0xFF,
    0xFF, 0x2C, 0x00, 0xFC, 0xFF, 0xFF, 0xFF, 0xFF, 0xFF, 0x06, 0xFC, 0xFF, 0x00, 0x10, 0xF7, 0xFF,
    0x1F, 0xFC, 0xFF, 0x00, 0x00, 0x90, 0xFF, 0x6F, 0xFC, 0xFF, 0x00, 0x00, 0x70, 0xFF, 0x7F, 0xFC,
    0xFF, 0x00, 0x00, 0xB0, 0xFF, 0x6F, 0xFC, 0xFF, 0x22, 0x32, 0xF9, 0xFF, 0x2F, 0xFC, 0xFF, 0xFF,
    0xFF, 0xFF, 0xFF, 0x0B, 0xFC, 0xFF, 0xFF, 0xFF, 0xFF, 0xBF, 0x00, 0xFC, 0xFF, 0xFF, 0xFF, 0xAE,
    0x05, 0x00, 0xFC, 0xFF, 0xFF, 0xFF, 0xFF, 0x8F, 0xFC, 0xFF, 0xFF, 0xFF, 0xFF, 0x8F, 0xFC, 0xFF,
    0xFF, 0xFF, 0xFF, 0x8F, 0xFC, 0xFF, 0x22, 0x22, 0x22, 0x12, 0xFC, 0xFF, 0x00, 0x00, 0x00, 0x00,
    0xFC, 0xFF, 0x00, 0x00, 0x00, 0x00, 0xFC, 0xFF, 0x00, 0x00, 0x00, 0x00, 0xFC, 0xFF, 0x00, 0x00,
    0x00, 0x00, 0xFC, 0xFF, 0x00, 0x00, 0x00, 0x00, 0xFC, 0xFF, 0x00, 0x00, 0x00, 0x00, 0xFC, 0xFF,
    0x00, 0x00, 0x00, 0x00, 0xFC, 0xFF, 0x00, 0x00, 0x00, 0x00, 0xFC, 0xFF, 0x00, 0x00, 0x00, 0x00,
    0xFC, 0xFF, 0x00, 0x00, 0x00, 0x00, 0xFC, 0xFF, 0x00, 0x00, 0x00, 0x00, 0xFC, 0xFF, 0x00, 0x00,
    0x00, 0x00, 0xFC, 0xFF, 0x00, 0x00, 0x00, 0x00, 0xFC, 0xFF, 0x00, 0x00, 0x00, 0x00, 0x00, 0x00,
    0x30, 0xFF, 0xFF, 0xFF, 0xFF, 0xFF, 0x03, 0x00, 0x00, 0x00, 0x60, 0xFF, 0xFF, 0xFF, 0xFF, 0xFF,
    0x03, 0x00, 0x00, 0x00, 0x80, 0xFF, 0xFF, 0xFF, 0xFF, 0xFF, 0x03, 0x00, 0x00, 0x00, 0xB0, 0xFF,
    0x2C, 0x22, 0xF9, 0xFF, 0x03, 0x00, 0x00, 0x00, 0xE0, 0xFF, 0x09, 0x00, 0xF8, 0xFF, 0x03, 0x00,
    0x00, 0x00, 0xF2, 0xFF, 0x06, 0x00, 0xF8, 0xFF, 0x03, 0x00, 0x00, 0x00, 0xF6, 0xFF, 0x03, 0x00,
    0xF8, 0xFF, 0x03, 0x00, 0x00, 0x00, 0xFA, 0xFF, 0x00, 0x00, 0xF8, 0xFF, 0x03, 0x00, 0x00, 0x00,
    0xFF, 0xBF, 0x00, 0x00, 0xF8, 0xFF, 0x03, 0x00, 0x00, 0x40, 0xFF, 0x6F, 0x00, 0x00, 0xF8, 0xFF,
    0x03, 0x00, 0x00, 0xA0, 0xFF, 0x1F, 0x00, 0x00, 0xF8, 0xFF, 0x03, 0x00, 0x00, 0xF0, 0xFF, 0x0C,
    0x00, 0x00, 0xF8, 0xFF, 0x03, 0x00, 0x00, 0xF6, 0xFF, 0x06, 0x00, 0x00, 0xF8, 0xFF, 0x03, 0x00,
    0x00, 0xFD, 0xFF, 0x01, 0x00, 0x00, 0xF8, 0xFF, 0x03, 0x00, 0x62, 0xFF, 0xBF, 0x22, 0x22, 0x22,
    0xF9, 0xFF, 0x25, 0x01, 0xFE, 0xFF, 0xFF, 0xFF, 0xFF, 0xFF, 0xFF, 0xFF, 0xFF, 0x09, 0xFE, 0xFF,
    0xFF, 0xFF, 0xFF, 0xFF, 0xFF, 0xFF, 0xFF, 0x09, 0xFE, 0xFF, 0xFF, 0xFF, 0xFF, 0xFF, 0xFF, 0xFF,
    0xFF, 0x09, 0xFE, 0xCF, 0x00, 0x00, 0x00, 0x00, 0x00, 0xF0, 0xFF, 0x09, 0xFE, 0xCF, 0x00, 0x00,
    0x00, 0x00, 0x00, 0xF0, 0xFF, 0x09, 0xFE, 0xCF, 0x00, 0x00, 0x00, 0x00, 0x00, 0xF0, 0xFF, 0x09,
    0xFE, 0xCF, 0x00, 0x00, 0x00, 0x00, 0x00, 0xF0, 0xFF, 0x09, 0xFE, 0xCF, 0x00, 0x00, 0x00, 0x00,
    0x00, 0xF0, 0xFF, 0x09, 0xFC, 0xFF, 0xFF, 0xFF, 0xFF, 0x08, 0xFC, 0xFF, 0xFF, 0xFF, 0xFF, 0x08,
    0xFC, 0xFF, 0xFF, 0xFF, 0xFF, 0x08, 0xFC, 0xFF, 0x11, 0x11, 0x11, 0x00, 0xFC, 0xFF, 0x00, 0x00,
    0x00, 0x00, 0xFC, 0xFF, 0x00, 0x00, 0x00, 0x00, 0xFC, 0xFF, 0x11, 0x11, 0x11, 0x00, 0xFC, 0xFF,
    0xFF, 0xFF, 0xFF, 0x01, 0xFC, 0xFF, 0xFF, 0xFF, 0xFF, 0x01, 0xFC, 0xFF, 0xFF, 0xFF, 0xFF, 0x01,
    0xFC, 0xFF, 0x00, 0x00, 0x00, 0x00, 0xFC, 0xFF, 0x00, 0x00, 0x00, 0x00, 0xFC, 0xFF, 0x00, 0x00,
    0x00, 0x00, 0xFC, 0xFF, 0x00, 0x00, 0x00, 0x00, 0xFC, 0xFF, 0x22, 0x22, 0x22, 0x01, 0xFC, 0xFF,
    0xFF, 0xFF, 0xFF, 0x08, 0xFC, 0xFF, 0xFF, 0xFF, 0xFF, 0x08, 0xFC, 0xFF, 0xFF, 0xFF, 0xFF, 0x08,
    0xF4, 0xFF, 0x09, 0x00, 0x00, 0xFF, 0x8F, 0x00, 0x00, 0xE1, 0xFF, 0x0D, 0x90, 0xFF, 0x3F, 0x00,
    0x00, 0xFF, 0x8F, 0x00, 0x00, 0xFA, 0xFF, 0x03, 0x00, 0xFD, 0xDF, 0x00, 0x00, 0xFF, 0x8F, 0x00,
    0x50, 0xFF, 0x7F, 0x00, 0x00, 0xF3, 0xFF, 0x09, 0x00, 0xFF, 0x8F, 0x00, 0xE1, 0xFF, 0x0C, 0x00,
    0x00, 0x80, 0xFF, 0x3F, 0x00, 0xFF, 0x8F, 0x00, 0xFA, 0xFF, 0x02, 0x00, 0x00, 0x00, 0xFC, 0xDF,
    0x00, 0xFF, 0x8F, 0x50, 0xFF, 0x6F, 0x00, 0x00, 0x00, 0x00, 0xF2, 0xFF, 0x08, 0xFF, 0x8F, 0xE1,
    0xFF, 0x0B, 0x00, 0x00, 0x00, 0x00, 0x70, 0xFF, 0x3F, 0xFF, 0x8F, 0xFA, 0xEF, 0x01, 0x00, 0x00,
    0x00, 0x00, 0x00, 0xFD, 0xDF, 0xFF, 0xDF, 0xFF, 0x6F, 0x00, 0x00, 0x00, 0x00, 0x00, 0x30, 0xFF,
    0x9F, 0xFF, 0xAF, 0xFF, 0xCF, 0x00, 0x00, 0x00, 0x00, 0x00, 0xD0, 0xFF, 0x1E, 0xFF, 0x8F, 0xF6,
    0xFF, 0x07, 0x00, 0x00, 0x00, 0x00, 0xF9, 0xFF, 0x04, 0xFF, 0x8F, 0xB0, 0xFF, 0x3F, 0x00, 0x00,
    0x00, 0x40, 0xFF, 0xAF, 0x00, 0xFF, 0x8F, 0x20, 0xFF, 0xDF, 0x00, 0x00, 0x00, 0xE1, 0xFF, 0x1E,
    0x00, 0xFF, 0x8F, 0x00, 0xF6, 0xFF, 0x08, 0x00, 0x00, 0xFA, 0xFF, 0x05, 0x00, 0xFF, 0x8F, 0x00,
    0xC0, 0xFF, 0x3F, 0x00, 0x50, 0xFF, 0xAF, 0x00, 0x00, 0xFF, 0x8F, 0x00, 0x20, 0xFF, 0xDF, 0x00,
    0xE1, 0xFF, 0x1E, 0x00, 0x00, 0xFF, 0x8F, 0x00, 0x00, 0xF7, 0xFF, 0x09, 0xFA, 0xFF, 0x06, 0x00,
    0x00, 0xFF, 0x8F, 0x00, 0x00, 0xC0, 0xFF, 0x3F, 0x00, 0x83, 0xEC, 0xFF, 0xCE, 0x17, 0x00, 0x00,
    0xC4, 0xFF, 0xFF, 0xFF, 0xFF, 0xEF, 0x04, 0x00, 0xF8, 0xFF, 0xFF, 0xFF, 0xFF, 0xFF, 0x1F, 0x00,
    0xD0, 0xAF, 0x14, 0x10, 0xD4, 0xFF, 0x7F, 0x00, 0x20, 0x01, 0x00, 0x00, 0x20, 0xFF, 0x8F, 0x00,
    0x00, 0x00, 0x00, 0x00, 0x30, 0xFF, 0x6F, 0x00, 0x00, 0x00, 0x00, 0x20, 0xE6, 0xFF, 0x0C, 0x00,
    0x00, 0xF0, 0xFF, 0xFF, 0xFF, 0x9F, 0x00, 0x00, 0x00, 0xF0, 0xFF, 0xFF, 0xCF, 0x05, 0x00, 0x00,
    0x00, 0xF0, 0xFF, 0xFF, 0xFF, 0xEF, 0x06, 0x00, 0x00, 0x00, 0x00, 0x31, 0xE7, 0xFF, 0x6F, 0x00,
    0x00, 0x00, 0x00, 0x00, 0x10, 0xFE, 0xEF, 0x00, 0x00, 0x00, 0x00, 0x00, 0x00, 0xFA, 0xFF, 0x01,
    0x00, 0x00, 0x00, 0x00, 0x00, 0xFD, 0xFF, 0x00, 0xAA, 0x36, 0x00, 0x10, 0xC4, 0xFF, 0xCF, 0x00,
    0xFB, 0xFF, 0xFF, 0xFF, 0xFF, 0xFF, 0x3F, 0x00, 0xFB, 0xFF, 0xFF, 0xFF, 0xFF, 0xEF, 0x04, 0x00,
    0x61, 0xDA, 0xFE, 0xFF, 0xBE, 0x06, 0x00, 0x00, 0xFC, 0xAF, 0x00, 0x00, 0x00, 0x80, 0xFF, 0xFF,
    0x05, 0xFC, 0xAF, 0x00, 0x00, 0x00, 0xF2, 0xFF, 0xFF, 0x05, 0xFC, 0xAF, 0x00, 0x00, 0x00, 0xFB,
    0xFF, 0xFF, 0x05, 0xFC, 0xAF, 0x00, 0x00, 0x50, 0xFF, 0xFF, 0xFF, 0x05, 0xFC, 0xAF, 0x00, 0x00,
    0xE0, 0xFF, 0xED, 0xFF, 0x05, 0xFC, 0xAF, 0x00, 0x00, 0xF8, 0xFF, 0xE4, 0xFF, 0x05, 0xFC, 0xAF,
    0x00, 0x20, 0xFF, 0xBF, 0xF0, 0xFF, 0x05, 0xFC, 0xAF, 0x00, 0xB0, 0xFF, 0x2F, 0xF0, 0xFF, 0x05,
    0xFC, 0xAF, 0x00, 0xF5, 0xFF, 0x08, 0xF0, 0xFF, 0x05, 0xFC, 0xAF, 0x00, 0xFE, 0xDF, 0x00, 0xF0,
    0xFF, 0x05, 0xFC, 0x9F, 0x80, 0xFF, 0x4F, 0x00, 0xF0, 0xFF, 0x05, 0xFC, 0x9F, 0xF2, 0xFF, 0x0B,
    0x00, 0xF0, 0xFF, 0x05, 0xFC, 0x8F, 0xFB, 0xFF, 0x02, 0x00, 0xF0, 0xFF, 0x05, 0xFC, 0xDF, 0xFF,
    0x7F, 0x00, 0x00, 0xF0, 0xFF, 0x05, 0xFC, 0xFF, 0xFF, 0x0D, 0x00, 0x00, 0xF0, 0xFF, 0x05, 0xFC,
    0xFF, 0xFF, 0x04, 0x00, 0x00, 0xF0, 0xFF, 0x05, 0xFC, 0xFF, 0xBF, 0x00, 0x00, 0x00, 0xF0, 0xFF,
    0x05, 0xFC, 0xFF, 0x2F, 0x00, 0x00, 0x00, 0xF0, 0xFF, 0x05, 0x00, 0xF2, 0xFF, 0x03, 0x00, 0xD0,
    0xFF, 0x08, 0x00, 0x00, 0xE0, 0xFF, 0x3C, 0x21, 0xF9, 0xFF, 0x03, 0x00, 0x00, 0x50, 0xFF, 0xFF,
    0xFF, 0xFF, 0x8F, 0x00, 0x00, 0x00, 0x00, 0x93, 0xFD, 0xFF, 0xAD, 0x04, 0x00, 0x00, 0x00, 0x00,
    0x00, 0x00, 0x00, 0x00, 0x00, 0x00, 0x00, 0xFC, 0xAF, 0x00, 0x00, 0x00, 0x80, 0xFF, 0xFF, 0x05,
    0xFC, 0xAF, 0x00, 0x00, 0x00, 0xF2, 0xFF, 0xFF, 0x05, 0xFC, 0xAF, 0x00, 0x00, 0x00, 0xFB, 0xFF,
    0xFF, 0x05, 0xFC, 0xAF, 0x00, 0x00, 0x50, 0xFF, 0xFF, 0xFF, 0x05, 0xFC, 0xAF, 0x00, 0x00, 0xE0,
    0xFF, 0xED, 0xFF, 0x05, 0xFC, 0xAF, 0x00, 0x00, 0xF8, 0xFF, 0xE4, 0xFF, 0x05, 0xFC, 0xAF, 0x00,
    0x20, 0xFF, 0xBF, 0xF0, 0xFF, 0x05, 0xFC, 0xAF, 0x00, 0xB0, 0xFF, 0x2F, 0xF0, 0xFF, 0x05, 0xFC,
    0xAF, 0x00, 0xF5, 0xFF, 0x08, 0xF0, 0xFF, 0x05, 0xFC, 0xAF, 0x00, 0xFE, 0xDF, 0x00, 0xF0, 0xFF,
    0x05, 0xFC, 0x9F, 0x80, 0xFF, 0x4F, 0x00, 0xF0, 0xFF, 0x05, 0xFC, 0x9F, 0xF2, 0xFF, 0x0B, 0x00,
    0xF0, 0xFF, 0x05, 0xFC, 0x8F, 0xFB, 0xFF, 0x02, 0x00, 0xF0, 0xFF, 0x05, 0xFC, 0xDF, 0xFF, 0x7F,
    0x00, 0x00, 0xF0, 0xFF, 0x05, 0xFC, 0xFF, 0xFF, 0x0D, 0x00, 0x00, 0xF0, 0xFF, 0x05, 0xFC, 0xFF,
    0xFF, 0x04, 0x00, 0x00, 0xF0, 0xFF, 0x05, 0xFC, 0xFF, 0xBF, 0x00, 0x00, 0x00, 0xF0, 0xFF, 0x05,
    0xFC, 0xFF, 0x2F, 0x00, 0x00, 0x00, 0xF0, 0xFF, 0x05, 0xFC, 0xFF, 0x00, 0x00, 0x10, 0xFE, 0xFF,
    0x02, 0xFC, 0xFF, 0x00, 0x00, 0xA0, 0xFF, 0x5F, 0x00, 0xFC, 0xFF, 0x00, 0x00, 0xF6, 0xFF, 0x09,
    0x00, 0xFC, 0xFF, 0x00, 0x20, 0xFF, 0xCF, 0x00, 0x00, 0xFC, 0xFF, 0x00, 0xD0, 0xFF, 0x2F, 0x00,
    0x00, 0xFC, 0xFF, 0x00, 0xF9, 0xFF, 0x05, 0x00, 0x00, 0xFC, 0xFF, 0x50, 0xFF, 0x9F, 0x00, 0x00,
    0x00, 0xFC, 0xFF, 0xF2, 0xFF, 0x0C, 0x00, 0x00, 0x00, 0xFC, 0xFF, 0xFC, 0xFF, 0x02, 0x00, 0x00,
    0x00, 0xFC, 0xFF, 0xF8, 0xFF, 0x09, 0x00, 0x00, 0x00, 0xFC, 0xFF, 0xC0, 0xFF, 0x5F, 0x00, 0x00,
    0x00, 0xFC, 0xFF, 0x20, 0xFF, 0xEF, 0x01, 0x00, 0x00, 0xFC, 0xFF, 0x00, 0xF6, 0xFF, 0x0C, 0x00,
    0x00, 0xFC, 0xFF, 0x00, 0xB0, 0xFF, 0x8F, 0x00, 0x00, 0xFC, 0xFF, 0x00, 0x10, 0xFE, 0xFF, 0x04,
    0x00, 0xFC, 0xFF, 0x00, 0x00, 0xF4, 0xFF, 0x1E, 0x00, 0xFC, 0xFF, 0x00, 0x00, 0x90, 0xFF, 0xBF,
    0x00, 0xFC, 0xFF, 0x00, 0x00, 0x00, 0xFD, 0xFF, 0x06, 0x00, 0x00, 0xF0, 0xFF, 0xFF, 0xFF, 0xFF,
    0xFF, 0x06, 0x00, 0x00, 0xF1, 0xFF, 0xFF, 0xFF, 0xFF, 0xFF, 0x06, 0x00, 0x00, 0xF3, 0xFF, 0xFF,
    0xFF, 0xFF, 0xFF, 0x06, 0x00, 0x00, 0xF5, 0xFF, 0x24, 0x22, 0xF7, 0xFF, 0x06, 0x00, 0x00, 0xF7,
    0xFF, 0x00, 0x00, 0xF6, 0xFF, 0x06, 0x00, 0x00, 0xFA, 0xEF, 0x00, 0x00, 0xF6, 0xFF, 0x06, 0x00,
    0x00, 0xFC, 0xCF, 0x00, 0x00, 0xF6, 0xFF, 0x06, 0x00, 0x00, 0xFF, 0xAF, 0x00, 0x00, 0xF6, 0xFF,
    0x06, 0x00, 0x10, 0xFF, 0x8F, 0x00, 0x00, 0xF6, 0xFF, 0x06, 0x00, 0x40, 0xFF, 0x6F, 0x00, 0x00,
    0xF6, 0xFF, 0x06, 0x00, 0x60, 0xFF, 0x3F, 0x00, 0x00, 0xF6, 0xFF, 0x06, 0x00, 0x90, 0xFF, 0x1F,
    0x00, 0x00, 0xF6, 0xFF, 0x06, 0x00, 0xD0, 0xFF, 0x0E, 0x00, 0x00, 0xF6, 0xFF, 0x06, 0x00, 0xF1,
    0xFF, 0x0B, 0x00, 0x00, 0xF6, 0xFF, 0x06, 0x23, 0xFA, 0xFF, 0x06, 0x00, 0x00, 0xF6, 0xFF, 0x06,
    0xFC, 0xFF, 0xFF, 0x01, 0x00, 0x00, 0xF6, 0xFF, 0x06, 0xFC, 0xFF, 0x6F, 0x00, 0x00, 0x00, 0xF6,
    0xFF, 0x06, 0xFA, 0xCF, 0x05, 0x00, 0x00, 0x00, 0xF6, 0xFF, 0x06, 0xFC, 0xFF, 0x8F, 0x00, 0x00,
    0x00, 0x00, 0xFF, 0xFF, 0x5F, 0xFC, 0xFF, 0xDF, 0x00, 0x00, 0x00, 0x50, 0xFF, 0xFF, 0x5F, 0xFC,
    0xFF, 0xFF, 0x02, 0x00, 0x00, 0xA0, 0xFF, 0xFF, 0x5F, 0xFC, 0xFF, 0xFF, 0x07, 0x00, 0x00, 0xF0,
    0xFF, 0xFF, 0x5F, 0xFC, 0xBF, 0xFF, 0x0C, 0x00, 0x00, 0xF4, 0xBF, 0xFF, 0x5F, 0xFC, 0x8F, 0xFF,
    0x1F, 0x00, 0x00, 0xF9, 0x7F, 0xFF, 0x5F, 0xFC, 0x8F, 0xFB, 0x6F, 0x00, 0x00, 0xFE, 0x3F, 0xFF,
    0x5F, 0xFC, 0x9F, 0xF6, 0xBF, 0x00, 0x40, 0xFF, 0x2B, 0xFF, 0x5F, 0xFC, 0x9F, 0xF1, 0xFF, 0x00,
    0x90, 0xFF, 0x35, 0xFF, 0x5F, 0xFC, 0xAF, 0xC0, 0xFF, 0x05, 0xE0, 0xFF, 0x31, 0xFF, 0x5F, 0xFC,
    0xAF, 0x70, 0xFF, 0x09, 0xF4, 0xBF, 0x30, 0xFF, 0x5F, 0xFC, 0xAF, 0x20, 0xFF, 0x0E, 0xF9, 0x6F,
    0x30, 0xFF, 0x5F, 0xFC, 0xAF, 0x00, 0xFE, 0x3F, 0xFE, 0x1F, 0x30, 0xFF, 0x5F, 0xFC, 0xAF, 0x00,
    0xF9, 0xCF, 0xFF, 0x0B, 0x30, 0xFF, 0x5F, 0xFC, 0xAF, 0x00, 0xF4, 0xFF, 0xFF, 0x06, 0x30, 0xFF,
    0x5F, 0xFC, 0xAF, 0x00, 0xF0, 0xFF, 0xFF, 0x01, 0x30, 0xFF, 0x5F, 0xFC, 0xAF, 0x00, 0xA0, 0xFF,
    0xCF, 0x00, 0x30, 0xFF, 0x5F, 0xFC, 0xAF, 0x00, 0x50, 0xFF, 0x6F, 0x00, 0x30, 0xFF, 0x5F, 0xFC,
    0xFF, 0x00, 0x00, 0x00, 0xE0, 0xFF, 0x0E, 0xFC, 0xFF, 0x00, 0x00, 0x00, 0xE0, 0xFF, 0x0E, 0xFC,
    0xFF, 0x00, 0x00, 0x00, 0xE0, 0xFF, 0x0E, 0xFC, 0xFF, 0x00, 0x00, 0x00, 0xE0, 0xFF, 0x0E, 0xFC,
    0xFF, 0x00, 0x00, 0x00, 0xE0, 0xFF, 0x0E, 0xFC, 0xFF, 0x00, 0x00, 0x00, 0xE0, 0xFF, 0x0E, 0xFC,
    0xFF, 0x22, 0x22, 0x22, 0xE2, 0xFF, 0x0E, 0xFC, 0xFF, 0xFF, 0xFF, 0xFF, 0xFF, 0xFF, 0x0E, 0xFC,
    0xFF, 0xFF, 0xFF, 0xFF, 0xFF, 0xFF, 0x0E, 0xFC, 0xFF, 0xFF, 0xFF, 0xFF, 0xFF, 0xFF, 0x0E, 0xFC,
    0xFF, 0x00, 0x00, 0x00, 0xE0, 0xFF, 0x0E, 0xFC, 0xFF, 0x00, 0x00, 0x00, 0xE0, 0xFF, 0x0E, 0xFC,
    0xFF, 0x00, 0x00, 0x00, 0xE0, 0xFF, 0x0E, 0xFC, 0xFF, 0x00, 0x00, 0x00, 0xE0, 0xFF, 0x0E, 0xFC,
    0xFF, 0x00, 0x00, 0x00, 0xE0, 0xFF, 0x0E, 0xFC, 0xFF, 0x00, 0x00, 0x00, 0xE0, 0xFF, 0x0E, 0xFC,
    0xFF, 0x00, 0x00, 0x00, 0xE0, 0xFF, 0x0E, 0xFC, 0xFF, 0x00, 0x00, 0x00, 0xE0, 0xFF, 0x0E, 0x00,
    0x00, 0x71, 0xEC, 0xFF, 0xBE, 0x17, 0x00, 0x00, 0x00, 0x60, 0xFF, 0xFF, 0xFF, 0xFF, 0xFF, 0x05,
    0x00, 0x00, 0xF7, 0xFF, 0xFF, 0xFF, 0xFF, 0xFF, 0x6F, 0x00, 0x30, 0xFF, 0xFF, 0x5C, 0x22, 0xC5,
    0xFF, 0xFF, 0x02, 0xB0, 0xFF, 0xAF, 0x00, 0x00, 0x00, 0xFB, 0xFF, 0x09, 0xF1, 0xFF, 0x1F, 0x00,
    0x00, 0x00, 0xF2, 0xFF, 0x0F, 0xF5, 0xFF, 0x0B, 0x00, 0x00, 0x00, 0xC0, 0xFF, 0x3F, 0xF7, 0xFF,
    0x08, 0x00, 0x00, 0x00, 0x90, 0xFF, 0x5F, 0xF8, 0xFF, 0x07, 0x00, 0x00, 0x00, 0x80, 0xFF, 0x6F,
    0xF8, 0xFF, 0x07, 0x00, 0x00, 0x00, 0x80, 0xFF, 0x6F, 0xF7, 0xFF, 0x08, 0x00, 0x00, 0x00, 0x90,
    0xFF, 0x5F, 0xF4, 0xFF, 0x0B, 0x00, 0x00, 0x00, 0xC0, 0xFF, 0x3F, 0xF1, 0xFF, 0x1F, 0x00, 0x00,
    0x00, 0xF2, 0xFF, 0x0F, 0xB0, 0xFF, 0xBF, 0x00, 0x00, 0x00, 0xFC, 0xFF, 0x09, 0x30, 0xFF, 0xFF,
    0x6C, 0x33, 0xD6, 0xFF, 0xFF, 0x02, 0x00, 0xF7, 0xFF, 0xFF, 0xFF, 0xFF, 0xFF, 0x6F, 0x00, 0x00,
    0x60, 0xFF, 0xFF, 0xFF, 0xFF, 0xEF, 0x05, 0x00, 0x00, 0x00, 0x71, 0xEC, 0xFF, 0xBE, 0x06, 0x00,
    0x00, 0xFC, 0xFF, 0xFF, 0xFF, 0xFF, 0xFF, 0xFF, 0x06, 0xFC, 0xFF, 0xFF, 0xFF, 0xFF, 0xFF, 0xFF,
    0x06, 0xFC, 0xFF, 0xFF, 0xFF, 0xFF, 0xFF, 0xFF, 0x06, 0xFC, 0xFF, 0x22, 0x22, 0x22, 0xF7, 0xFF,
    0x06, 0xFC, 0xFF, 0x00, 0x00, 0x00, 0xF6, 0xFF, 0x06, 0xFC, 0xFF, 0x00, 0x00, 0x00, 0xF6, 0xFF,
    0x06, 0xFC, 0xFF, 0x00, 0x00, 0x00, 0xF6, 0xFF, 0x06, 0xFC, 0xFF, 0x00, 0x00, 0x00, 0xF6, 0xFF,
    0x06, 0xFC, 0xFF, 0x00, 0x00, 0x00, 0xF6, 0xFF, 0x06, 0xFC, 0xFF, 0x00, 0x00, 0x00, 0xF6, 0xFF,
    0x06, 0xFC, 0xFF, 0x00, 0x00, 0x00, 0xF6, 0xFF, 0x06, 0xFC, 0xFF, 0x00, 0x00, 0x00, 0xF6, 0xFF,
    0x06, 0xFC, 0xFF, 0x00, 0x00, 0x00, 0xF6, 0xFF, 0x06, 0xFC, 0xFF, 0x00, 0x00, 0x00, 0xF6, 0xFF,
    0x06, 0xFC, 0xFF, 0x00, 0x00, 0x00, 0xF6, 0xFF, 0x06, 0xFC, 0xFF, 0x00, 0x00, 0x00, 0xF6, 0xFF,
    0x06, 0xFC, 0xFF, 0x00, 0x00, 0x00, 0xF6, 0xFF, 0x06, 0xFC, 0xFF, 0x00, 0x00, 0x00, 0xF6, 0xFF,
    0x06, 0xFC, 0xFF, 0xFF, 0xEF, 0x6B, 0x00, 0x00, 0xFC, 0xFF, 0xFF, 0xFF, 0xFF, 0x1D, 0x00, 0xFC,
    0xFF, 0xFF, 0xFF, 0xFF, 0xBF, 0x00, 0xFC, 0xFF, 0x11, 0x72, 0xFF, 0xFF, 0x03, 0xFC, 0xFF, 0x00,
    0x00, 0xF8, 0xFF, 0x07, 0xFC, 0xFF, 0x00, 0x00, 0xF4, 0xFF, 0x09, 0xFC, 0xFF, 0x00, 0x00, 0xF4,
    0xFF, 0x08, 0xFC, 0xFF, 0x00, 0x00, 0xFA, 0xFF, 0x06, 0xFC, 0xFF, 0x12, 0x93, 0xFF, 0xFF, 0x01,
    0xFC, 0xFF, 0xFF, 0xFF, 0xFF, 0x8F, 0x00, 0xFC, 0xFF, 0xFF, 0xFF, 0xFF, 0x0A, 0x00, 0xFC, 0xFF,
    0xFF, 0xDF, 0x3A, 0x00, 0x00, 0xFC, 0xFF, 0x00, 0x00, 0x00, 0x00, 0x00, 0xFC, 0xFF, 0x00, 0x00,
    0x00, 0x00, 0x00, 0xFC, 0xFF, 0x00, 0x00, 0x00, 0x00, 0x00, 0xFC, 0xFF, 0x00, 0x00, 0x00, 0x00,
    0x00, 0xFC, 0xFF, 0x00, 0x00, 0x00, 0x00, 0x00, 0xFC, 0xFF, 0x00, 0x00, 0x00, 0x00, 0x00, 0x00,
    0x00, 0x70, 0xEB, 0xFF, 0xAD, 0x05, 0x00, 0x00, 0x50, 0xFE, 0xFF, 0xFF, 0xFF, 0xDF, 0x00, 0x00,
    0xF5, 0xFF, 0xFF, 0xFF, 0xFF, 0x8F, 0x00, 0x20, 0xFF, 0xFF, 0x5C, 0x32, 0xC6, 0x2F, 0x00, 0xA0,
    0xFF, 0xBF, 0x00, 0x00, 0x00, 0x02, 0x00, 0xF0, 0xFF, 0x1F, 0x00, 0x00, 0x00, 0x00, 0x00, 0xF4,
    0xFF, 0x0A, 0x00, 0x00, 0x00, 0x00, 0x00, 0xF7, 0xFF, 0x07, 0x00, 0x00, 0x00, 0x00, 0x00, 0xF8,
    0xFF, 0x05, 0x00, 0x00, 0x00, 0x00, 0x00, 0xF8, 0xFF, 0x05, 0x00, 0x00, 0x00, 0x00, 0x00, 0xF7,
    0xFF, 0x07, 0x00, 0x00, 0x00, 0x00, 0x00, 0xF5, 0xFF, 0x09, 0x00, 0x00, 0x00, 0x00, 0x00, 0xF1,
    0xFF, 0x0E, 0x00, 0x00, 0x00, 0x00, 0x00, 0xC0, 0xFF, 0x9F, 0x00, 0x00, 0x00, 0x00, 0x00, 0x40,
    0xFF, 0xFF, 0x5B, 0x32, 0x85, 0x6C, 0x00, 0x00, 0xF9, 0xFF, 0xFF, 0xFF, 0xFF, 0x6F, 0x00, 0x00,
    0x80, 0xFF, 0xFF, 0xFF, 0xFF, 0x6F, 0x00, 0x00, 0x00, 0x93, 0xFD, 0xFF, 0xBD, 0x06, 0x00, 0xF8,
    0xFF, 0xFF, 0xFF, 0xFF, 0xFF, 0xFF, 0xF8, 0xFF, 0xFF, 0xFF, 0xFF, 0xFF, 0xFF, 0xF8, 0xFF, 0xFF,
    0xFF, 0xFF, 0xFF, 0xFF, 0x21, 0x22, 0xB2, 0xFF, 0x4F, 0x22, 0x22, 0x00, 0x00, 0xA0, 0xFF, 0x2F,
    0x00, 0x00, 0x00, 0x00, 0xA0, 0xFF, 0x2F, 0x00, 0x00, 0x00, 0x00, 0xA0, 0xFF, 0x2F, 0x00, 0x00,
    0x00, 0x00, 0xA0, 0xFF, 0x2F, 0x00, 0x00, 0x00, 0x00, 0xA0, 0xFF, 0x2F, 0x00, 0x00, 0x00, 0x00,
    0xA0, 0xFF, 0x2F, 0x00, 0x00, 0x00, 0x00, 0xA0, 0xFF, 0x2F, 0x00, 0x00, 0x00, 0x00, 0xA0, 0xFF,
    0x2F, 0x00, 0x00, 0x00, 0x00, 0xA0, 0xFF, 0x2F, 0x00, 0x00, 0x00, 0x00, 0xA0, 0xFF, 0x2F, 0x00,
    0x00, 0x00, 0x00, 0xA0, 0xFF, 0x2F, 0x00, 0x00, 0x00, 0x00, 0xA0, 0xFF, 0x2F, 0x00, 0x00, 0x00,
    0x00, 0xA0, 0xFF, 0x2F, 0x00, 0x00, 0x00, 0x00, 0xA0, 0xFF, 0x2F, 0x00, 0x00, 0xF8, 0xFF, 0x07,
    0x00, 0x00, 0x00, 0xF8, 0xFF, 0x05, 0xF1, 0xFF, 0x0E, 0x00, 0x00, 0x00, 0xFE, 0xEF, 0x00, 0x80,
    0xFF, 0x5F, 0x00, 0x00, 0x50, 0xFF, 0x7F, 0x00, 0x10, 0xFF, 0xCF, 0x00, 0x00, 0xC0, 0xFF, 0x1F,
    0x00, 0x00, 0xF9, 0xFF, 0x03, 0x00, 0xF3, 0xFF, 0x09, 0x00, 0x00, 0xF1, 0xFF, 0x0A, 0x00, 0xF9,
    0xFF, 0x02, 0x00, 0x00, 0x90, 0xFF, 0x1F, 0x10, 0xFF, 0xBF, 0x00, 0x00, 0x00, 0x20, 0xFF, 0x7F,
    0x70, 0xFF, 0x4F, 0x00, 0x00, 0x00, 0x00, 0xFA, 0xEF, 0xD0, 0xFF, 0x0D, 0x00, 0x00, 0x00, 0x00,
    0xF2, 0xFF, 0xF9, 0xFF, 0x06, 0x00, 0x00, 0x00, 0x00, 0xA0, 0xFF, 0xFF, 0xEF, 0x00, 0x00, 0x00,
    0x00, 0x00, 0x30, 0xFF, 0xFF, 0x8F, 0x00, 0x00, 0x00, 0x00, 0x00, 0x00, 0xFB, 0xFF, 0x1F, 0x00,
    0x00, 0x00, 0x00, 0x00, 0x00, 0xFE, 0xFF, 0x09, 0x00, 0x00, 0x00, 0x70, 0x34, 0xC4, 0xFF, 0xFF,
    0x01, 0x00, 0x00, 0x00, 0xE0, 0xFF, 0xFF, 0xFF, 0x6F, 0x00, 0x00, 0x00, 0x00, 0xE0, 0xFF, 0xFF,
    0xFF, 0x08, 0x00, 0x00, 0x00, 0x00, 0xA0, 0xFE, 0xEF, 0x3A, 0x00, 0x00, 0x00, 0x00, 0x00, 0x00,
    0x00, 0x00, 0x00, 0xFF, 0x7F, 0x00, 0x00, 0x00, 0x00, 0x00, 0x00, 0x00, 0x00, 0xFF, 0x7F, 0x00,
    0x00, 0x00, 0x00, 0x00, 0x10, 0xB7, 0xFE, 0xFF, 0xFF, 0xDF, 0x49, 0x00, 0x00, 0x00, 0xF7, 0xFF,
    0xFF, 0xFF, 0xFF, 0xFF, 0xFF, 0x2C, 0x00, 0x80, 0xFF, 0xFF, 0xFF, 0xFF, 0xFF, 0xFF, 0xFF, 0xEF,
    0x01, 0xF3, 0xFF, 0x7F, 0x02, 0xFF, 0x7F, 0x40, 0xFC, 0xFF, 0x0A, 0xF9, 0xFF, 0x04, 0x00, 0xFF,
    0x7F, 0x00, 0xB0, 0xFF, 0x1F, 0xFC, 0xCF, 0x00, 0x00, 0xFF, 0x7F, 0x00, 0x40, 0xFF, 0x4F, 0xFD,
    0xBF, 0x00, 0x00, 0xFF, 0x7F, 0x00, 0x30, 0xFF, 0x5F, 0xFC, 0xDF, 0x00, 0x00, 0xFF, 0x7F, 0x00,
    0x50, 0xFF, 0x4F, 0xF8, 0xFF, 0x04, 0x00, 0xFF, 0x7F, 0x00, 0xC0, 0xFF, 0x1F, 0xF2, 0xFF, 0x8F,
    0x02, 0xFF, 0x7F, 0x40, 0xFC, 0xFF, 0x09, 0x70, 0xFF, 0xFF, 0xFF, 0xFF, 0xFF, 0xFF, 0xFF, 0xDF,
    0x01, 0x00, 0xF6, 0xFF, 0xFF, 0xFF, 0xFF, 0xFF, 0xFF, 0x1B, 0x00, 0x00, 0x10, 0xB7, 0xFE, 0xFF,
    0xFF, 0xCF, 0x39, 0x00, 0x00, 0x00, 0x00, 0x00, 0x00, 0xFF, 0x7F, 0x00, 0x00, 0x00, 0x00, 0x00,
    0x00, 0x00, 0x00, 0xFF, 0x7F, 0x00, 0x00, 0x00, 0x00, 0x00, 0x00, 0x00, 0x00, 0xFF, 0x7F, 0x00,
    0x00, 0x00, 0x00, 0xF4, 0xFF, 0x0D, 0x00, 0x00, 0x20, 0xFF, 0xEF, 0x00, 0xA0, 0xFF, 0x7F, 0x00,
    0x00, 0xB0, 0xFF, 0x5F, 0x00, 0x10, 0xFF, 0xFF, 0x01, 0x00, 0xF4, 0xFF, 0x0A, 0x00, 0x00, 0xF6,
    0xFF, 0x0A, 0x00, 0xFD, 0xFF, 0x01, 0x00, 0x00, 0xC0, 0xFF, 0x3F, 0x70, 0xFF, 0x6F, 0x00, 0x00,
    0x00, 0x20, 0xFF, 0xDF, 0xF1, 0xFF, 0x0C, 0x00, 0x00, 0x00, 0x00, 0xF7, 0xFF, 0xFD, 0xFF, 0x02,
    0x00, 0x00, 0x00, 0x00, 0xD0, 0xFF, 0xFF, 0x8F, 0x00, 0x00, 0x00, 0x00, 0x00, 0x40, 0xFF, 0xFF,
    0x0D, 0x00, 0x00, 0x00, 0x00, 0x00, 0x90, 0xFF, 0xFF, 0x1E, 0x00, 0x00, 0x00, 0x00, 0x00, 0xF3,
    0xFF, 0xFF, 0xBF, 0x00, 0x00, 0x00, 0x00, 0x00, 0xFD, 0xEF, 0xFA, 0xFF, 0x05, 0x00, 0x00, 0x00,
    0x70, 0xFF, 0x6F, 0xE1, 0xFF, 0x1E, 0x00, 0x00, 0x00, 0xF2, 0xFF, 0x0C, 0x60, 0xFF, 0xAF, 0x00,
    0x00, 0x00, 0xFC, 0xFF, 0x03, 0x00, 0xFC, 0xFF, 0x05, 0x00, 0x60, 0xFF, 0x9F, 0x00, 0x00, 0xF2,
    0xFF, 0x1E, 0x00, 0xF1, 0xFF, 0x0E, 0x00, 0x00, 0x90, 0xFF, 0xAF, 0x00, 0xFA, 0xFF, 0x05, 0x00,
    0x00, 0x00, 0xFE, 0xFF, 0x05, 0xFC, 0xFF, 0x00, 0x00, 0x00, 0xF6, 0xFF, 0x06, 0x00, 0xFC, 0xFF,
    0x00, 0x00, 0x00, 0xF6, 0xFF, 0x06, 0x00, 0xFC, 0xFF, 0x00, 0x00, 0x00, 0xF6, 0xFF, 0x06, 0x00,
    0xFC, 0xFF, 0x00, 0x00, 0x00, 0xF6, 0xFF, 0x06, 0x00, 0xFC, 0xFF, 0x00, 0x00, 0x00, 0xF6, 0xFF,
    0x06, 0x00, 0xFC, 0xFF, 0x00, 0x00, 0x00, 0xF6, 0xFF, 0x06, 0x00, 0xFC, 0xFF, 0x00, 0x00, 0x00,
    0xF6, 0xFF, 0x06, 0x00, 0xFC, 0xFF, 0x00, 0x00, 0x00, 0xF6, 0xFF, 0x06, 0x00, 0xFC, 0xFF, 0x00,
    0x00, 0x00, 0xF6, 0xFF, 0x06, 0x00, 0xFC, 0xFF, 0x00, 0x00, 0x00, 0xF6, 0xFF, 0x06, 0x00, 0xFC,
    0xFF, 0x00, 0x00, 0x00, 0xF6, 0xFF, 0x06, 0x00, 0xFC, 0xFF, 0x00, 0x00, 0x00, 0xF6, 0xFF, 0x06,
    0x00, 0xFC, 0xFF, 0x00, 0x00, 0x00, 0xF6, 0xFF, 0x06, 0x00, 0xFC, 0xFF, 0x00, 0x00, 0x00, 0xF6,
    0xFF, 0x06, 0x00, 0xFC, 0xFF, 0x22, 0x22, 0x22, 0xF8, 0xFF, 0x06, 0x00, 0xFC, 0xFF, 0xFF, 0xFF,
    0xFF, 0xFF, 0xFF, 0xFF, 0x0F, 0xFC, 0xFF, 0xFF, 0xFF, 0xFF, 0xFF, 0xFF, 0xFF, 0x0F, 0xFC, 0xFF,
    0xFF, 0xFF, 0xFF, 0xFF, 0xFF, 0xFF, 0x0F, 0x00, 0x00, 0x00, 0x00, 0x00, 0x00, 0xA0, 0xFF, 0x0F,
    0x00, 0x00, 0x00, 0x00, 0x00, 0x00, 0xA0, 0xFF, 0x0F, 0x00, 0x00, 0x00, 0x00, 0x00, 0x00, 0xA0,
    0xFF, 0x0F, 0x00, 0x00, 0x00, 0x00, 0x00, 0x00, 0xA0, 0xFF, 0x0F, 0x00, 0x00, 0x00, 0x00, 0x00,
    0x00, 0xA0, 0xFF, 0x0F, 0xFA, 0xFF, 0x01, 0x00, 0x00, 0xD0, 0xFF, 0x0F, 0xFA, 0xFF, 0x01, 0x00,
    0x00, 0xD0, 0xFF, 0x0F, 0xFA, 0xFF, 0x01, 0x00, 0x00, 0xD0, 0xFF, 0x0F, 0xFA, 0xFF, 0x01, 0x00,
    0x00, 0xD0, 0xFF, 0x0F, 0xFA, 0xFF, 0x01, 0x00, 0x00, 0xD0, 0xFF, 0x0F, 0xFA, 0xFF, 0x01, 0x00,
    0x00, 0xD0, 0xFF, 0x0F, 0xFA, 0xFF, 0x02, 0x00, 0x00, 0xD0, 0xFF, 0x0F, 0xFA, 0xFF, 0x05, 0x00,
    0x00, 0xD0, 0xFF, 0x0F, 0xF8, 0xFF, 0x5E, 0x32, 0x85, 0xFD, 0xFF, 0x0F, 0xF3, 0xFF, 0xFF, 0xFF,
    0xFF, 0xFF, 0xFF, 0x0F, 0x80, 0xFF, 0xFF, 0xFF, 0xFF, 0xFF, 0xFF, 0x0F, 0x00, 0xB4, 0xFE, 0xDF,
    0x6A, 0xD1, 0xFF, 0x0F, 0x00, 0x00, 0x00, 0x00, 0x00, 0xD0, 0xFF, 0x0F, 0x00, 0x00, 0x00, 0x00,
    0x00, 0xD0, 0xFF, 0x0F, 0x00, 0x00, 0x00, 0x00, 0x00, 0xD0, 0xFF, 0x0F, 0x00, 0x00, 0x00, 0x00,
    0x00, 0xD0, 0xFF, 0x0F, 0x00, 0x00, 0x00, 0x00, 0x00, 0xD0, 0xFF, 0x0F, 0x00, 0x00, 0x00, 0x00,
    0x00, 0xD0, 0xFF, 0x0F, 0xFC, 0xFF, 0x00, 0x00, 0x60, 0xFF, 0x6F, 0x00, 0x00, 0xF1, 0xFF, 0x0B,
    0xFC, 0xFF, 0x00, 0x00, 0x60, 0xFF, 0x6F, 0x00, 0x00, 0xF1, 0xFF, 0x0B, 0xFC, 0xFF, 0x00, 0x00,
    0x60, 0xFF, 0x6F, 0x00, 0x00, 0xF1, 0xFF, 0x0B, 0xFC, 0xFF, 0x00, 0x00, 0x60, 0xFF, 0x6F, 0x00,
    0x00, 0xF1, 0xFF, 0x0B, 0xFC, 0xFF, 0x00, 0x00, 0x60, 0xFF, 0x6F, 0x00, 0x00, 0xF1, 0xFF, 0x0B,
    0xFC, 0xFF, 0x00, 0x00, 0x60, 0xFF, 0x6F, 0x00, 0x00, 0xF1, 0xFF, 0x0B, 0xFC, 0xFF, 0x00, 0x00,
    0x60, 0xFF, 0x6F, 0x00, 0x00, 0xF1, 0xFF, 0x0B, 0xFC, 0xFF, 0x00, 0x00, 0x60, 0xFF, 0x6F, 0x00,
    0x00, 0xF1, 0xFF, 0x0B, 0xFC, 0xFF, 0x00, 0x00, 0x60, 0xFF, 0x6F, 0x00, 0x00, 0xF1, 0xFF, 0x0B,
    0xFC, 0xFF, 0x00, 0x00, 0x60, 0xFF, 0x6F, 0x00, 0x00, 0xF1, 0xFF, 0x0B, 0xFC, 0xFF, 0x00, 0x00,
    0x60, 0xFF, 0x6F, 0x00, 0x00, 0xF1, 0xFF, 0x0B, 0xFC, 0xFF, 0x00, 0x00, 0x60, 0xFF, 0x6F, 0x00,
    0x00, 0xF1, 0xFF, 0x0B, 0xFC, 0xFF, 0x00, 0x00, 0x60, 0xFF, 0x6F, 0x00, 0x00, 0xF1, 0xFF, 0x0B,
    0xFC, 0xFF, 0x00, 0x00, 0x60, 0xFF, 0x6F, 0x00, 0x00, 0xF1, 0xFF, 0x0B, 0xFC, 0xFF, 0x22, 0x22,
    0x82, 0xFF, 0x7F, 0x22, 0x22, 0xF3, 0xFF, 0x0B, 0xFC, 0xFF, 0xFF, 0xFF, 0xFF, 0xFF, 0xFF, 0xFF,
    0xFF, 0xFF, 0xFF, 0x0B, 0xFC, 0xFF, 0xFF, 0xFF, 0xFF, 0xFF, 0xFF, 0xFF, 0xFF, 0xFF, 0xFF, 0x0B,
    0xFC, 0xFF, 0xFF, 0xFF, 0xFF, 0xFF, 0xFF, 0xFF, 0xFF, 0xFF, 0xFF, 0x0B, 0xFC, 0xFF, 0x00, 0x00,
    0x60, 0xFF, 0x6F, 0x00, 0x00, 0xF1, 0xFF, 0x0B, 0x00, 0xFC, 0xFF, 0x00, 0x00, 0x60, 0xFF, 0x6F,
    0x00, 0x00, 0xF1, 0xFF, 0x0B, 0x00, 0xFC, 0xFF, 0x00, 0x00, 0x60, 0xFF, 0x6F, 0x00, 0x00, 0xF1,
    0xFF, 0x0B, 0x00, 0xFC, 0xFF, 0x00, 0x00, 0x60, 0xFF, 0x6F, 0x00, 0x00, 0xF1, 0xFF, 0x0B, 0x00,
    0xFC, 0xFF, 0x00, 0x00, 0x60, 0xFF, 0x6F, 0x00, 0x00, 0xF1, 0xFF, 0x0B, 0x00, 0xFC, 0xFF, 0x00,
    0x00, 0x60, 0xFF, 0x6F, 0x00, 0x00, 0xF1, 0xFF, 0x0B, 0x00, 0xFC, 0xFF, 0x00, 0x00, 0x60, 0xFF,
    0x6F, 0x00, 0x00, 0xF1, 0xFF, 0x0B, 0x00, 0xFC, 0xFF, 0x00, 0x00, 0x60, 0xFF, 0x6F, 0x00, 0x00,
    0xF1, 0xFF, 0x0B, 0x00, 0xFC, 0xFF, 0x00, 0x00, 0x60, 0xFF, 0x6F, 0x00, 0x00, 0xF1, 0xFF, 0x0B,
    0x00, 0xFC, 0xFF, 0x00, 0x00, 0x60, 0xFF, 0x6F, 0x00, 0x00, 0xF1, 0xFF, 0x0B, 0x00, 0xFC, 0xFF,
    0x00, 0x00, 0x60, 0xFF, 0x6F, 0x00, 0x00, 0xF1, 0xFF, 0x0B, 0x00, 0xFC, 0xFF, 0x00, 0x00, 0x60,
    0xFF, 0x6F, 0x00, 0x00, 0xF1, 0xFF, 0x0B, 0x00, 0xFC, 0xFF, 0x00, 0x00, 0x60, 0xFF, 0x6F, 0x00,
    0x00, 0xF1, 0xFF, 0x0B, 0x00, 0xFC, 0xFF, 0x00, 0x00, 0x60, 0xFF, 0x6F, 0x00, 0x00, 0xF1, 0xFF,
    0x0B, 0x00, 0xFC, 0xFF, 0x22, 0x22, 0x82, 0xFF, 0x7F, 0x22, 0x22, 0xF3, 0xFF, 0x0B, 0x00, 0xFC,
    0xFF, 0xFF, 0xFF, 0xFF, 0xFF, 0xFF, 0xFF, 0xFF, 0xFF, 0xFF, 0xFF, 0x5F, 0xFC, 0xFF, 0xFF, 0xFF,
    0xFF, 0xFF, 0xFF, 0xFF, 0xFF, 0xFF, 0xFF, 0xFF, 0x5F, 0xFC, 0xFF, 0xFF, 0xFF, 0xFF, 0xFF, 0xFF,
    0xFF, 0xFF, 0xFF, 0xFF, 0xFF, 0x5F, 0x00, 0x00, 0x00, 0x00, 0x00, 0x00, 0x00, 0x00, 0x00, 0x00,
    0x40, 0xFF, 0x5F, 0x00, 0x00, 0x00, 0x00, 0x00, 0x00, 0x00, 0x00, 0x00, 0x00, 0x40, 0xFF, 0x5F,
    0x00, 0x00, 0x00, 0x00, 0x00, 0x00, 0x00, 0x00, 0x00, 0x00, 0x40, 0xFF, 0x5F, 0x00, 0x00, 0x00,
    0x00, 0x00, 0x00, 0x00, 0x00, 0x00, 0x00, 0x40, 0xFF, 0x5F, 0x00, 0x00, 0x00, 0x00, 0x00, 0x00,
    0x00, 0x00, 0x00, 0x00, 0x40, 0xFF, 0x5F, 0xFF, 0xFF, 0xFF, 0xFF, 0x04, 0x00, 0x00, 0x00, 0x00,
    0xFF, 0xFF, 0xFF, 0xFF, 0x04, 0x00, 0x00, 0x00, 0x00, 0xFF, 0xFF, 0xFF, 0xFF, 0x04, 0x00, 0x00,
    0x00, 0x00, 0x22, 0x22, 0xF9, 0xFF, 0x04, 0x00, 0x00, 0x00, 0x00, 0x00, 0x00, 0xF8, 0xFF, 0x04,
    0x00, 0x00, 0x00, 0x00, 0x00, 0x00, 0xF8, 0xFF, 0x04, 0x00, 0x00, 0x00, 0x00, 0x00, 0x00, 0xF8,
    0xFF, 0x04, 0x00, 0x00, 0x00, 0x00, 0x00, 0x00, 0xF8, 0xFF, 0xFF, 0xEF, 0x6B, 0x00, 0x00, 0x00,
    0x00, 0xF8, 0xFF, 0xFF, 0xFF, 0xFF, 0x4E, 0x00, 0x00, 0x00, 0xF8, 0xFF, 0xFF, 0xFF, 0xFF, 0xFF,
    0x03, 0x00, 0x00, 0xF8, 0xFF, 0x15, 0x52, 0xFC, 0xFF, 0x0B, 0x00, 0x00, 0xF8, 0xFF, 0x04, 0x00,
    0xE0, 0xFF, 0x0F, 0x00, 0x00, 0xF8, 0xFF, 0x04, 0x00, 0xC0, 0xFF, 0x0F, 0x00, 0x00, 0xF8, 0xFF,
    0x04, 0x00, 0xF1, 0xFF, 0x0F, 0x00, 0x00, 0xF8, 0xFF, 0x15, 0x52, 0xFD, 0xFF, 0x0B, 0x00, 0x00,
    0xF8, 0xFF, 0xFF, 0xFF, 0xFF, 0xFF, 0x03, 0x00, 0x00, 0xF8, 0xFF, 0xFF, 0xFF, 0xFF, 0x5F, 0x00,
    0x00, 0x00, 0xF8, 0xFF, 0xFF, 0xEF, 0x7B, 0x01, 0x00, 0xFC, 0xFF, 0x00, 0x00, 0x00, 0x00, 0x00,
    0xF6, 0xFF, 0x06, 0xFC, 0xFF, 0x00, 0x00, 0x00, 0x00, 0x00, 0xF6, 0xFF, 0x06, 0xFC, 0xFF, 0x00,
    0x00, 0x00, 0x00, 0x00, 0xF6, 0xFF, 0x06, 0xFC, 0xFF, 0x00, 0x00, 0x00, 0x00, 0x00, 0xF6, 0xFF,
    0x06, 0xFC, 0xFF, 0x00, 0x00, 0x00, 0x00, 0x00, 0xF6, 0xFF, 0x06, 0xFC, 0xFF, 0x00, 0x00, 0x00,
    0x00, 0x00, 0xF6, 0xFF, 0x06, 0xFC, 0xFF, 0x00, 0x00, 0x00, 0x00, 0x00, 0xF6, 0xFF, 0x06, 0xFC,
    0xFF, 0xFF, 0xDF, 0x39, 0x00, 0x00, 0xF6, 0xFF, 0x06, 0xFC, 0xFF, 0xFF, 0xFF, 0xFF, 0x09, 0x00,
    0xF6, 0xFF, 0x06, 0xFC, 0xFF, 0xFF, 0xFF, 0xFF, 0x9F, 0x00, 0xF6, 0xFF, 0x06, 0xFC, 0xFF, 0x22,
    0x83, 0xFF, 0xFF, 0x01, 0xF6, 0xFF, 0x06, 0xFC, 0xFF, 0x00, 0x00, 0xF8, 0xFF, 0x05, 0xF6, 0xFF,
    0x06, 0xFC, 0xFF, 0x00, 0x00, 0xF6, 0xFF, 0x07, 0xF6, 0xFF, 0x06, 0xFC, 0xFF, 0x00, 0x00, 0xF9,
    0xFF, 0x05, 0xF6, 0xFF, 0x06, 0xFC, 0xFF, 0x11, 0x93, 0xFF, 0xFF, 0x01, 0xF6, 0xFF, 0x06, 0xFC,
    0xFF, 0xFF, 0xFF, 0xFF, 0x9F, 0x00, 0xF6, 0xFF, 0x06, 0xFC, 0xFF, 0xFF, 0xFF, 0xFF, 0x0A, 0x00,
    0xF6, 0xFF, 0x06, 0xFC, 0xFF, 0xFF, 0xDF, 0x49, 0x00, 0x00, 0xF6, 0xFF, 0x06, 0xFC, 0xFF, 0x00,
    0x00, 0x00, 0x00, 0x00, 0xFC, 0xFF, 0x00, 0x00, 0x00, 0x00, 0x00, 0xFC, 0xFF, 0x00, 0x00, 0x00,
    0x00, 0x00, 0xFC, 0xFF, 0x00, 0x00, 0x00, 0x00, 0x00, 0xFC, 0xFF, 0x00, 0x00, 0x00, 0x00, 0x00,
    0xFC, 0xFF, 0x00, 0x00, 0x00, 0x00, 0x00, 0xFC, 0xFF, 0x00, 0x00, 0x00, 0x00, 0x00, 0xFC, 0xFF,
    0xFF, 0xDF, 0x5A, 0x00, 0x00, 0xFC, 0xFF, 0xFF, 0xFF, 0xFF, 0x2D, 0x00, 0xFC, 0xFF, 0xFF, 0xFF,
    0xFF, 0xEF, 0x00, 0xFC, 0xFF, 0x22, 0x63, 0xFE, 0xFF, 0x07, 0xFC, 0xFF, 0x00, 0x00, 0xF2, 0xFF,
    0x0B, 0xFC, 0xFF, 0x00, 0x00, 0xF0, 0xFF, 0x0C, 0xFC, 0xFF, 0x00, 0x00, 0xF4, 0xFF, 0x0B, 0xFC,
    0xFF, 0x11, 0x72, 0xFE, 0xFF, 0x07, 0xFC, 0xFF, 0xFF, 0xFF, 0xFF, 0xEF, 0x01, 0xFC, 0xFF, 0xFF,
    0xFF, 0xFF, 0x2D, 0x00, 0xFC, 0xFF, 0xFF, 0xDF, 0x6B, 0x00, 0x00, 0x00, 0x95, 0xFD, 0xFF, 0xAD,
    0x05, 0x00, 0x00, 0xE0, 0xFF, 0xFF, 0xFF, 0xFF, 0xCF, 0x02, 0x00, 0xA0, 0xFF, 0xFF, 0xFF, 0xFF,
    0xFF, 0x2E, 0x00, 0x30, 0xCF, 0x47, 0x32, 0xD6, 0xFF, 0xCF, 0x00, 0x00, 0x02, 0x00, 0x00, 0x00,
    0xFC, 0xFF, 0x04, 0x00, 0x00, 0x00, 0x00, 0x00, 0xF2, 0xFF, 0x0A, 0x00, 0x00, 0x11, 0x11, 0x11,
    0xF1, 0xFF, 0x0E, 0x00, 0x90, 0xFF, 0xFF, 0xFF, 0xFF, 0xFF, 0x0F, 0x00, 0x90, 0xFF, 0xFF, 0xFF,
    0xFF, 0xFF, 0x1F, 0x00, 0x90, 0xFF, 0xFF, 0xFF, 0xFF, 0xFF, 0x1F, 0x00, 0x00, 0x00, 0x00, 0x00,
    0xE0, 0xFF, 0x0F, 0x00, 0x00, 0x00, 0x00, 0x00, 0xF1, 0xFF, 0x0E, 0x00, 0x00, 0x00, 0x00, 0x00,
    0xF6, 0xFF, 0x0A, 0x00, 0x00, 0x00, 0x00, 0x20, 0xFF, 0xFF, 0x04, 0xC0, 0x7B, 0x34, 0x42, 0xF8,
    0xFF, 0xCF, 0x00, 0xC0, 0xFF, 0xFF, 0xFF, 0xFF, 0xFF, 0x2E, 0x00, 0xC0, 0xFF, 0xFF, 0xFF, 0xFF,
    0xCF, 0x02, 0x00, 0x20, 0xB8, 0xFE, 0xFF, 0xAD, 0x04, 0x00, 0x00, 0xFC, 0xFF, 0x00, 0x00, 0x00,
    0x30, 0xD9, 0xFF, 0xCF, 0x18, 0x00, 0x00, 0xFC, 0xFF, 0x00, 0x00, 0x00, 0xFA, 0xFF, 0xFF, 0xFF,
    0xFF, 0x06, 0x00, 0xFC, 0xFF, 0x00, 0x00, 0xB0, 0xFF, 0xFF, 0xFF, 0xFF, 0xFF, 0x6F, 0x00, 0xFC,
    0xFF, 0x00, 0x00, 0xF6, 0xFF, 0x9F, 0x23, 0xB4, 0xFF, 0xFF, 0x01, 0xFC, 0xFF, 0x00, 0x00, 0xFE,
    0xFF, 0x07, 0x00, 0x00, 0xFB, 0xFF, 0x08, 0xFC, 0xFF, 0x00, 0x30, 0xFF, 0xEF, 0x00, 0x00, 0x00,
    0xF2, 0xFF, 0x0D, 0xFC, 0xFF, 0x22, 0x82, 0xFF, 0x9F, 0x00, 0x00, 0x00, 0xD0, 0xFF, 0x1F, 0xFC,
    0xFF, 0xFF, 0xFF, 0xFF, 0x6F, 0x00, 0x00, 0x00, 0xA0, 0xFF, 0x3F, 0xFC, 0xFF, 0xFF, 0xFF, 0xFF,
    0x5F, 0x00, 0x00, 0x00, 0x90, 0xFF, 0x4F, 0xFC, 0xFF, 0xFF, 0xFF, 0xFF, 0x5F, 0x00, 0x00, 0x00,
    0x90, 0xFF, 0x4F, 0xFC, 0xFF, 0x00, 0x70, 0xFF, 0x6F, 0x00, 0x00, 0x00, 0xB0, 0xFF, 0x3F, 0xFC,
    0xFF, 0x00, 0x50, 0xFF, 0x9F, 0x00, 0x00, 0x00, 0xD0, 0xFF, 0x1F, 0xFC, 0xFF, 0x00, 0x10, 0xFF,
    0xEF, 0x00, 0x00, 0x00, 0xF2, 0xFF, 0x0D, 0xFC, 0xFF, 0x00, 0x00, 0xFC, 0xFF, 0x08, 0x00, 0x00,
    0xFB, 0xFF, 0x08, 0xFC, 0xFF, 0x00, 0x00, 0xF4, 0xFF, 0xAF, 0x34, 0xC5, 0xFF, 0xFF, 0x01, 0xFC,
    0xFF, 0x00, 0x00, 0x90, 0xFF, 0xFF, 0xFF, 0xFF, 0xFF, 0x5F, 0x00, 0xFC, 0xFF, 0x00, 0x00, 0x00,
    0xF8, 0xFF, 0xFF, 0xFF, 0xFF, 0x05, 0x00, 0xFC, 0xFF, 0x00, 0x00, 0x00, 0x20, 0xD9, 0xFF, 0xCE,
    0x17, 0x00, 0x00, 0x00, 0x00, 0x30, 0xD9, 0xFF, 0xFF, 0xFF, 0x6F, 0x00, 0x00, 0xF9, 0xFF, 0xFF,
    0xFF, 0xFF, 0x6F, 0x00, 0x70, 0xFF, 0xFF, 0xFF, 0xFF, 0xFF, 0x6F, 0x00, 0xE0, 0xFF, 0xAF, 0x13,
    0x71, 0xFF, 0x6F, 0x00, 0xF2, 0xFF, 0x0D, 0x00, 0x60, 0xFF, 0x6F, 0x00, 0xF2, 0xFF, 0x0A, 0x00,
    0x60, 0xFF, 0x6F, 0x00, 0xF0, 0xFF, 0x0E, 0x00, 0x60, 0xFF, 0x6F, 0x00, 0xB0, 0xFF, 0xBF, 0x14,
    0x71, 0xFF, 0x6F, 0x00, 0x20, 0xFE, 0xFF, 0xFF, 0xFF, 0xFF, 0x6F, 0x00, 0x00, 0xC2, 0xFF, 0xFF,
    0xFF, 0xFF, 0x6F, 0x00, 0x00, 0x50, 0xFF, 0xFF, 0xFF, 0xFF, 0x6F, 0x00, 0x00, 0xE1, 0xFF, 0x0E,
    0x60, 0xFF, 0x6F, 0x00, 0x00, 0xFA, 0xFF, 0x05, 0x60, 0xFF, 0x6F, 0x00, 0x40, 0xFF, 0xCF, 0x00,
    0x60, 0xFF, 0x6F, 0x00, 0xD0, 0xFF, 0x2F, 0x00, 0x60, 0xFF, 0x6F, 0x00, 0xF8, 0xFF, 0x09, 0x00,
    0x60, 0xFF, 0x6F, 0x30, 0xFF, 0xEF, 0x00, 0x00, 0x60, 0xFF, 0x6F, 0xC0, 0xFF, 0x6F, 0x00, 0x00,
    0x60, 0xFF, 0x6F, 0x00, 0x94, 0xFD, 0xFF, 0x8C, 0x01, 0x00, 0x70, 0xFF, 0xFF, 0xFF, 0xFF, 0x2E,
    0x00, 0x10, 0xFF, 0xDF, 0xEC, 0xFF, 0xBF, 0x00, 0x00, 0x56, 0x00, 0x00, 0xFC, 0xFF, 0x01, 0x00,
    0x00, 0x00, 0x00, 0xF7, 0xFF, 0x03, 0x00, 0x93, 0xEC, 0xFE, 0xFF, 0xFF, 0x03, 0xA0, 0xFF, 0xFF,
    0xFF, 0xFF, 0xFF, 0x03, 0xF7, 0xFF, 0x7E, 0x34, 0xF9, 0xFF, 0x03, 0xFD, 0xFF, 0x02, 0x00, 0xF8,
    0xFF, 0x03, 0xFF, 0xEF, 0x00, 0x00, 0xFA, 0xFF, 0x03, 0xFE, 0xFF, 0x02, 0x50, 0xFF, 0xFF, 0x03,
    0xFA, 0xFF, 0xCF, 0xFD, 0xFF, 0xFF, 0x03, 0xF2, 0xFF, 0xFF, 0xFF, 0xE4, 0xFF, 0x03, 0x20, 0xEA,
    0xEF, 0x2A, 0x80, 0xFF, 0x03, 0x00, 0x00, 0x00, 0x41, 0x96, 0xCB, 0x1F, 0x00, 0x00, 0xC5, 0xFF,
    0xFF, 0xFF, 0x3F, 0x00, 0xC1, 0xFF, 0xFF, 0xFF, 0xFF, 0x5F, 0x00, 0xFD, 0xFF, 0xFF, 0xBD, 0x79,
    0x15, 0x80, 0xFF, 0xCF, 0x04, 0x00, 0x00, 0x00, 0xF1, 0xFF, 0x0C, 0x00, 0x00, 0x00, 0x00, 0xF5,
    0xFF, 0x05, 0x00, 0x00, 0x00, 0x00, 0xF9, 0xFF, 0x41, 0xFB, 0xDF, 0x18, 0x00, 0xFB, 0xFF, 0xF6,
    0xFF, 0xFF, 0xEF, 0x02, 0xFD, 0xFF, 0xFF, 0xCD, 0xFF, 0xFF, 0x0C, 0xFD, 0xFF, 0x4E, 0x00, 0xE2,
    0xFF, 0x2F, 0xFD, 0xFF, 0x03, 0x00, 0x80, 0xFF, 0x5F, 0xFC, 0xFF, 0x00, 0x00, 0x60, 0xFF, 0x6F,
    0xF9, 0xFF, 0x01, 0x00, 0x60, 0xFF, 0x5F, 0xF5, 0xFF, 0x07, 0x00, 0xA0, 0xFF, 0x3F, 0xE0, 0xFF,
    0x6F, 0x10, 0xF7, 0xFF, 0x0D, 0x50, 0xFF, 0xFF, 0xFF, 0xFF, 0xFF, 0x04, 0x00, 0xF7, 0xFF, 0xFF,
    0xFF, 0x6F, 0x00, 0x00, 0x30, 0xEA, 0xFF, 0x9D, 0x02, 0x00, 0xF0, 0xFF, 0xFF, 0xFF, 0xDF, 0x29,
    0x00, 0xF0, 0xFF, 0xFF, 0xFF, 0xFF, 0xFF, 0x04, 0xF0, 0xFF, 0xAE, 0xAA, 0xFD, 0xFF, 0x0D, 0xF0,
    0xFF, 0x0A, 0x00, 0xD0, 0xFF, 0x0F, 0xF0, 0xFF, 0x0A, 0x00, 0xD0, 0xFF, 0x0E, 0xF0, 0xFF, 0x8D,
    0x98, 0xFD, 0xFF, 0x06, 0xF0, 0xFF, 0xFF, 0xFF, 0xFF, 0x4D, 0x00, 0xF0, 0xFF, 0xFF, 0xFF, 0xFF,
    0xFF, 0x06, 0xF0, 0xFF, 0x0A, 0x00, 0xC3, 0xFF, 0x2F, 0xF0, 0xFF, 0x0A, 0x00, 0x60, 0xFF, 0x7F,
    0xF0, 0xFF, 0x0A, 0x00, 0xA0, 0xFF, 0x6F, 0xF0, 0xFF, 0x9D, 0x99, 0xFC, 0xFF, 0x1F, 0xF0, 0xFF,
    0xFF, 0xFF, 0xFF, 0xFF, 0x06, 0xF0, 0xFF, 0xFF, 0xFF, 0xDF, 0x29, 0x00, 0xF0, 0xFF, 0xFF, 0xFF,
    0xFF, 0x06, 0xF0, 0xFF, 0xFF, 0xFF, 0xFF, 0x06, 0xF0, 0xFF, 0xCE, 0xCC, 0xCC, 0x04, 0xF0, 0xFF,
    0x0A, 0x00, 0x00, 0x00, 0xF0, 0xFF, 0x0A, 0x00, 0x00, 0x00, 0xF0, 0xFF, 0x0A, 0x00, 0x00, 0x00,
    0xF0, 0xFF, 0x0A, 0x00, 0x00, 0x00, 0xF0, 0xFF, 0x0A, 0x00, 0x00, 0x00, 0xF0, 0xFF, 0x0A, 0x00,
    0x00, 0x00, 0xF0, 0xFF, 0x0A, 0x00, 0x00, 0x00, 0xF0, 0xFF, 0x0A, 0x00, 0x00, 0x00, 0xF0, 0xFF,
    0x0A, 0x00, 0x00, 0x00, 0xF0, 0xFF, 0x0A, 0x00, 0x00, 0x00, 0xF0, 0xFF, 0x0A, 0x00, 0x00, 0x00,
    0x00, 0x00, 0xF7, 0xFF, 0xFF, 0xFF, 0xFF, 0x03, 0x00, 0x00, 0x00, 0xF9, 0xFF, 0xFF, 0xFF, 0xFF,
    0x03, 0x00, 0x00, 0x00, 0xFB, 0xEF, 0xCC, 0xFE, 0xFF, 0x03, 0x00, 0x00, 0x00, 0xFE, 0x9F, 0x00,
    0xF8, 0xFF, 0x03, 0x00, 0x00, 0x10, 0xFF, 0x7F, 0x00, 0xF8, 0xFF, 0x03, 0x00, 0x00, 0x40, 0xFF,
    0x4F, 0x00, 0xF8, 0xFF, 0x03, 0x00, 0x00, 0x80, 0xFF, 0x0F, 0x00, 0xF8, 0xFF, 0x03, 0x00, 0x00,
    0xD0, 0xFF, 0x0C, 0x00, 0xF8, 0xFF, 0x03, 0x00, 0x00, 0xF2, 0xFF, 0x08, 0x00, 0xF8, 0xFF, 0x03,
    0x00, 0x00, 0xF8, 0xFF, 0x02, 0x00, 0xF8, 0xFF, 0x03, 0x00, 0x10, 0xFF, 0xCF, 0x00, 0x00, 0xF8,
    0xFF, 0x03, 0x00, 0xD7, 0xFF, 0xDF, 0xBB, 0xBB, 0xFD, 0xFF, 0xBC, 0x02, 0xFA, 0xFF, 0xFF, 0xFF,
    0xFF, 0xFF, 0xFF, 0xFF, 0x03, 0xFA, 0xFF, 0xFF, 0xFF, 0xFF, 0xFF, 0xFF, 0xFF, 0x03, 0xFA, 0xBF,
    0x00, 0x00, 0x00, 0x00, 0xF2, 0xFF, 0x03, 0xFA, 0xBF, 0x00, 0x00, 0x00, 0x00, 0xF2, 0xFF, 0x03,
    0xFA, 0xBF, 0x00, 0x00, 0x00, 0x00, 0xF2, 0xFF, 0x03, 0xFA, 0xBF, 0x00, 0x00, 0x00, 0x00, 0xF2,
    0xFF, 0x03, 0xFA, 0xBF, 0x00, 0x00, 0x00, 0x00, 0xF2, 0xFF, 0x03, 0x00, 0x50, 0xEB, 0xFF, 0x6C,
    0x00, 0x00, 0x00, 0xFB, 0xFF, 0xFF, 0xFF, 0x1C, 0x00, 0xA0, 0xFF, 0xEF, 0xCA, 0xFF, 0xBF, 0x00,
    0xF3, 0xFF, 0x0B, 0x00, 0xF7, 0xFF, 0x03, 0xF8, 0xFF, 0x02, 0x00, 0xE0, 0xFF, 0x08, 0xFC, 0xFF,
    0x77, 0x77, 0xE7, 0xFF, 0x0A, 0xFD, 0xFF, 0xFF, 0xFF, 0xFF, 0xFF, 0x0B, 0xFD, 0xFF, 0xFF, 0xFF,
    0xFF, 0xFF, 0x0B, 0xFC, 0xFF, 0x00, 0x00, 0x00, 0x00, 0x00, 0xF9, 0xFF, 0x04, 0x00, 0x00, 0x00,
    0x00, 0xF3, 0xFF, 0x3E, 0x00, 0x00, 0x94, 0x00, 0x90, 0xFF, 0xFF, 0xCD, 0xFD, 0xEF, 0x00, 0x00,
    0xF9, 0xFF, 0xFF, 0xFF, 0xEF, 0x00, 0x00, 0x30, 0xD9, 0xFF, 0xDF, 0x39, 0x00, 0xF3, 0xFF, 0x0A,
    0x00, 0xD0, 0xFF, 0x0A, 0x00, 0xD0, 0xFF, 0x1E, 0x60, 0xFF, 0x6F, 0x00, 0xD0, 0xFF, 0x0A, 0x00,
    0xF9, 0xFF, 0x03, 0x00, 0xFA, 0xFF, 0x02, 0xD0, 0xFF, 0x0A, 0x40, 0xFF, 0x7F, 0x00, 0x00, 0xD0,
    0xFF, 0x0C, 0xD0, 0xFF, 0x0A, 0xE1, 0xFF, 0x0B, 0x00, 0x00, 0x30, 0xFF, 0x8F, 0xD0, 0xFF, 0x0A,
    0xFB, 0xEF, 0x01, 0x00, 0x00, 0x00, 0xF6, 0xFF, 0xD4, 0xFF, 0x6A, 0xFF, 0x3F, 0x00, 0x00, 0x00,
    0x00, 0xB0, 0xFF, 0xDE, 0xFF, 0xFC, 0xFF, 0x08, 0x00, 0x00, 0x00, 0x00, 0xF2, 0xFF, 0xDB, 0xFF,
    0xDB, 0xFF, 0x0D, 0x00, 0x00, 0x00, 0x00, 0xFD, 0xEF, 0xD1, 0xFF, 0x3A, 0xFF, 0xAF, 0x00, 0x00,
    0x00, 0x90, 0xFF, 0x4F, 0xD0, 0xFF, 0x0A, 0xF7, 0xFF, 0x06, 0x00, 0x00, 0xF5, 0xFF, 0x08, 0xD0,
    0xFF, 0x0A, 0xB0, 0xFF, 0x3F, 0x00, 0x20, 0xFF, 0xCF, 0x00, 0xD0, 0xFF, 0x0A, 0x10, 0xFE, 0xDF,
    0x01, 0xD0, 0xFF, 0x2F, 0x00, 0xD0, 0xFF, 0x0A, 0x00, 0xF4, 0xFF, 0x0B, 0xFA, 0xFF, 0x05, 0x00,
    0xD0, 0xFF, 0x0A, 0x00, 0x80, 0xFF, 0x7F, 0x20, 0xA6, 0xFD, 0xFF, 0xAE, 0x04, 0x00, 0xC0, 0xFF,
    0xFF, 0xFF, 0xFF, 0xAF, 0x00, 0x50, 0xFF, 0xDF, 0xDC, 0xFF, 0xFF, 0x05, 0x00, 0x37, 0x00, 0x00,
    0xE1, 0xFF, 0x08, 0x00, 0x00, 0x00, 0x00, 0xE1, 0xFF, 0x06, 0x00, 0x00, 0x99, 0xB9, 0xFF, 0xBF,
    0x00, 0x00, 0x00, 0xFF, 0xFF, 0xFF, 0x07, 0x00, 0x00, 0x00, 0xFF, 0xFF, 0xFF, 0xBF, 0x01, 0x00,
    0x00, 0x00, 0x20, 0xF7, 0xFF, 0x0A, 0x00, 0x00, 0x00, 0x00, 0xB0, 0xFF, 0x0E, 0xB0, 0x15, 0x00,
    0x00, 0xF5, 0xFF, 0x0D, 0xF0, 0xFF, 0xEF, 0xFE, 0xFF, 0xFF, 0x07, 0xF0, 0xFF, 0xFF, 0xFF, 0xFF,
    0x9F, 0x00, 0x50, 0xDA, 0xFE, 0xFF, 0x9D, 0x03, 0x00, 0xF0, 0xFF, 0x08, 0x00, 0x00, 0xFB, 0xFF,
    0x0F, 0xF0, 0xFF, 0x08, 0x00, 0x60, 0xFF, 0xFF, 0x0F, 0xF0, 0xFF, 0x08, 0x00, 0xE1, 0xFF, 0xFF,
    0x0F, 0xF0, 0xFF, 0x08, 0x00, 0xFA, 0xFF, 0xFF, 0x0F, 0xF0, 0xFF, 0x08, 0x40, 0xFF, 0xDF, 0xFF,
    0x0F, 0xF0, 0xFF, 0x08, 0xE0, 0xFF, 0x6D, 0xFF, 0x0F, 0xF0, 0xFF, 0x08, 0xF9, 0xFF, 0x73, 0xFF,
    0x0F, 0xF0, 0xFF, 0x37, 0xFF, 0x9F, 0x80, 0xFF, 0x0F, 0xF0, 0xFF, 0xD6, 0xFF, 0x0E, 0x80, 0xFF,
    0x0F, 0xF0, 0xFF, 0xFD, 0xFF, 0x04, 0x80, 0xFF, 0x0F, 0xF0, 0xFF, 0xFF, 0xAF, 0x00, 0x80, 0xFF,
    0x0F, 0xF0, 0xFF, 0xFF, 0x1E, 0x00, 0x80, 0xFF, 0x0F, 0xF0, 0xFF, 0xFF, 0x06, 0x00, 0x80, 0xFF,
    0x0F, 0xF0, 0xFF, 0xBF, 0x00, 0x00, 0x80, 0xFF, 0x0F, 0x00, 0xFC, 0x9F, 0x00, 0x00, 0xF7, 0xEF,
    0x00, 0x00, 0xF7, 0xFF, 0x25, 0x52, 0xFE, 0x9F, 0x00, 0x00, 0xD0, 0xFF, 0xFF, 0xFF, 0xFF, 0x1D,
    0x00, 0x00, 0x00, 0xC7, 0xFE, 0xEF, 0x7C, 0x00, 0x00, 0x00, 0x00, 0x00, 0x00, 0x00, 0x00, 0x00,
    0x00, 0xF0, 0xFF, 0x08, 0x00, 0x00, 0xFB, 0xFF, 0x0F, 0xF0, 0xFF, 0x08, 0x00, 0x60, 0xFF, 0xFF,
    0x0F, 0xF0, 0xFF, 0x08, 0x00, 0xE1, 0xFF, 0xFF, 0x0F, 0xF0, 0xFF, 0x08, 0x00, 0xFA, 0xFF, 0xFF,
    0x0F, 0xF0, 0xFF, 0x08, 0x40, 0xFF, 0xDF, 0xFF, 0x0F, 0xF0, 0xFF, 0x08, 0xE0, 0xFF, 0x6D, 0xFF,
    0x0F, 0xF0, 0xFF, 0x08, 0xF9, 0xFF, 0x73, 0xFF, 0x0F, 0xF0, 0xFF, 0x37, 0xFF, 0x9F, 0x80, 0xFF,
    0x0F, 0xF0, 0xFF, 0xD6, 0xFF, 0x0E, 0x80, 0xFF, 0x0F, 0xF0, 0xFF, 0xFD, 0xFF, 0x04, 0x80, 0xFF,
    0x0F, 0xF0, 0xFF, 0xFF, 0xAF, 0x00, 0x80, 0xFF, 0x0F, 0xF0, 0xFF, 0xFF, 0x1E, 0x00, 0x80, 0xFF,
    0x0F, 0xF0, 0xFF, 0xFF, 0x06, 0x00, 0x80, 0xFF, 0x0F, 0xF0, 0xFF, 0xBF, 0x00, 0x00, 0x80, 0xFF,
    0x0F, 0xF0, 0xFF, 0x0A, 0x00, 0x70, 0xFF, 0x9F, 0x00, 0xF0, 0xFF, 0x0A, 0x00, 0xF4, 0xFF, 0x0C,
    0x00, 0xF0, 0xFF, 0x0A, 0x10, 0xFE, 0xEF, 0x01, 0x00, 0xF0, 0xFF, 0x0A, 0xC0, 0xFF, 0x3F, 0x00,
    0x00, 0xF0, 0xFF, 0x0A, 0xF8, 0xFF, 0x06, 0x00, 0x00, 0xF0, 0xFF, 0x5A, 0xFF, 0x9F, 0x00, 0x00,
    0x00, 0xF0, 0xFF, 0xFC, 0xFF, 0x0D, 0x00, 0x00, 0x00, 0xF0, 0xFF, 0xDB, 0xFF, 0x3F, 0x00, 0x00,
    0x00, 0xF0, 0xFF, 0x2A, 0xFF, 0xEF, 0x01, 0x00, 0x00, 0xF0, 0xFF, 0x0A, 0xF4, 0xFF, 0x0C, 0x00,
    0x00, 0xF0, 0xFF, 0x0A, 0x80, 0xFF, 0xAF, 0x00, 0x00, 0xF0, 0xFF, 0x0A, 0x00, 0xFB, 0xFF, 0x07,
    0x00, 0xF0, 0xFF, 0x0A, 0x00, 0xD1, 0xFF, 0x4F, 0x00, 0xF0, 0xFF, 0x0A, 0x00, 0x20, 0xFF, 0xFF,
    0x02, 0x00, 0x30, 0xFF, 0xFF, 0xFF, 0xFF, 0xFF, 0x02, 0x00, 0x40, 0xFF, 0xFF, 0xFF, 0xFF, 0xFF,
    0x02, 0x00, 0x50, 0xFF, 0xCF, 0xCC, 0xFE, 0xFF, 0x02, 0x00, 0x70, 0xFF, 0x0F, 0x00, 0xF8, 0xFF,
    0x02, 0x00, 0x80, 0xFF, 0x0D, 0x00, 0xF8, 0xFF, 0x02, 0x00, 0xA0, 0xFF, 0x0C, 0x00, 0xF8, 0xFF,
    0x02, 0x00, 0xC0, 0xFF, 0x0A, 0x00, 0xF8, 0xFF, 0x02, 0x00, 0xF0, 0xFF, 0x07, 0x00, 0xF8, 0xFF,
    0x02, 0x00, 0xF3, 0xFF, 0x04, 0x00, 0xF8, 0xFF, 0x02, 0x00, 0xF7, 0xFF, 0x01, 0x00, 0xF8, 0xFF,
    0x02, 0x33, 0xFE, 0xDF, 0x00, 0x00, 0xF8, 0xFF, 0x02, 0xFF, 0xFF, 0x7F, 0x00, 0x00, 0xF8, 0xFF,
    0x02, 0xFF, 0xFF, 0x0E, 0x00, 0x00, 0xF8, 0xFF, 0x02, 0xFC, 0xBF, 0x02, 0x00, 0x00, 0xF8, 0xFF,
    0x02, 0xF0, 0xFF, 0xFF, 0x06, 0x00, 0x00, 0xF1, 0xFF, 0xFF, 0x02, 0xF0, 0xFF, 0xFF, 0x0C, 0x00,
    0x00, 0xF7, 0xFF, 0xFF, 0x02, 0xF0, 0xFF, 0xFF, 0x2F, 0x00, 0x00, 0xFD, 0xFF, 0xFF, 0x02, 0xF0,
    0xFF, 0xFD, 0x7F, 0x00, 0x30, 0xFF, 0xFE, 0xFF, 0x02, 0xF0, 0xFF, 0xF9, 0xDF, 0x00, 0x90, 0xFF,
    0xF9, 0xFF, 0x02, 0xF0, 0xFF, 0xD6, 0xFF, 0x03, 0xE0, 0xFF, 0xF5, 0xFF, 0x02, 0xF0, 0xFF, 0x86,
    0xFF, 0x08, 0xF4, 0xAF, 0xF5, 0xFF, 0x02, 0xF0, 0xFF, 0x26, 0xFF, 0x0E, 0xFA, 0x4F, 0xF5, 0xFF,
    0x02, 0xF0, 0xFF, 0x06, 0xFC, 0x5F, 0xFF, 0x0E, 0xF5, 0xFF, 0x02, 0xF0, 0xFF, 0x06, 0xF6, 0xEF,
    0xFF, 0x09, 0xF5, 0xFF, 0x02, 0xF0, 0xFF, 0x06, 0xF1, 0xFF, 0xFF, 0x03, 0xF5, 0xFF, 0x02, 0xF0,
    0xFF, 0x06, 0xB0, 0xFF, 0xDF, 0x00, 0xF5, 0xFF, 0x02, 0xF0, 0xFF, 0x06, 0x50, 0xFF, 0x7F, 0x00,
    0xF5, 0xFF, 0x02, 0xF0, 0xFF, 0x06, 0x00, 0xFF, 0x2F, 0x00, 0xF5, 0xFF, 0x02, 0xF0, 0xFF, 0x0A,
    0x00, 0x20, 0xFF, 0x9F, 0xF0, 0xFF, 0x0A, 0x00, 0x20, 0xFF, 0x9F, 0xF0, 0xFF, 0x0A, 0x00, 0x20,
    0xFF, 0x9F, 0xF0, 0xFF, 0x0A, 0x00, 0x20, 0xFF, 0x9F, 0xF0, 0xFF, 0x0A, 0x00, 0x20, 0xFF, 0x9F,
    0xF0, 0xFF, 0xCE, 0xCC, 0xCC, 0xFF, 0x9F, 0xF0, 0xFF, 0xFF, 0xFF, 0xFF, 0xFF, 0x9F, 0xF0, 0xFF,
    0xFF, 0xFF, 0xFF, 0xFF, 0x9F, 0xF0, 0xFF, 0x0A, 0x00, 0x20, 0xFF, 0x9F, 0xF0, 0xFF, 0x0A, 0x00,
    0x20, 0xFF, 0x9F, 0xF0, 0xFF, 0x0A, 0x00, 0x20, 0xFF, 0x9F, 0xF0, 0xFF, 0x0A, 0x00, 0x20, 0xFF,
    0x9F, 0xF0, 0xFF, 0x0A, 0x00, 0x20, 0xFF, 0x9F, 0xF0, 0xFF, 0x0A, 0x00, 0x20, 0xFF, 0x9F, 0x00,
    0x40, 0xEB, 0xFF, 0x7C, 0x01, 0x00, 0x00, 0xFA, 0xFF, 0xFF, 0xFF, 0x3E, 0x00, 0xA0, 0xFF, 0xFF,
    0xFF, 0xFF, 0xEF, 0x01, 0xF3, 0xFF, 0x4E, 0x10, 0xF9, 0xFF, 0x0A, 0xF8, 0xFF, 0x05, 0x00, 0xD0,
    0xFF, 0x0F, 0xFC, 0xFF, 0x00, 0x00, 0x90, 0xFF, 0x3F, 0xFD, 0xFF, 0x00, 0x00, 0x70, 0xFF, 0x5F,
    0xFD, 0xFF, 0x00, 0x00, 0x70, 0xFF, 0x5F, 0xFC, 0xFF, 0x00, 0x00, 0x90, 0xFF, 0x3F, 0xF8, 0xFF,
    0x05, 0x00, 0xD0, 0xFF, 0x0F, 0xF2, 0xFF, 0x4E, 0x10, 0xF9, 0xFF, 0x0A, 0x90, 0xFF, 0xFF, 0xFF,
    0xFF, 0xFF, 0x02, 0x00, 0xFA, 0xFF, 0xFF, 0xFF, 0x4E, 0x00, 0x00, 0x40, 0xEA, 0xFF, 0x8C, 0x01,
    0x00, 0xF0, 0xFF, 0xFF, 0xFF, 0xFF, 0xFF, 0x5F, 0xF0, 0xFF, 0xFF, 0xFF, 0xFF, 0xFF, 0x5F, 0xF0,
    0xFF, 0xCE, 0xCC, 0xDC, 0xFF, 0x5F, 0xF0, 0xFF, 0x0A, 0x00, 0x60, 0xFF, 0x5F, 0xF0, 0xFF, 0x0A,
    0x00, 0x60, 0xFF, 0x5F, 0xF0, 0xFF, 0x0A, 0x00, 0x60, 0xFF, 0x5F, 0xF0, 0xFF, 0x0A, 0x00, 0x60,
    0xFF, 0x5F, 0xF0, 0xFF, 0x0A, 0x00, 0x60, 0xFF, 0x5F, 0xF0, 0xFF, 0x0A, 0x00, 0x60, 0xFF, 0x5F,
    0xF0, 0xFF, 0x0A, 0x00, 0x60, 0xFF, 0x5F, 0xF0, 0xFF, 0x0A, 0x00, 0x60, 0xFF, 0x5F, 0xF0, 0xFF,
    0x0A, 0x00, 0x60, 0xFF, 0x5F, 0xF0, 0xFF, 0x0A, 0x00, 0x60, 0xFF, 0x5F, 0xF0, 0xFF, 0x0A, 0x00,
    0x60, 0xFF, 0x5F, 0xF0, 0xFF, 0x01, 0xE9, 0xEF, 0x19, 0x00, 0xF0, 0xFF, 0xD6, 0xFF, 0xFF, 0xEF,
    0x02, 0xF0, 0xFF, 0xFF, 0xFF, 0xFF, 0xFF, 0x0C, 0xF0, 0xFF, 0xAF, 0x01, 0xF4, 0xFF, 0x3F, 0xF0,
    0xFF, 0x0F, 0x00, 0x70, 0xFF, 0x7F, 0xF0, 0xFF, 0x0C, 0x00, 0x30, 0xFF, 0x9F, 0xF0, 0xFF, 0x0A,
    0x00, 0x10, 0xFF, 0xBF, 0xF0, 0xFF, 0x0B, 0x00, 0x10, 0xFF, 0xAF, 0xF0, 0xFF, 0x0C, 0x00, 0x30,
    0xFF, 0x9F, 0xF0, 0xFF, 0x1F, 0x00, 0x80, 0xFF, 0x7F, 0xF0, 0xFF, 0xBF, 0x02, 0xF5, 0xFF, 0x2F,
    0xF0, 0xFF, 0xFF, 0xFF, 0xFF, 0xFF, 0x0A, 0xF0, 0xFF, 0xEB, 0xFF, 0xFF, 0xDF, 0x01, 0xF0, 0xFF,
    0x1A, 0xEA, 0xEF, 0x18, 0x00, 0xF0, 0xFF, 0x0A, 0x00, 0x00, 0x00, 0x00, 0xF0, 0xFF, 0x0A, 0x00,
    0x00, 0x00, 0x00, 0xF0, 0xFF, 0x0A, 0x00, 0x00, 0x00, 0x00, 0xF0, 0xFF, 0x0A, 0x00, 0x00, 0x00,
    0x00, 0xF0, 0xFF, 0x0A, 0x00, 0x00, 0x00, 0x00, 0xF0, 0xFF, 0x0A, 0x00, 0x00, 0x00, 0x00, 0x00,
    0x50, 0xEB, 0xFF, 0xAE, 0x05, 0x00, 0xFB, 0xFF, 0xFF, 0xFF, 0x0D, 0xA0, 0xFF, 0xFF, 0xFF, 0xFF,
    0x07, 0xF3, 0xFF, 0x4E, 0x10, 0xA4, 0x01, 0xF9, 0xFF, 0x06, 0x00, 0x00, 0x00, 0xFC, 0xFF, 0x01,
    0x00, 0x00, 0x00, 0xFD, 0xFF, 0x00, 0x00, 0x00, 0x00, 0xFD, 0xFF, 0x00, 0x00, 0x00, 0x00, 0xFC,
    0xFF, 0x01, 0x00, 0x00, 0x00, 0xF9, 0xFF, 0x06, 0x00, 0x00, 0x00, 0xF5, 0xFF, 0x5E, 0x00, 0x93,
    0x09, 0xD0, 0xFF, 0xFF, 0xFF, 0xFF, 0x0A, 0x20, 0xFD, 0xFF, 0xFF, 0xFF, 0x0A, 0x00, 0x70, 0xFC,
    0xFF, 0x8D, 0x01, 0xF6, 0xFF, 0xFF, 0xFF, 0xFF, 0xFF, 0x4F, 0xF6, 0xFF, 0xFF, 0xFF, 0xFF, 0xFF,
    0x4F, 0xC5, 0xCC, 0xFC, 0xFF, 0xCF, 0xCC, 0x3C, 0x00, 0x00, 0xF0, 0xFF, 0x0C, 0x00, 0x00, 0x00,
    0x00, 0xF0, 0xFF, 0x0C, 0x00, 0x00, 0x00, 0x00, 0xF0, 0xFF, 0x0C, 0x00, 0x00, 0x00, 0x00, 0xF0,
    0xFF, 0x0C, 0x00, 0x00, 0x00, 0x00, 0xF0, 0xFF, 0x0C, 0x00, 0x00, 0x00, 0x00, 0xF0, 0xFF, 0x0C,
    0x00, 0x00, 0x00, 0x00, 0xF0, 0xFF, 0x0C, 0x00, 0x00, 0x00, 0x00, 0xF0, 0xFF, 0x0C, 0x00, 0x00,
    0x00, 0x00, 0xF0, 0xFF, 0x0C, 0x00, 0x00, 0x00, 0x00, 0xF0, 0xFF, 0x0C, 0x00, 0x00, 0x00, 0x00,
    0xF0, 0xFF, 0x0C, 0x00, 0x00, 0xFC, 0xFF, 0x03, 0x00, 0x00, 0xFE, 0xFF, 0x01, 0xF6, 0xFF, 0x09,
    0x00, 0x40, 0xFF, 0xAF, 0x00, 0xF0, 0xFF, 0x0E, 0x00, 0x90, 0xFF, 0x4F, 0x00, 0xA0, 0xFF, 0x3F,
    0x00, 0xE0, 0xFF, 0x0E, 0x00, 0x30, 0xFF, 0x9F, 0x00, 0xF3, 0xFF, 0x09, 0x00, 0x00, 0xFD, 0xEF,
    0x00, 0xF8, 0xFF, 0x03, 0x00, 0x00, 0xF7, 0xFF, 0x03, 0xFD, 0xDF, 0x00, 0x00, 0x00, 0xF1, 0xFF,
    0x38, 0xFF, 0x7F, 0x00, 0x00, 0x00, 0xA0, 0xFF, 0x8D, 0xFF, 0x1F, 0x00, 0x00, 0x00, 0x40, 0xFF,
    0xCF, 0xFF, 0x0B, 0x00, 0x00, 0x00, 0x00, 0xFD, 0xFF, 0xFF, 0x05, 0x00, 0x00, 0x00, 0x00, 0xF7,
    0xFF, 0xFF, 0x00, 0x00, 0x00, 0x00, 0x00, 0xF1, 0xFF, 0xAF, 0x00, 0x00, 0x00, 0x00, 0x00, 0xB0,
    0xFF, 0x4F, 0x00, 0x00, 0x00, 0x00, 0x00, 0xD0, 0xFF, 0x0E, 0x00, 0x00, 0x00, 0x00, 0x00, 0xF4,
    0xFF, 0x08, 0x00, 0x00, 0x00, 0x10, 0x40, 0xFE, 0xFF, 0x01, 0x00, 0x00, 0x00, 0xF2, 0xFF, 0xFF,
    0x8F, 0x00, 0x00, 0x00, 0x00, 0xF2, 0xFF, 0xFF, 0x09, 0x00, 0x00, 0x00, 0x00, 0xE1, 0xFF, 0x5B,
    0x00, 0x00, 0x00, 0x00, 0x00, 0x00, 0x00, 0x00, 0x80, 0xFF, 0x0E, 0x00, 0x00, 0x00, 0x00, 0x00,
    0x00, 0x00, 0x80, 0xFF, 0x0E, 0x00, 0x00, 0x00, 0x00, 0x00, 0x00, 0x00, 0x80, 0xFF, 0x0E, 0x00,
    0x00, 0x00, 0x00, 0x00, 0x00, 0x00, 0x80, 0xFF, 0x0E, 0x00, 0x00, 0x00, 0x00, 0x00, 0x00, 0x00,
    0x80, 0xFF, 0x0E, 0x00, 0x00, 0x00, 0x00, 0x00, 0x10, 0xB6, 0xFE, 0xFF, 0xEF, 0x7C, 0x01, 0x00,
    0x00, 0x00, 0xE5, 0xFF, 0xFF, 0xFF, 0xFF, 0xFF, 0x7F, 0x00, 0x00, 0x60, 0xFF, 0xFF, 0xEF, 0xFF,
    0xFF, 0xFF, 0xFF, 0x09, 0x00, 0xF1, 0xFF, 0xAF, 0x81, 0xFF, 0x0E, 0xF6, 0xFF, 0x5F, 0x00, 0xF7,
    0xFF, 0x0A, 0x80, 0xFF, 0x0E, 0x50, 0xFF, 0xCF, 0x00, 0xFB, 0xFF, 0x03, 0x80, 0xFF, 0x0E, 0x00,
    0xFD, 0xFF, 0x01, 0xFD, 0xFF, 0x00, 0x80, 0xFF, 0x0E, 0x00, 0xFA, 0xFF, 0x03, 0xFD, 0xFF, 0x00,
    0x80, 0xFF, 0x0E, 0x00, 0xFA, 0xFF, 0x03, 0xFB, 0xFF, 0x03, 0x80, 0xFF, 0x0E, 0x00, 0xFD, 0xFF,
    0x01, 0xF6, 0xFF, 0x0A, 0x80, 0xFF, 0x0E, 0x40, 0xFF, 0xCF, 0x00, 0xE0, 0xFF, 0x9F, 0x81, 0xFF,
    0x0E, 0xF5, 0xFF, 0x5F, 0x00, 0x30, 0xFF, 0xFF, 0xEF, 0xFF, 0xEF, 0xFF, 0xFF, 0x0A, 0x00, 0x00,
    0xD3, 0xFF, 0xFF, 0xFF, 0xFF, 0xFF, 0x8F, 0x00, 0x00, 0x00, 0x00, 0xA5, 0xFD, 0xFF, 0xEF, 0x8C,
    0x02, 0x00, 0x00, 0x00, 0x00, 0x00, 0x80, 0xFF, 0x0E, 0x00, 0x00, 0x00, 0x00, 0x00, 0x00, 0x00,
    0x80, 0xFF, 0x0E, 0x00, 0x00, 0x00, 0x00, 0x00, 0x00, 0x00, 0x80, 0xFF, 0x0E, 0x00, 0x00, 0x00,
    0x00, 0x00, 0x00, 0x00, 0x80, 0xFF, 0x0E, 0x00, 0x00, 0x00, 0x00, 0x00, 0x00, 0x00, 0x80, 0xFF,
    0x0E, 0x00, 0x00, 0x00, 0x00, 0x00, 0x00, 0x00, 0x80, 0xFF, 0x0E, 0x00, 0x00, 0x00, 0x00, 0xF5,
    0xFF, 0x0D, 0x00, 0x60, 0xFF, 0xCF, 0x00, 0xA0, 0xFF, 0x7F, 0x00, 0xE1, 0xFF, 0x2F, 0x00, 0x10,
    0xFF, 0xFF, 0x01, 0xF9, 0xFF, 0x08, 0x00, 0x00, 0xF6, 0xFF, 0x3A, 0xFF, 0xDF, 0x00, 0x00, 0x00,
    0xC0, 0xFF, 0xEF, 0xFF, 0x3F, 0x00, 0x00, 0x00, 0x20, 0xFF, 0xFF, 0xFF, 0x09, 0x00, 0x00, 0x00,
    0x00, 0xF7, 0xFF, 0xEF, 0x00, 0x00, 0x00, 0x00, 0x00, 0xFA, 0xFF, 0xFF, 0x02, 0x00, 0x00, 0x00,
    0x50, 0xFF, 0xFF, 0xFF, 0x0C, 0x00, 0x00, 0x00, 0xE1, 0xFF, 0xAF, 0xFF, 0x6F, 0x00, 0x00, 0x00,
    0xF9, 0xFF, 0x17, 0xFE, 0xFF, 0x01, 0x00, 0x40, 0xFF, 0xDF, 0x00, 0xF6, 0xFF, 0x0B, 0x00, 0xD0,
    0xFF, 0x4F, 0x00, 0xC0, 0xFF, 0x5F, 0x00, 0xF8, 0xFF, 0x0A, 0x00, 0x30, 0xFF, 0xEF, 0x01, 0xF0,
    0xFF, 0x0A, 0x00, 0x00, 0xFE, 0xDF, 0x00, 0xF0, 0xFF, 0x0A, 0x00, 0x00, 0xFE, 0xDF, 0x00, 0xF0,
    0xFF, 0x0A, 0x00, 0x00, 0xFE, 0xDF, 0x00, 0xF0, 0xFF, 0x0A, 0x00, 0x00, 0xFE, 0xDF, 0x00, 0xF0,
    0xFF, 0x0A, 0x00, 0x00, 0xFE, 0xDF, 0x00, 0xF0, 0xFF, 0x0A, 0x00, 0x00, 0xFE, 0xDF, 0x00, 0xF0,
    0xFF, 0x0A, 0x00, 0x00, 0xFE, 0xDF, 0x00, 0xF0, 0xFF, 0x0A, 0x00, 0x00, 0xFE, 0xDF, 0x00, 0xF0,
    0xFF, 0x0A, 0x00, 0x00, 0xFE, 0xDF, 0x00, 0xF0, 0xFF, 0x0A, 0x00, 0x00, 0xFE, 0xDF, 0x00, 0xF0,
    0xFF, 0x0A, 0x00, 0x00, 0xFE, 0xDF, 0x00, 0xF0, 0xFF, 0xCE, 0xCC, 0xCC, 0xFF, 0xFF, 0x9B, 0xF0,
    0xFF, 0xFF, 0xFF, 0xFF, 0xFF, 0xFF, 0xDF, 0xF0, 0xFF, 0xFF, 0xFF, 0xFF, 0xFF, 0xFF, 0xDF, 0x00,
    0x00, 0x00, 0x00, 0x00, 0x00, 0xF8, 0xDF, 0x00, 0x00, 0x00, 0x00, 0x00, 0x00, 0xF8, 0xDF, 0x00,
    0x00, 0x00, 0x00, 0x00, 0x00, 0xF8, 0xDF, 0x00, 0x00, 0x00, 0x00, 0x00, 0x00, 0xF8, 0xDF, 0x00,
    0x00, 0x00, 0x00, 0x00, 0x00, 0xF8, 0xDF, 0xF8, 0xFF, 0x03, 0x00, 0x40, 0xFF, 0x7F, 0xF8, 0xFF,
    0x03, 0x00, 0x40, 0xFF, 0x7F, 0xF8, 0xFF, 0x03, 0x00, 0x40, 0xFF, 0x7F, 0xF8, 0xFF, 0x03, 0x00,
    0x40, 0xFF, 0x7F, 0xF8, 0xFF, 0x03, 0x00, 0x40, 0xFF, 0x7F, 0xF7, 0xFF, 0x03, 0x00, 0x40, 0xFF,
    0x7F, 0xF6, 0xFF, 0x07, 0x00, 0x92, 0xFF, 0x7F, 0xF2, 0xFF, 0xCF, 0xDB, 0xFF, 0xFF, 0x7F, 0x80,
    0xFF, 0xFF, 0xFF, 0xEF, 0xFF, 0x7F, 0x00, 0xC5, 0xFF, 0xAE, 0x44, 0xFF, 0x7F, 0x00, 0x00, 0x00,
    0x00, 0x40, 0xFF, 0x7F, 0x00, 0x00, 0x00, 0x00, 0x40, 0xFF, 0x7F, 0x00, 0x00, 0x00, 0x00, 0x40,
    0xFF, 0x7F, 0x00, 0x00, 0x00, 0x00, 0x40, 0xFF, 0x7F, 0xF0, 0xFF, 0x0A, 0x00, 0xC0, 0xFF, 0x0F,
    0x00, 0x70, 0xFF, 0x4F, 0xF0, 0xFF, 0x0A, 0x00, 0xC0, 0xFF, 0x0F, 0x00, 0x70, 0xFF, 0x4F, 0xF0,
    0xFF, 0x0A, 0x00, 0xC0, 0xFF, 0x0F, 0x00, 0x70, 0xFF, 0x4F, 0xF0, 0xFF, 0x0A, 0x00, 0xC0, 0xFF,
    0x0F, 0x00, 0x70, 0xFF, 0x4F, 0xF0, 0xFF, 0x0A, 0x00, 0xC0, 0xFF, 0x0F, 0x00, 0x70, 0xFF, 0x4F,
    0xF0, 0xFF, 0x0A, 0x00, 0xC0, 0xFF, 0x0F, 0x00, 0x70, 0xFF, 0x4F, 0xF0, 0xFF, 0x0A, 0x00, 0xC0,
    0xFF, 0x0F, 0x00, 0x70, 0xFF, 0x4F, 0xF0, 0xFF, 0x0A, 0x00, 0xC0, 0xFF, 0x0F, 0x00, 0x70, 0xFF,
    0x4F, 0xF0, 0xFF, 0x0A, 0x00, 0xC0, 0xFF, 0x0F, 0x00, 0x70, 0xFF, 0x4F, 0xF0, 0xFF, 0x0A, 0x00,
    0xC0, 0xFF, 0x0F, 0x00, 0x70, 0xFF, 0x4F, 0xF0, 0xFF, 0x0A, 0x00, 0xC0, 0xFF, 0x0F, 0x00, 0x70,
    0xFF, 0x4F, 0xF0, 0xFF, 0xCE, 0xCC, 0xFC, 0xFF, 0xCF, 0xCC, 0xEC, 0xFF, 0x4F, 0xF0, 0xFF, 0xFF,
    0xFF, 0xFF, 0xFF, 0xFF, 0xFF, 0xFF, 0xFF, 0x4F, 0xF0, 0xFF, 0xFF, 0xFF, 0xFF, 0xFF, 0xFF, 0xFF,
    0xFF, 0xFF, 0x4F, 0xF0, 0xFF, 0x0A, 0x00, 0xC0, 0xFF, 0x0F, 0x00, 0x70, 0xFF, 0x4F, 0x00, 0xF0,
    0xFF, 0x0A, 0x00, 0xC0, 0xFF, 0x0F, 0x00, 0x70, 0xFF, 0x4F, 0x00, 0xF0, 0xFF, 0x0A, 0x00, 0xC0,
    0xFF, 0x0F, 0x00, 0x70, 0xFF, 0x4F, 0x00, 0xF0, 0xFF, 0x0A, 0x00, 0xC0, 0xFF, 0x0F, 0x00, 0x70,
    0xFF, 0x4F, 0x00, 0xF0, 0xFF, 0x0A, 0x00, 0xC0, 0xFF, 0x0F, 0x00, 0x70, 0xFF, 0x4F, 0x00, 0xF0,
    0xFF, 0x0A, 0x00, 0xC0, 0xFF, 0x0F, 0x00, 0x70, 0xFF, 0x4F, 0x00, 0xF0, 0xFF, 0x0A, 0x00, 0xC0,
    0xFF, 0x0F, 0x00, 0x70, 0xFF, 0x4F, 0x00, 0xF0, 0xFF, 0x0A, 0x00, 0xC0, 0xFF, 0x0F, 0x00, 0x70,
    0xFF, 0x4F, 0x00, 0xF0, 0xFF, 0x0A, 0x00, 0xC0, 0xFF, 0x0F, 0x00, 0x70, 0xFF, 0x4F, 0x00, 0xF0,
    0xFF, 0x0A, 0x00, 0xC0, 0xFF, 0x0F, 0x00, 0x70, 0xFF, 0x4F, 0x00, 0xF0, 0xFF, 0x0A, 0x00, 0xC0,
    0xFF, 0x0F, 0x00, 0x70, 0xFF, 0x4F, 0x00, 0xF0, 0xFF, 0xCE, 0xCC, 0xFC, 0xFF, 0xCF, 0xCC, 0xEC,
    0xFF, 0xCF, 0x3B, 0xF0, 0xFF, 0xFF, 0xFF, 0xFF, 0xFF, 0xFF, 0xFF, 0xFF, 0xFF, 0xFF, 0x4F, 0xF0,
    0xFF, 0xFF, 0xFF, 0xFF, 0xFF, 0xFF, 0xFF, 0xFF, 0xFF, 0xFF, 0x4F, 0x00, 0x00, 0x00, 0x00, 0x00,
    0x00, 0x00, 0x00, 0x00, 0x10, 0xFF, 0x4F, 0x00, 0x00, 0x00, 0x00, 0x00, 0x00, 0x00, 0x00, 0x00,
    0x10, 0xFF, 0x4F, 0x00, 0x00, 0x00, 0x00, 0x00, 0x00, 0x00, 0x00, 0x00, 0x10, 0xFF, 0x4F, 0x00,
    0x00, 0x00, 0x00, 0x00, 0x00, 0x00, 0x00, 0x00, 0x10, 0xFF, 0x4F, 0x00, 0x00, 0x00, 0x00, 0x00,
    0x00, 0x00, 0x00, 0x00, 0x10, 0xFF, 0x4F, 0xFF, 0xFF, 0xFF, 0xFF, 0x01, 0x00, 0x00, 0x00, 0x00,
    0xFF, 0xFF, 0xFF, 0xFF, 0x01, 0x00, 0x00, 0x00, 0x00, 0xCC, 0xCC, 0xFE, 0xFF, 0x01, 0x00, 0x00,
    0x00, 0x00, 0x00, 0x00, 0xFA, 0xFF, 0x01, 0x00, 0x00, 0x00, 0x00, 0x00, 0x00, 0xFA, 0xFF, 0x01,
    0x00, 0x00, 0x00, 0x00, 0x00, 0x00, 0xFA, 0xFF, 0xFF, 0xFF, 0xBE, 0x06, 0x00, 0x00, 0x00, 0xFA,
    0xFF, 0xFF, 0xFF, 0xFF, 0xCF, 0x00, 0x00, 0x00, 0xFA, 0xFF, 0x99, 0xA9, 0xFE, 0xFF, 0x08, 0x00,
    0x00, 0xFA, 0xFF, 0x01, 0x00, 0xF1, 0xFF, 0x0C, 0x00, 0x00, 0xFA, 0xFF, 0x01, 0x00, 0xE0, 0xFF,
    0x0D, 0x00, 0x00, 0xFA, 0xFF, 0x01, 0x00, 0xF3, 0xFF, 0x0B, 0x00, 0x00, 0xFA, 0xFF, 0x99, 0xA9,
    0xFF, 0xFF, 0x06, 0x00, 0x00, 0xFA, 0xFF, 0xFF, 0xFF, 0xFF, 0xAF, 0x00, 0x00, 0x00, 0xFA, 0xFF,
    0xFF, 0xFF, 0xBE, 0x05, 0x00, 0xF0, 0xFF, 0x0A, 0x00, 0x00, 0x00, 0x00, 0xF6, 0xFF, 0x04, 0xF0,
    0xFF, 0x0A, 0x00, 0x00, 0x00, 0x00, 0xF6, 0xFF, 0x04, 0xF0, 0xFF, 0x0A, 0x00, 0x00, 0x00, 0x00,
    0xF6, 0xFF, 0x04, 0xF0, 0xFF, 0x0A, 0x00, 0x00, 0x00, 0x00, 0xF6, 0xFF, 0x04, 0xF0, 0xFF, 0x0A,
    0x00, 0x00, 0x00, 0x00, 0xF6, 0xFF, 0x04, 0xF0, 0xFF, 0xFF, 0xFF, 0xAD, 0x04, 0x00, 0xF6, 0xFF,
    0x04, 0xF0, 0xFF, 0xFF, 0xFF, 0xFF, 0x9F, 0x00, 0xF6, 0xFF, 0x04, 0xF0, 0xFF, 0x9D, 0xB9, 0xFF,
    0xFF, 0x03, 0xF6, 0xFF, 0x04, 0xF0, 0xFF, 0x0A, 0x00, 0xF5, 0xFF, 0x08, 0xF6, 0xFF, 0x04, 0xF0,
    0xFF, 0x0A, 0x00, 0xF2, 0xFF, 0x09, 0xF6, 0xFF, 0x04, 0xF0, 0xFF, 0x0A, 0x00, 0xF7, 0xFF, 0x07,
    0xF6, 0xFF, 0x04, 0xF0, 0xFF, 0x9D, 0xC9, 0xFF, 0xFF, 0x02, 0xF6, 0xFF, 0x04, 0xF0, 0xFF, 0xFF,
    0xFF, 0xFF, 0x6F, 0x00, 0xF6, 0xFF, 0x04, 0xF0, 0xFF, 0xFF, 0xFF, 0x9D, 0x03, 0x00, 0xF6, 0xFF,
    0x04, 0xF0, 0xFF, 0x0A, 0x00, 0x00, 0x00, 0x00, 0xF0, 0xFF, 0x0A, 0x00, 0x00, 0x00, 0x00, 0xF0,
    0xFF, 0x0A, 0x00, 0x00, 0x00, 0x00, 0xF0, 0xFF, 0x0A, 0x00, 0x00, 0x00, 0x00, 0xF0, 0xFF, 0x0A,
    0x00, 0x00, 0x00, 0x00, 0xF0, 0xFF, 0xFF, 0xFF, 0xDF, 0x39, 0x00, 0xF0, 0xFF, 0xFF, 0xFF, 0xFF,
    0xFF, 0x07, 0xF0, 0xFF, 0x9D, 0x99, 0xFC, 0xFF, 0x2F, 0xF0, 0xFF, 0x0A, 0x00, 0x70, 0xFF, 0x6F,
    0xF0, 0xFF, 0x0A, 0x00, 0x40, 0xFF, 0x7F, 0xF0, 0xFF, 0x0A, 0x00, 0x90, 0xFF, 0x5F, 0xF0, 0xFF,
    0x9D, 0x99, 0xFC, 0xFF, 0x1F, 0xF0, 0xFF, 0xFF, 0xFF, 0xFF, 0xFF, 0x04, 0xF0, 0xFF, 0xFF, 0xFF,
    0xDF, 0x29, 0x00, 0x30, 0xD9, 0xFF, 0xBE, 0x06, 0x00, 0xC0, 0xFF, 0xFF, 0xFF, 0xCF, 0x01, 0x60,
    0xFF, 0xCD, 0xFF, 0xFF, 0x0A, 0x00, 0x05, 0x00, 0xD1, 0xFF, 0x2F, 0x00, 0x00, 0x00, 0x50, 0xFF,
    0x7F, 0x00, 0x72, 0x77, 0x97, 0xFF, 0x9F, 0x00, 0xF5, 0xFF, 0xFF, 0xFF, 0xAF, 0x00, 0xF5, 0xFF,
    0xFF, 0xFF, 0xAF, 0x00, 0x00, 0x00, 0x30, 0xFF, 0x8F, 0x00, 0x00, 0x00, 0x70, 0xFF, 0x6F, 0x81,
    0x02, 0x00, 0xF3, 0xFF, 0x1F, 0xF1, 0xEF, 0xDC, 0xFF, 0xFF, 0x08, 0xF1, 0xFF, 0xFF, 0xFF, 0xAF,
    0x00, 0x60, 0xEB, 0xFF, 0xAE, 0x04, 0x00, 0xF0, 0xFF, 0x0A, 0x00, 0x00, 0xC6, 0xFE, 0xBE, 0x04,
    0x00, 0xF0, 0xFF, 0x0A, 0x00, 0xD1, 0xFF, 0xFF, 0xFF, 0xAF, 0x00, 0xF0, 0xFF, 0x0A, 0x00, 0xFC,
    0xFF, 0xFF, 0xFF, 0xFF, 0x08, 0xF0, 0xFF, 0x0A, 0x50, 0xFF, 0xDF, 0x02, 0xE3, 0xFF, 0x2F, 0xF0,
    0xFF, 0x0A, 0xA0, 0xFF, 0x3F, 0x00, 0x50, 0xFF, 0x7F, 0xF0, 0xFF, 0xCE, 0xFC, 0xFF, 0x0F, 0x00,
    0x10, 0xFF, 0xAF, 0xF0, 0xFF, 0xFF, 0xFF, 0xFF, 0x0E, 0x00, 0x00, 0xFF, 0xCF, 0xF0, 0xFF, 0xFF,
    0xFF, 0xFF, 0x0E, 0x00, 0x00, 0xFF, 0xCF, 0xF0, 0xFF, 0x0A, 0xC0, 0xFF, 0x0F, 0x00, 0x10, 0xFF,
    0xAF, 0xF0, 0xFF, 0x0A, 0x90, 0xFF, 0x4F, 0x00, 0x60, 0xFF, 0x7F, 0xF0, 0xFF, 0x0A, 0x30, 0xFF,
    0xDF, 0x03, 0xE3, 0xFF, 0x2F, 0xF0, 0xFF, 0x0A, 0x00, 0xFA, 0xFF, 0xFF, 0xFF, 0xFF, 0x09, 0xF0,
    0xFF, 0x0A, 0x00, 0xC0, 0xFF, 0xFF, 0xFF, 0xBF, 0x00, 0xF0, 0xFF, 0x0A, 0x00, 0x00, 0xB6, 0xFE,
    0xBE, 0x05, 0x00, 0x00, 0x60, 0xEC, 0xFF, 0xFF, 0xFF, 0x0E, 0x00, 0xFC, 0xFF, 0xFF, 0xFF, 0xFF,
    0x0E, 0x90, 0xFF, 0xDF, 0xAA, 0xFA, 0xFF, 0x0E, 0xE0, 0xFF, 0x0E, 0x00, 0xD0, 0xFF, 0x0E, 0xF0,
    0xFF, 0x0A, 0x00, 0xD0, 0xFF, 0x0E, 0xE0, 0xFF, 0x1E, 0x00, 0xD0, 0xFF, 0x0E, 0x90, 0xFF, 0xEF,
    0x89, 0xE8, 0xFF, 0x0E, 0x10, 0xFD, 0xFF, 0xFF, 0xFF, 0xFF, 0x0E, 0x00, 0xB1, 0xFF, 0xFF, 0xFF,
    0xFF, 0x0E, 0x00, 0xD0, 0xFF, 0x0C, 0xD0, 0xFF, 0x0E, 0x00, 0xF9, 0xFF, 0x03, 0xD0, 0xFF, 0x0E,
    0x40, 0xFF, 0x9F, 0x00, 0xD0, 0xFF, 0x0E, 0xE1, 0xFF, 0x0E, 0x00, 0xD0, 0xFF, 0x0E, 0xFA, 0xFF,
    0x05, 0x00, 0xD0, 0xFF, 0x0E, 0x00, 0x30, 0x02, 0x00, 0x23, 0x00, 0x00, 0x00, 0xF8, 0x5F, 0xA0,
    0xFF, 0x05, 0x00, 0x00, 0xFC, 0x9F, 0xD0, 0xFF, 0x08, 0x00, 0x00, 0xF5, 0x3E, 0x60, 0xEF, 0x03,
    0x00, 0x00, 0x00, 0x00, 0x00, 0x00, 0x00, 0x00, 0x00, 0x00, 0x00, 0x00, 0x00, 0x00, 0x00, 0x00,
    0x50, 0xEB, 0xFF, 0x6C, 0x00, 0x00, 0x00, 0xFB, 0xFF, 0xFF, 0xFF, 0x1C, 0x00, 0xA0, 0xFF, 0xEF,
    0xCA, 0xFF, 0xBF, 0x00, 0xF3, 0xFF, 0x0B, 0x00, 0xF7, 0xFF, 0x03, 0xF8, 0xFF, 0x02, 0x00, 0xE0,
    0xFF, 0x08, 0xFC, 0xFF, 0x77, 0x77, 0xE7, 0xFF, 0x0A, 0xFD, 0xFF, 0xFF, 0xFF, 0xFF, 0xFF, 0x0B,
    0xFD, 0xFF, 0xFF, 0xFF, 0xFF, 0xFF, 0x0B, 0xFC, 0xFF, 0x00, 0x00, 0x00, 0x00, 0x00, 0xF9, 0xFF,
    0x04, 0x00, 0x00, 0x00, 0x00, 0xF3, 0xFF, 0x3E, 0x00, 0x00, 0x94, 0x00, 0x90, 0xFF, 0xFF, 0xCD,
    0xFD, 0xEF, 0x00, 0x00, 0xF9, 0xFF, 0xFF, 0xFF, 0xEF, 0x00, 0x00, 0x30, 0xD9, 0xFF, 0xDF, 0x39,
    0x00, 0xCC, 0xCC, 0xCC, 0xCC, 0xCC, 0x06, 0xFF, 0xFF, 0xFF, 0xFF, 0xFF, 0x08, 0xFF, 0xFF, 0xFF,
    0xFF, 0xFF, 0x08, 0xCC, 0xCC, 0xCC, 0xCC, 0xCC, 0xCC, 0xCC, 0xCC, 0xCC, 0xCC, 0xCC, 0x0C, 0xFF,
    0xFF, 0xFF, 0xFF, 0xFF, 0xFF, 0xFF, 0xFF, 0xFF, 0xFF, 0xFF, 0x0F, 0xFF, 0xFF, 0xFF, 0xFF, 0xFF,
    0xFF, 0xFF, 0xFF, 0xFF, 0xFF, 0xFF, 0x0F, 0xCC, 0xCC, 0xCC, 0xCC, 0xCC, 0xCC, 0xCC, 0xCC, 0xCC,
    0xCC, 0xCC, 0x0C, 0xFF, 0xFF, 0xFF, 0xFF, 0xFF, 0xFF, 0xFF, 0xFF, 0xFF, 0xFF, 0xFF, 0x0F, 0xFF,
    0xFF, 0xFF, 0xFF, 0xFF, 0xFF, 0xFF, 0xFF, 0xFF, 0xFF, 0xFF, 0x0F, 0xB0, 0xBB, 0xBB, 0xBB, 0xBB,
    0x3B, 0xF0, 0xFF, 0xFF, 0xFF, 0xFF, 0x5F, 0x00, 0x00, 0x00, 0x00, 0x00, 0x00, 0x00, 0x00, 0x00,
    0x00, 0x00, 0x00, 0xF0, 0xFF, 0xFF, 0xFF, 0xFF, 0x5F, 0xB0, 0xBB, 0xBB, 0xBB, 0xBB, 0x3B, 0x00,
    0xFC, 0x0F, 0x30, 0xFF, 0x0C, 0x90, 0xFF, 0x09, 0xF0, 0xFF, 0x05, 0xF5, 0xFF, 0x02, 0xF9, 0xFF,
    0x00, 0x80, 0xFF, 0x0F, 0xB0, 0xFF, 0x0C, 0xE0, 0xFF, 0x06, 0xF2, 0xFF, 0x01, 0xF5, 0xAF, 0x00,
    0xF9, 0x3F, 0x00, 0x10, 0xFF, 0x7F, 0x40, 0xFF, 0x3F, 0x70, 0xFF, 0x0E, 0xA0, 0xFF, 0x08, 0xE0,
    0xFF, 0x01, 0xF1, 0xAF, 0x00, 0xF9, 0xFF, 0x00, 0xF5, 0xFF, 0x02, 0xF0, 0xFF, 0x05, 0x90, 0xFF,
    0x09, 0x30, 0xFF, 0x0C, 0x00, 0xFC, 0x0F, 0x00, 0xFC, 0x0F, 0x10, 0xFF, 0x0B, 0x30, 0xFF, 0x0C,
    0x80, 0xFF, 0x07, 0x90, 0xFF, 0x09, 0xE0, 0xFF, 0x04, 0xF0, 0xFF, 0x05, 0xF4, 0xFF, 0x01, 0xF5,
    0xFF, 0x02, 0xFA, 0xDF, 0x00, 0xF9, 0xFF, 0x00, 0xFE, 0xAF, 0x00, 0x80, 0xFF, 0x0F, 0xD0, 0xFF,
    0x0B, 0xB0, 0xFF, 0x0C, 0xF0, 0xFF, 0x07, 0xE0, 0xFF, 0x06, 0xF3, 0xFF, 0x01, 0xF2, 0xFF, 0x01,
    0xF7, 0xBF, 0x00, 0xF5, 0xAF, 0x00, 0xFA, 0x5F, 0x00, 0xF9, 0x3F, 0x00, 0xFE, 0x0E, 0x00, 0x10,
    0xFF, 0x7F, 0x60, 0xFF, 0x3F, 0x40, 0xFF, 0x3F, 0x80, 0xFF, 0x0E, 0x70, 0xFF, 0x0E, 0xC0, 0xFF,
    0x09, 0xA0, 0xFF, 0x08, 0xF0, 0xFF, 0x03, 0xE0, 0xFF, 0x01, 0xF2, 0xCF, 0x00, 0xF1, 0xAF, 0x00,
    0xF6, 0x5F, 0x00, 0x00, 0x50, 0xFF, 0x0F, 0x00, 0x00, 0x00, 0x20, 0xFF, 0x0D, 0x00, 0x00, 0x00,
    0x00, 0xFF, 0x0A, 0x00, 0x00, 0x00, 0x00, 0xFE, 0x08, 0x00, 0x00, 0x42, 0x12, 0xFC, 0x16, 0x43,
    0x02, 0xF8, 0xFF, 0xFF, 0xFF, 0xFF, 0x06, 0xF8, 0xFF, 0xFF, 0xFF, 0xFF, 0x06, 0x74, 0x46, 0xFC,
    0x58, 0x86, 0x03, 0x00, 0x00, 0xFC, 0x06, 0x00, 0x00, 0x00, 0x00, 0xFD, 0x07, 0x00, 0x00, 0x00,
    0x00, 0xFE, 0x08, 0x00, 0x00, 0x00, 0x00, 0xFF, 0x09, 0x00, 0x00, 0x00, 0x00, 0xFF, 0x0A, 0x00,
    0x00, 0x00, 0x10, 0xFF, 0x0B, 0x00, 0x00, 0x00, 0x10, 0xFF, 0x0C, 0x00, 0x00, 0x00, 0x20, 0xFF,
    0x0D, 0x00, 0x00, 0x00, 0x30, 0xFF, 0x0D, 0x00, 0x00, 0x00, 0x40, 0xFF, 0x0E, 0x00, 0x00, 0x00,
    0x50, 0xFF, 0x0F, 0x00, 0x00, 0x00, 0x30, 0xFF, 0x1F, 0x00, 0x00, 0x00, 0x00, 0xFF, 0x0F, 0x00,
    0x00, 0x00, 0x00, 0xFE, 0x0D, 0x00, 0x00, 0x00, 0x00, 0xFC, 0x0A, 0x00, 0x00, 0x43, 0x12, 0xFA,
    0x18, 0x42, 0x02, 0xFA, 0xFF, 0xFF, 0xFF, 0xFF, 0x08, 0xFA, 0xFF, 0xFF, 0xFF, 0xFF, 0x08, 0x75,
    0x46, 0xFC, 0x5A, 0x76, 0x04, 0x00, 0x00, 0xFE, 0x0C, 0x00, 0x00, 0x00, 0x10, 0xFF, 0x0F, 0x00,
    0x00, 0x00, 0x00, 0xFE, 0x0C, 0x00, 0x00, 0x75, 0x45, 0xFB, 0x4A, 0x76, 0x04, 0xFA, 0xFF, 0xFF,
    0xFF, 0xFF, 0x08, 0xFA, 0xFF, 0xFF, 0xFF, 0xFF, 0x08, 0x43, 0x13, 0xFA, 0x18, 0x43, 0x03, 0x00,
    0x00, 0xFC, 0x0A, 0x00, 0x00, 0x00, 0x00, 0xFE, 0x0D, 0x00, 0x00, 0x00, 0x00, 0xFF, 0x0F, 0x00,
    0x00, 0x00, 0x30, 0xFF, 0x1F, 0x00, 0x00, 0x20, 0xB9, 0x5A, 0x00, 0xF2, 0xFF, 0xFF, 0x07, 0xF9,
    0xFF, 0xFF, 0x0F, 0xFC, 0xFF, 0xFF, 0x2F, 0xFC, 0xFF, 0xFF, 0x2F, 0xFA, 0xFF, 0xFF, 0x0F, 0xF3,
    0xFF, 0xFF, 0x09, 0x50, 0xFD, 0x8E, 0x00, 0x00, 0x02, 0x00, 0x00, 0x20, 0x00, 0x00, 0x00, 0x11,
    0x00, 0xE2, 0xFF, 0x04, 0x10, 0xFD, 0x5F, 0x00, 0xC0, 0xFF, 0x07, 0xF8, 0xFF, 0x0A, 0x60, 0xFF,
    0xCF, 0x00, 0xF4, 0xFF, 0x0E, 0xF8, 0xFF, 0x0A, 0x60, 0xFF, 0xCF, 0x00, 0xF4, 0xFF, 0x0E, 0xC1,
    0xCF, 0x02, 0x00, 0xFB, 0x3D, 0x00, 0x90, 0xEF, 0x05, 0x00, 0xC4, 0xFF, 0x3C, 0x00, 0x00, 0x00,
    0xF8, 0x6F, 0x00, 0x00, 0x00, 0x00, 0x00, 0x00, 0x00, 0x40, 0xFF, 0xFF, 0xFF, 0x03, 0x00, 0x20,
    0xFF, 0x0D, 0x00, 0x00, 0x00, 0x00, 0x00, 0x00, 0x00, 0xC0, 0xFF, 0xCC, 0xFF, 0x0B, 0x00, 0xA0,
    0xFF, 0x04, 0x00, 0x00, 0x00, 0x00, 0x00, 0x00, 0x00, 0xF0, 0xFF, 0x11, 0xFF, 0x0F, 0x00, 0xF3,
    0xBF, 0x00, 0x00, 0x00, 0x00, 0x00, 0x00, 0x00, 0x00, 0xF3, 0xEF, 0x00, 0xFE, 0x3F, 0x00, 0xFC,
    0x3F, 0x00, 0x00, 0x00, 0x00, 0x00, 0x00, 0x00, 0x00, 0xF3, 0xDF, 0x00, 0xFD, 0x3F, 0x40, 0xFF,
    0x0A, 0x00, 0x00, 0x00, 0x00, 0x00, 0x00, 0x00, 0x00, 0xF2, 0xEF, 0x00, 0xFE, 0x3F, 0xD0, 0xFF,
    0x01, 0x00, 0x00, 0x00, 0x00, 0x00, 0x00, 0x00, 0x00, 0xF0, 0xFF, 0x11, 0xFF, 0x0F, 0xF6, 0x8F,
    0x90, 0xFE, 0x8E, 0x00, 0x00, 0xC4, 0xFF, 0x3C, 0x00, 0xB0, 0xFF, 0xCC, 0xFF, 0x0C, 0xFE, 0x1E,
    0xFB, 0xFF, 0xFF, 0x0B, 0x30, 0xFF, 0xFF, 0xFF, 0x03, 0x30, 0xFF, 0xFF, 0xFF, 0x83, 0xFF, 0x46,
    0xFF, 0x9F, 0xFF, 0x3F, 0xC0, 0xFF, 0xCC, 0xFF, 0x0B, 0x00, 0xC3, 0xFF, 0x4C, 0xF1, 0xDF, 0x80,
    0xFF, 0x09, 0xF8, 0x8F, 0xF0, 0xFF, 0x11, 0xFF, 0x0F, 0x00, 0x00, 0x00, 0x00, 0xF9, 0x5F, 0xB0,
    0xFF, 0x06, 0xF6, 0xBF, 0xF2, 0xEF, 0x00, 0xFE, 0x3F, 0x00, 0x00, 0x00, 0x20, 0xFF, 0x0C, 0xB0,
    0xFF, 0x05, 0xF5, 0xBF, 0xF3, 0xDF, 0x00, 0xFD, 0x3F, 0x00, 0x00, 0x00, 0xB0, 0xFF, 0x03, 0xA0,
    0xFF, 0x06, 0xF6, 0xBF, 0xF2, 0xEF, 0x00, 0xFE, 0x3F, 0x00, 0x00, 0x00, 0xF4, 0xAF, 0x00, 0x80,
    0xFF, 0x09, 0xF8, 0x8F, 0xF0, 0xFF, 0x11, 0xFF, 0x0F, 0x00, 0x00, 0x00, 0xFC, 0x2F, 0x00, 0x30,
    0xFF, 0x9F, 0xFF, 0x4F, 0xB0, 0xFF, 0xBC, 0xFF, 0x0C, 0x00, 0x00, 0x50, 0xFF, 0x09, 0x00, 0x00,
    0xFA, 0xFF, 0xFF, 0x0B, 0x30, 0xFF, 0xFF, 0xFF, 0x04, 0x00, 0x00, 0xD0, 0xFF, 0x01, 0x00, 0x00,
    0x80, 0xFE, 0x9E, 0x00, 0x00, 0xC3, 0xFF, 0x4C, 0x00, 0x00, 0xD0, 0xFF, 0x06, 0x00, 0xF7, 0xBF,
    0x00, 0x00, 0xFE, 0x1E, 0x00, 0x80, 0xFF, 0x05, 0x00, 0xF1, 0x9F, 0x00, 0x00, 0xF9, 0x0D, 0x00,
    0x00, 0x00, 0xD0, 0xFF, 0x06, 0xF5, 0xEF, 0x01, 0x00, 0xF7, 0xBF, 0x00, 0xFE, 0x4F, 0x00, 0x00,
    0xFE, 0x1E, 0x70, 0xFF, 0x08, 0x00, 0x80, 0xFF, 0x05, 0xE0, 0xCF, 0x00, 0x00, 0xF1, 0x9F, 0x00,
    0xF8, 0x2F, 0x00, 0x00, 0xF9, 0x0D, 0x10, 0xFF, 0x06, 0x00, 0x00, 0x00, 0x10, 0x7C, 0x00, 0x00,
    0xB0, 0xFF, 0x0D, 0x00, 0xF9, 0xFF, 0x04, 0x60, 0xFF, 0x7F, 0x00, 0xF4, 0xFF, 0x0A, 0x00, 0xFE,
    0xFF, 0x00, 0x00, 0xF4, 0xFF, 0x0A, 0x00, 0x70, 0xFF, 0x7F, 0x00, 0x00, 0xF9, 0xFF, 0x04, 0x00,
    0xB0, 0xFF, 0x0D, 0x00, 0x10, 0x7C, 0x00, 0x60, 0x2D, 0x00, 0x00, 0xFB, 0xDF, 0x01, 0x00, 0xF2,
    0xFF, 0x0C, 0x00, 0x40, 0xFF, 0xAF, 0x00, 0x00, 0xF6, 0xFF, 0x07, 0x00, 0xD0, 0xFF, 0x1F, 0x00,
    0xF6, 0xFF, 0x08, 0x40, 0xFF, 0xAF, 0x00, 0xF2, 0xFF, 0x0C, 0x00, 0xFB, 0xDF, 0x01, 0x00, 0x60,
    0x2D, 0x00, 0x00, 0xF7, 0xFF, 0x0A, 0x50, 0xFF, 0xCF, 0xF6, 0xFF, 0x09, 0x40, 0xFF, 0xBF, 0xF6,
    0xFF, 0x08, 0x40, 0xFF, 0xAF, 0xF5, 0xFF, 0x08, 0x30, 0xFF, 0xAF, 0xF4, 0xFF, 0x07, 0x20, 0xFF,
    0x9F, 0xF3, 0xFF, 0x06, 0x10, 0xFF, 0x8F, 0xF2, 0xFF, 0x05, 0x00, 0xFF, 0x7F, 0xF1, 0xFF, 0x04,
    0x00, 0xFF, 0x6F, 0xF0, 0xFF, 0x03, 0x00, 0xFE, 0x5F, 0xF0, 0xFF, 0x02, 0x00, 0xFD, 0x4F, 0xE0,
    0xFF, 0x01, 0x00, 0xFC, 0x3F, 0x00, 0x00, 0x00, 0x00, 0x00, 0x00, 0x00, 0x00, 0x00, 0x00, 0x00,
    0x00, 0x00, 0x02, 0x00, 0x00, 0x20, 0x00, 0xE2, 0xFF, 0x04, 0x10, 0xFD, 0x5F, 0xF8, 0xFF, 0x0A,
    0x60, 0xFF, 0xCF, 0xF8, 0xFF, 0x0A, 0x60, 0xFF, 0xCF, 0xC1, 0xCF, 0x02, 0x00, 0xFB, 0x3D, 0x00,
    0x00, 0x00, 0x00, 0x20, 0xFF, 0x0B, 0x00, 0x00, 0x00, 0x00, 0xB0, 0xFF, 0x03, 0x00, 0x00, 0x00,
    0x00, 0xF4, 0xAF, 0x00, 0x00, 0x00, 0x00, 0x00, 0xFD, 0x1F, 0x00, 0x00, 0x00, 0x00, 0x50, 0xFF,
    0x08, 0x00, 0x00, 0x00, 0x00, 0xE0, 0xEF, 0x01, 0x00, 0x00, 0x00, 0x00, 0xF7, 0x7F, 0x00, 0x00,
    0x00, 0x00, 0x10, 0xFF, 0x0D, 0x00, 0x00, 0x00, 0x00, 0x90, 0xFF, 0x05, 0x00, 0x00, 0x00, 0x00,
    0xF2, 0xCF, 0x00, 0x00, 0x00, 0x00, 0x00, 0xFA, 0x3F, 0x00, 0x00, 0x00, 0x00, 0x30, 0xFF, 0x0B,
    0x00, 0x00, 0x00, 0x00, 0xC0, 0xFF, 0x02, 0x00, 0x00, 0x00, 0x00, 0xF5, 0x9F, 0x00, 0x00, 0x00,
    0x00, 0x00, 0xFD, 0x1F, 0x00, 0x00, 0x00, 0x00, 0x60, 0xFF, 0x07, 0x00, 0x00, 0x00, 0x00, 0xE0,
    0xEF, 0x00, 0x00, 0x00, 0x00, 0x00, 0xF8, 0x6F, 0x00, 0x00, 0x00, 0x00, 0x00,
};
// GlyphProps[width, height, advance_x, left, top, compressed_size, data_offset, code_point]
const GFXglyph OpenSans12BGlyphs[] = {
    { 0, 0, 7, 0, 0, 0, 0 }, // ' '
    { 5, 18, 7, 1, 18, 54, 0 }, // '!'
    { 10, 6, 12, 1, 18, 30, 54 }, // '"'
    { 16, 18, 16, 0, 18, 144, 84 }, // '#'
    { 13, 20, 14, 1, 19, 140, 228 }, // '$'
    { 22, 18, 23, 0, 18, 198, 368 }, // '%'
    { 18, 18, 19, 1, 18, 162, 566 }, // '&'
    { 5, 6, 7, 1, 18, 18, 728 }, // '''
    { 7, 22, 8, 1, 18, 88, 746 }, // '('
    { 8, 22, 8, 0, 18, 88, 834 }, // ')'
    { 13, 13, 14, 0, 19, 91, 922 }, // '*'
    { 13, 13, 14, 1, 15, 91, 1013 }, // '+'
    { 6, 6, 7, 0, 3, 18, 1104 }, // ','
    { 8, 4, 8, 0, 9, 16, 1122 }, // '-'
    { 5, 5, 7, 1, 5, 15, 1138 }, // '.'
    { 11, 18, 10, 0, 18, 108, 1153 }, // '/'
    { 14, 18, 14, 0, 18, 126, 1261 }, // '0'
    { 10, 18, 14, 1, 18, 90, 1387 }, // '1'
    { 14, 18, 14, 0, 18, 126, 1477 }, // '2'
    { 14, 18, 14, 0, 18, 126, 1603 }, // '3'
    { 14, 18, 14, 0, 18, 126, 1729 }, // '4'
    { 13, 18, 14, 1, 18, 126, 1855 }, // '5'
    { 14, 18, 14, 0, 18, 126, 1981 }, // '6'
    { 14, 18, 14, 0, 18, 126, 2107 }, // '7'
    { 14, 18, 14, 0, 18, 126, 2233 }, // '8'
    { 14, 18, 14, 0, 18, 126, 2359 }, // '9'
    { 5, 14, 7, 1, 14, 42, 2485 }, // ':'
    { 6, 17, 7, 0, 14, 51, 2527 }, // ';'
    { 13, 13, 14, 1, 15, 91, 2578 }, // '<'
    { 13, 8, 14, 1, 13, 56, 2669 }, // '='
    { 13, 13, 14, 1, 15, 91, 2725 }, // '>'
    { 12, 18, 12, 0, 18, 108, 2816 }, // '?'
    { 21, 20, 22, 1, 18, 220, 2924 }, // '@'
    { 18, 18, 17, 0, 18, 162, 3144 }, // 'A'
    { 14, 18, 17, 2, 18, 126, 3306 }, // 'B'
    { 15, 18, 16, 1, 18, 144, 3432 }, // 'C'
    { 16, 18, 19, 2, 18, 144, 3576 }, // 'D'
    { 11, 18, 14, 2, 18, 108, 3720 }, // 'E'
    { 11, 18, 14, 2, 18, 108, 3828 }, // 'F'
    { 16, 18, 18, 1, 18, 144, 3936 }, // 'G'
    { 15, 18, 19, 2, 18, 144, 4080 }, // 'H'
    { 5, 18, 8, 2, 18, 54, 4224 }, // 'I'
    { 9, 23, 8, -2, 18, 115, 4278 }, // 'J'
    { 15, 18, 17, 2, 18, 144, 4393 }, // 'K'
    { 12, 18, 14, 2, 18, 108, 4537 }, // 'L'
    { 20, 18, 24, 2, 18, 180, 4645 }, // 'M'
    { 17, 18, 20, 2, 18, 162, 4825 }, // 'N'
    { 18, 18, 20, 1, 18, 162, 4987 }, // 'O'
    { 13, 18, 16, 2, 18, 126, 5149 }, // 'P'
    { 18, 22, 20, 1, 18, 198, 5275 }, // 'Q'
    { 15, 18, 17, 2, 18, 144, 5473 }, // 'R'
    { 12, 18, 14, 1, 18, 108, 5617 }, // 'S'
    { 14, 18, 14, 0, 18, 126, 5725 }, // 'T'
    { 15, 18, 19, 2, 18, 144, 5851 }, // 'U'
    { 17, 18, 16, 0, 18, 162, 5995 }, // 'V'
    { 25, 18, 24, 0, 18, 234, 6157 }, // 'W'
    { 17, 18, 17, 0, 18, 162, 6391 }, // 'X'
    { 16, 18, 16, 0, 18, 144, 6553 }, // 'Y'
    { 14, 18, 14, 0, 18, 126, 6697 }, // 'Z'
    { 7, 22, 8, 1, 18, 88, 6823 }, // '['
    { 11, 18, 10, 0, 18, 108, 6911 }, // '<backslash>'
    { 7, 22, 8, 0, 18, 88, 7019 }, // ']'
    { 14, 12, 14, 0, 18, 84, 7107 }, // '^'
    { 12, 2, 10, -1, -2, 12, 7191 }, // '_'
    { 8, 4, 9, 1, 19, 16, 7203 }, // '`'
    { 13, 14, 15, 1, 14, 98, 7219 }, // 'a'
    { 14, 19, 16, 1, 19, 133, 7317 }, // 'b'
    { 12, 14, 13, 1, 14, 84, 7450 }, // 'c'
    { 13, 19, 16, 1, 19, 133, 7534 }, // 'd'
    { 13, 14, 15, 1, 14, 98, 7667 }, // 'e'
    { 11, 19, 10, 0, 19, 114, 7765 }, // 'f'
    { 14, 20, 14, 0, 14, 140, 7879 }, // 'g'
    { 14, 19, 16, 1, 19, 133, 8019 }, // 'h'
    { 5, 20, 8, 1, 20, 60, 8152 }, // 'i'
    { 8, 26, 8, -2, 20, 104, 8212 }, // 'j'
    { 15, 19, 16, 1, 19, 152, 8316 }, // 'k'
    { 5, 19, 8, 1, 19, 57, 8468 }, // 'l'
    { 22, 14, 25, 1, 14, 154, 8525 }, // 'm'
    { 14, 14, 16, 1, 14, 98, 8679 }, // 'n'
    { 14, 14, 15, 1, 14, 98, 8777 }, // 'o'
    { 14, 20, 16, 1, 14, 140, 8875 }, // 'p'
    { 13, 20, 16, 1, 14, 140, 9015 }, // 'q'
    { 10, 14, 11, 1, 14, 70, 9155 }, // 'r'
    { 11, 14, 12, 1, 14, 84, 9225 }, // 's'
    { 11, 17, 11, 0, 17, 102, 9309 }, // 't'
    { 14, 14, 16, 1, 14, 98, 9411 }, // 'u'
    { 15, 14, 14, 0, 14, 112, 9509 }, // 'v'
    { 22, 14, 21, 0, 14, 154, 9621 }, // 'w'
    { 15, 14, 14, 0, 14, 112, 9775 }, // 'x'
    { 15, 20, 14, 0, 14, 160, 9887 }, // 'y'
    { 12, 14, 12, 0, 14, 84, 10047 }, // 'z'
    { 9, 22, 10, 0, 18, 110, 10131 }, // '{'
    { 4, 25, 14, 5, 19, 50, 10241 }, // '|'
    { 9, 22, 10, 1, 18, 110, 10291 }, // '}'
    { 13, 4, 14, 1, 11, 28, 10401 }, // '~'
    { 0, 0, 7, 0, 0, 0, 10429 }, // ' '
    { 5, 19, 7, 1, 14, 57, 10429 }, // '¡'
    { 12, 18, 14, 1, 18, 108, 10486 }, // '¢'
    { 13, 18, 14, 1, 18, 126, 10594 }, // '£'
    { 12, 13, 14, 1, 15, 78, 10720 }, // '¤'
    { 15, 18, 14, 0, 18, 144, 10798 }, // '¥'
    { 4, 25, 14, 5, 19, 50, 10942 }, // '¦'
    { 10, 19, 12, 1, 19, 95, 10992 }, // '§'
    { 9, 4, 15, 3, 20, 20, 11087 }, // '¨'
    { 19, 18, 21, 1, 18, 180, 11107 }, // '©'
    { 9, 9, 10, 0, 18, 45, 11287 }, // 'ª'
    { 14, 11, 15, 1, 12, 77, 11332 }, // '«'
    { 13, 7, 14, 1, 10, 49, 11409 }, // '¬'
    { 8, 4, 8, 0, 9, 16, 11458 }, // '­'
    { 19, 18, 21, 1, 18, 180, 11474 }, // '®'
    { 14, 3, 13, -1, 22, 21, 11654 }, // '¯'
    { 10, 8, 11, 0, 18, 40, 11675 }, // '°'
    { 13, 16, 14, 1, 16, 112, 11715 }, // '±'
    { 9, 11, 9, 0, 21, 55, 11827 }, // '²'
    { 9, 11, 9, 0, 21, 55, 11882 }, // '³'
    { 8, 4, 9, 1, 19, 16, 11937 }, // '´'
    { 14, 20, 17, 1, 14, 140, 11953 }, // 'µ'
    { 14, 22, 16, 1, 19, 154, 12093 }, // '¶'
    { 5, 5, 7, 1, 12, 15, 12247 }, // '·'
    { 7, 6, 5, -1, 0, 24, 12262 }, // '¸'
    { 7, 11, 9, 1, 21, 44, 12286 }, // '¹'
    { 9, 9, 10, 0, 18, 45, 12330 }, // 'º'
    { 14, 11, 15, 1, 12, 77, 12375 }, // '»'
    { 21, 18, 21, 0, 18, 198, 12452 }, // '¼'
    { 21, 18, 22, 0, 18, 198, 12650 }, // '½'
    { 20, 18, 21, 1, 18, 180, 12848 }, // '¾'
    { 12, 19, 12, 0, 14, 114, 13028 }, // '¿'
    { 18, 23, 17, 0, 23, 207, 13142 }, // 'À'
    { 18, 23, 17, 0, 23, 207, 13349 }, // 'Á'
    { 18, 23, 17, 0, 23, 207, 13556 }, // 'Â'
    { 18, 23, 17, 0, 23, 207, 13763 }, // 'Ã'
    { 18, 24, 17, 0, 24, 216, 13970 }, // 'Ä'
    { 18, 22, 17, 0, 22, 198, 14186 }, // 'Å'
    { 23, 18, 24, 0, 18, 216, 14384 }, // 'Æ'
    { 15, 24, 16, 1, 18, 192, 14600 }, // 'Ç'
    { 11, 23, 14, 2, 23, 138, 14792 }, // 'È'
    { 11, 23, 14, 2, 23, 138, 14930 }, // 'É'
    { 11, 23, 14, 2, 23, 138, 15068 }, // 'Ê'
    { 11, 24, 14, 2, 24, 144, 15206 }, // 'Ë'
    { 9, 23, 8, -2, 23, 115, 15350 }, // 'Ì'
    { 8, 23, 8, 2, 23, 92, 15465 }, // 'Í'
    { 12, 23, 8, -2, 23, 138, 15557 }, // 'Î'
    { 10, 24, 8, -1, 24, 120, 15695 }, // 'Ï'
    { 18, 18, 19, 0, 18, 162, 15815 }, // 'Ð'
    { 17, 23, 20, 2, 23, 207, 15977 }, // 'Ñ'
    { 18, 23, 20, 1, 23, 207, 16184 }, // 'Ò'
    { 18, 23, 20, 1, 23, 207, 16391 }, // 'Ó'
    { 18, 23, 20, 1, 23, 207, 16598 }, // 'Ô'
    { 18, 23, 20, 1, 23, 207, 16805 }, // 'Õ'
    { 18, 24, 20, 1, 24, 216, 17012 }, // 'Ö'
    { 12, 11, 14, 1, 14, 66, 17228 }, // '×'
    { 18, 20, 20, 1, 19, 180, 17294 }, // 'Ø'
    { 15, 23, 19, 2, 23, 184, 17474 }, // 'Ù'
    { 15, 23, 19, 2, 23, 184, 17658 }, // 'Ú'
    { 15, 23, 19, 2, 23, 184, 17842 }, // 'Û'
    { 15, 24, 19, 2, 24, 192, 18026 }, // 'Ü'
    { 16, 23, 16, 0, 23, 184, 18218 }, // 'Ý'
    { 13, 18, 16, 2, 18, 126, 18402 }, // 'Þ'
    { 16, 19, 18, 1, 19, 152, 18528 }, // 'ß'
    { 13, 19, 15, 1, 19, 133, 18680 }, // 'à'
    { 13, 19, 15, 1, 19, 133, 18813 }, // 'á'
    { 13, 19, 15, 1, 19, 133, 18946 }, // 'â'
    { 13, 19, 15, 1, 19, 133, 19079 }, // 'ã'
    { 13, 20, 15, 1, 20, 140, 19212 }, // 'ä'
    { 13, 22, 15, 1, 22, 154, 19352 }, // 'å'
    { 21, 14, 23, 1, 14, 154, 19506 }, // 'æ'
    { 12, 20, 13, 1, 14, 120, 19660 }, // 'ç'
    { 13, 19, 15, 1, 19, 133, 19780 }, // 'è'
    { 13, 19, 15, 1, 19, 133, 19913 }, // 'é'
    { 13, 19, 15, 1, 19, 133, 20046 }, // 'ê'
    { 13, 20, 15, 1, 20, 140, 20179 }, // 'ë'
    { 8, 19, 8, -1, 19, 76, 20319 }, // 'ì'
    { 8, 19, 8, 1, 19, 76, 20395 }, // 'í'
    { 12, 19, 8, -2, 19, 114, 20471 }, // 'î'
    { 10, 20, 8, -1, 20, 100, 20585 }, // 'ï'
    { 14, 19, 15, 1, 19, 133, 20685 }, // 'ð'
    { 14, 19, 16, 1, 19, 133, 20818 }, // 'ñ'
    { 14, 19, 15, 1, 19, 133, 20951 }, // 'ò'
    { 14, 19, 15, 1, 19, 133, 21084 }, // 'ó'
    { 14, 19, 15, 1, 19, 133, 21217 }, // 'ô'
    { 14, 19, 15, 1, 19, 133, 21350 }, // 'õ'
    { 14, 20, 15, 1, 20, 140, 21483 }, // 'ö'
    { 13, 13, 14, 1, 15, 91, 21623 }, // '÷'
    { 14, 16, 15, 1, 15, 112, 21714 }, // 'ø'
    { 14, 19, 16, 1, 19, 133, 21826 }, // 'ù'
    { 14, 19, 16, 1, 19, 133, 21959 }, // 'ú'
    { 14, 19, 16, 1, 19, 133, 22092 }, // 'û'
    { 14, 20, 16, 1, 20, 140, 22225 }, // 'ü'
    { 15, 25, 14, 0, 19, 200, 22365 }, // 'ý'
    { 14, 25, 16, 1, 19, 175, 22565 }, // 'þ'
    { 15, 26, 14, 0, 20, 208, 22740 }, // 'ÿ'
    { 11, 24, 14, 2, 24, 144, 22948 }, // 'Ё'
    { 18, 18, 17, 0, 18, 162, 23092 }, // 'А'
    { 13, 18, 16, 2, 18, 126, 23254 }, // 'Б'
    { 14, 18, 17, 2, 18, 126, 23380 }, // 'В'
    { 12, 18, 14, 2, 18, 108, 23506 }, // 'Г'
    { 19, 23, 19, 0, 18, 230, 23614 }, // 'Д'
    { 11, 18, 14, 2, 18, 108, 23844 }, // 'Е'
    { 24, 18, 24, 0, 18, 216, 23952 }, // 'Ж'
    { 15, 18, 16, 1, 18, 144, 24168 }, // 'З'
    { 17, 18, 21, 2, 18, 162, 24312 }, // 'И'
    { 17, 23, 21, 2, 23, 207, 24474 }, // 'Й'
    { 15, 18, 17, 2, 18, 144, 24681 }, // 'К'
    { 17, 18, 19, 0, 18, 162, 24825 }, // 'Л'
    { 20, 18, 24, 2, 18, 180, 24987 }, // 'М'
    { 15, 18, 19, 2, 18, 144, 25167 }, // 'Н'
    { 18, 18, 20, 1, 18, 162, 25311 }, // 'О'
    { 15, 18, 19, 2, 18, 144, 25473 }, // 'П'
    { 13, 18, 16, 2, 18, 126, 25617 }, // 'Р'
    { 15, 18, 16, 1, 18, 144, 25743 }, // 'С'
    { 14, 18, 14, 0, 18, 126, 25887 }, // 'Т'
    { 17, 18, 17, 0, 18, 162, 26013 }, // 'У'
    { 20, 18, 22, 1, 18, 180, 26175 }, // 'Ф'
    { 17, 18, 17, 0, 18, 162, 26355 }, // 'Х'
    { 18, 23, 20, 2, 18, 207, 26517 }, // 'Ц'
    { 15, 18, 18, 1, 18, 144, 26724 }, // 'Ч'
    { 23, 18, 27, 2, 18, 216, 26868 }, // 'Ш'
    { 26, 23, 28, 2, 18, 299, 27084 }, // 'Щ'
    { 18, 18, 18, 0, 18, 162, 27383 }, // 'Ъ'
    { 19, 18, 23, 2, 18, 180, 27545 }, // 'Ы'
    { 13, 18, 16, 2, 18, 126, 27725 }, // 'Ь'
    { 16, 18, 17, 0, 18, 144, 27851 }, // 'Э'
    { 24, 18, 27, 2, 18, 216, 27995 }, // 'Ю'
    { 16, 18, 17, -1, 18, 144, 28211 }, // 'Я'
    { 13, 14, 15, 1, 14, 98, 28355 }, // 'а'
    { 14, 19, 16, 1, 19, 133, 28453 }, // 'б'
    { 14, 14, 16, 1, 14, 98, 28586 }, // 'в'
    { 11, 14, 12, 1, 14, 84, 28684 }, // 'г'
    { 17, 19, 17, 0, 14, 171, 28768 }, // 'д'
    { 13, 14, 15, 1, 14, 98, 28939 }, // 'е'
    { 22, 14, 22, 0, 14, 154, 29037 }, // 'ж'
    { 13, 14, 14, 0, 14, 98, 29191 }, // 'з'
    { 16, 14, 18, 1, 14, 112, 29289 }, // 'и'
    { 16, 19, 18, 1, 19, 152, 29401 }, // 'й'
    { 15, 14, 15, 1, 14, 112, 29553 }, // 'к'
    { 15, 14, 16, 0, 14, 112, 29665 }, // 'л'
    { 19, 14, 21, 1, 14, 140, 29777 }, // 'м'
    { 14, 14, 17, 1, 14, 98, 29917 }, // 'н'
    { 14, 14, 15, 1, 14, 98, 30015 }, // 'о'
    { 14, 14, 16, 1, 14, 98, 30113 }, // 'п'
    { 14, 20, 16, 1, 14, 140, 30211 }, // 'р'
    { 12, 14, 13, 1, 14, 84, 30351 }, // 'с'
    { 14, 14, 14, 0, 14, 98, 30435 }, // 'т'
    { 15, 20, 14, 0, 14, 160, 30533 }, // 'у'
    { 19, 25, 20, 1, 19, 250, 30693 }, // 'ф'
    { 15, 14, 14, 0, 14, 112, 30943 }, // 'х'
    { 16, 19, 17, 1, 14, 152, 31055 }, // 'ц'
    { 14, 14, 16, 1, 14, 98, 31207 }, // 'ч'
    { 22, 14, 24, 1, 14, 154, 31305 }, // 'ш'
    { 24, 19, 25, 1, 14, 228, 31459 }, // 'щ'
    { 17, 14, 18, 0, 14, 126, 31687 }, // 'ъ'
    { 19, 14, 21, 1, 14, 140, 31813 }, // 'ы'
    { 14, 14, 15, 1, 14, 98, 31953 }, // 'ь'
    { 12, 14, 13, 0, 14, 84, 32051 }, // 'э'
    { 20, 14, 22, 1, 14, 140, 32135 }, // 'ю'
    { 13, 14, 15, 0, 14, 98, 32275 }, // 'я'
    { 13, 20, 15, 1, 20, 140, 32373 }, // 'ё'
    { 11, 3, 13, 1, 8, 18, 32513 }, // '–'
    { 23, 3, 25, 1, 8, 36, 32531 }, // '—'
    { 23, 3, 25, 1, 8, 36, 32567 }, // '―'
    { 12, 6, 10, -1, 0, 36, 32603 }, // '‗'
    { 6, 6, 5, 0, 18, 18, 32639 }, // '‘'
    { 6, 6, 5, 0, 18, 18, 32657 }, // '’'
    { 6, 6, 7, 0, 3, 18, 32675 }, // '‚'
    { 6, 6, 5, 0, 18, 18, 32693 }, // '‛'
    { 11, 6, 11, 0, 18, 36, 32711 }, // '“'
    { 11, 6, 11, 0, 18, 36, 32747 }, // '”'
    { 12, 6, 13, 0, 3, 36, 32783 }, // '„'
    { 11, 19, 13, 1, 19, 114, 32819 }, // '†'
    { 11, 19, 13, 1, 19, 114, 32933 }, // '‡'
    { 8, 8, 9, 1, 13, 32, 33047 }, // '•'
    { 19, 5, 21, 1, 5, 50, 33079 }, // '…'
    { 32, 18, 32, 0, 18, 288, 33129 }, // '‰'
    { 7, 6, 8, 1, 18, 24, 33417 }, // '′'
    { 13, 6, 13, 1, 18, 42, 33441 }, // '″'
    { 8, 11, 9, 1, 12, 44, 33483 }, // '‹'
    { 8, 11, 9, 1, 12, 44, 33527 }, // '›'
    { 12, 18, 14, 1, 18, 108, 33571 }, // '‼'
    { 14, 18, 3, -5, 18, 126, 33679 }, // '⁄'
};
const UnicodeInterval OpenSans12BIntervals[] = {
    { 0x20, 0x7E, 0x0 },
    { 0xA0, 0xFF, 0x5F },
    { 0x401, 0x401, 0xBF },
    { 0x410, 0x44F, 0xC0 },
    { 0x451, 0x451, 0x100 },
    { 0x2010, 0x205F, 0x101 },
};
const GFXfont OpenSans12B = {
    (uint8_t*)OpenSans12BBitmaps,
    (GFXglyph*)OpenSans12BGlyphs,
    (UnicodeInterval*)OpenSans12BIntervals,
    6,
    0,
    34,
    27,
    -8,
};
