#pragma once
#include "epd_driver.h"
const uint8_t OpenSans8BBitmaps[16234] = {
    0xF0, 0xDF, 0xE0, 0xCF, 0xD0, 0xBF, 0xC0, 0xAF, 0xB0, 0x9F, 0xA0, 0x8F, 0x90, 0x7F, 0x00, 0x00,
    0x00, 0x00, 0x70, 0x6C, 0xF0, 0xDF, 0xA0, 0x8F, 0xFD, 0x56, 0xEF, 0xFC, 0x44, 0xCF, 0xFB, 0x23,
    0xBF, 0xF9, 0x11, 0x9F, 0x00, 0x10, 0xBF, 0x90, 0x2F, 0x00, 0x00, 0x40, 0x8F, 0xD0, 0x0F, 0x00,
    0x00, 0x70, 0x5F, 0xF0, 0x0C, 0x00, 0xB0, 0xEB, 0xCF, 0xFC, 0xBE, 0x07, 0xF0, 0xFF, 0xFF, 0xFF,
    0xFF, 0x09, 0x00, 0xF0, 0x0C, 0xF9, 0x03, 0x00, 0x00, 0xF3, 0x09, 0xFC, 0x00, 0x00, 0xFA, 0xFF,
    0xFF, 0xFF, 0xFF, 0x00, 0xB7, 0xFE, 0xCB, 0xDF, 0xBB, 0x00, 0x00, 0xFC, 0x60, 0x6F, 0x00, 0x00,
    0x00, 0xCF, 0x90, 0x3F, 0x00, 0x00, 0x20, 0x9F, 0xC0, 0x0F, 0x00, 0x00, 0x00, 0x00, 0x7B, 0x00,
    0x00, 0x00, 0xD8, 0xFF, 0xBE, 0x05, 0xC0, 0xFF, 0xFF, 0xFF, 0x09, 0xF3, 0x7F, 0x7B, 0x73, 0x02,
    0xF3, 0x8F, 0x7B, 0x00, 0x00, 0xC0, 0xFF, 0xAF, 0x01, 0x00, 0x10, 0xF9, 0xFF, 0x9F, 0x00, 0x00,
    0x20, 0xFD, 0xFF, 0x0A, 0x00, 0x00, 0x7B, 0xFB, 0x0F, 0x93, 0x04, 0x7B, 0xFA, 0x0F, 0xF4, 0xFF,
    0xFF, 0xFF, 0x08, 0x91, 0xFC, 0xFF, 0x6C, 0x00, 0x00, 0x00, 0x7B, 0x00, 0x00, 0x00, 0x00, 0x7B,
    0x00, 0x00, 0x40, 0xFD, 0x2C, 0x00, 0x40, 0xBF, 0x00, 0x00, 0xF1, 0xDF, 0xCF, 0x00, 0xD0, 0x2F,
    0x00, 0x00, 0xF5, 0x0C, 0xFE, 0x02, 0xF6, 0x09, 0x00, 0x00, 0xF7, 0x0A, 0xFD, 0x04, 0xFE, 0x01,
    0x00, 0x00, 0xF7, 0x0A, 0xFD, 0x84, 0x8F, 0xFA, 0x7E, 0x00, 0xF5, 0x0C, 0xFE, 0xF4, 0x8E, 0xEF,
    0xFF, 0x04, 0xE0, 0xDF, 0xCF, 0xFA, 0xD5, 0x4F, 0xF7, 0x0A, 0x40, 0xFD, 0x5C, 0xCF, 0xF0, 0x2F,
    0xF5, 0x0C, 0x00, 0x00, 0xC0, 0x3F, 0xF0, 0x2F, 0xF5, 0x0C, 0x00, 0x00, 0xF5, 0x0A, 0xD0, 0x4F,
    0xF7, 0x0A, 0x00, 0x00, 0xFD, 0x02, 0x70, 0xEF, 0xFF, 0x04, 0x00, 0x70, 0x8F, 0x00, 0x00, 0xF9,
    0x8E, 0x00, 0x00, 0xA1, 0xFE, 0x6D, 0x00, 0x00, 0x00, 0x00, 0xFD, 0xFF, 0xFF, 0x05, 0x00, 0x00,
    0x30, 0xFF, 0x04, 0xFD, 0x0A, 0x00, 0x00, 0x30, 0xFF, 0x02, 0xFD, 0x09, 0x00, 0x00, 0x00, 0xFE,
    0xBB, 0xFF, 0x02, 0x00, 0x00, 0x00, 0xF5, 0xFF, 0x4E, 0x00, 0x00, 0x00, 0x40, 0xFE, 0xFF, 0x0A,
    0x90, 0xFF, 0x01, 0xE1, 0xDF, 0xF6, 0xBF, 0xE1, 0xAF, 0x00, 0xF4, 0x6F, 0x30, 0xFE, 0xFF, 0x2F,
    0x00, 0xF3, 0xCF, 0x23, 0xF6, 0xFF, 0x07, 0x00, 0xC0, 0xFF, 0xFF, 0xFF, 0xFF, 0x3E, 0x00, 0x00,
    0xD7, 0xFF, 0x9D, 0xC3, 0xFF, 0x04, 0xFD, 0x06, 0xFC, 0x04, 0xFB, 0x03, 0xF9, 0x01, 0x00, 0xF3,
    0x0E, 0x00, 0xFD, 0x05, 0x50, 0xEF, 0x00, 0xB0, 0x8F, 0x00, 0xF0, 0x4F, 0x00, 0xF2, 0x0F, 0x00,
    0xF4, 0x0F, 0x00, 0xF4, 0x0E, 0x00, 0xF4, 0x0E, 0x00, 0xF2, 0x0F, 0x00, 0xF0, 0x3F, 0x00, 0xB0,
    0x8F, 0x00, 0x50, 0xDF, 0x00, 0x00, 0xFD, 0x05, 0x00, 0xF3, 0x0D, 0xF2, 0x1E, 0x00, 0x90, 0x9F,
    0x00, 0x20, 0xFF, 0x01, 0x00, 0xFC, 0x07, 0x00, 0xF7, 0x0B, 0x00, 0xF4, 0x0E, 0x00, 0xF2, 0x0F,
    0x00, 0xF2, 0x1F, 0x00, 0xF2, 0x0F, 0x00, 0xF4, 0x0E, 0x00, 0xF7, 0x0C, 0x00, 0xFB, 0x07, 0x10,
    0xFF, 0x02, 0x90, 0x9F, 0x00, 0xF2, 0x1E, 0x00, 0x00, 0x60, 0xAF, 0x00, 0x00, 0x00, 0x40, 0x8F,
    0x00, 0x00, 0x92, 0x35, 0x7F, 0x83, 0x06, 0xF5, 0xFF, 0xFF, 0xFF, 0x0A, 0x62, 0xE7, 0xFF, 0x68,
    0x03, 0x00, 0xF6, 0xFD, 0x0A, 0x00, 0x20, 0xFF, 0xD2, 0x6F, 0x00, 0x10, 0x98, 0x50, 0x2B, 0x00,
    0x00, 0x00, 0x00, 0x00, 0x00, 0x00, 0x00, 0x01, 0x00, 0x00, 0x00, 0x10, 0xCF, 0x00, 0x00, 0x00,
    0x10, 0xCF, 0x00, 0x00, 0x00, 0x10, 0xCF, 0x00, 0x00, 0xD3, 0xDD, 0xFF, 0xDD, 0x0C, 0xF4, 0xFF,
    0xFF, 0xFF, 0x0F, 0x00, 0x10, 0xCF, 0x00, 0x00, 0x00, 0x10, 0xCF, 0x00, 0x00, 0x00, 0x10, 0xCF,
    0x00, 0x00, 0x00, 0x00, 0x23, 0x00, 0x00, 0xB0, 0xBF, 0xE0, 0x6F, 0xF2, 0x0F, 0xF5, 0x09, 0x10,
    0x11, 0x01, 0xF8, 0xFF, 0x0F, 0xF8, 0xFF, 0x0F, 0x70, 0x6C, 0xF0, 0xDF, 0xA0, 0x8F, 0x00, 0x00,
    0xF8, 0x0C, 0x00, 0x00, 0xFE, 0x06, 0x00, 0x40, 0xFF, 0x00, 0x00, 0xA0, 0x9F, 0x00, 0x00, 0xF1,
    0x4F, 0x00, 0x00, 0xF7, 0x0D, 0x00, 0x00, 0xFD, 0x07, 0x00, 0x30, 0xFF, 0x01, 0x00, 0x90, 0xBF,
    0x00, 0x00, 0xE0, 0x5F, 0x00, 0x00, 0xF5, 0x0F, 0x00, 0x00, 0xFB, 0x09, 0x00, 0x00, 0x00, 0xD5,
    0xFF, 0x2A, 0x00, 0x50, 0xFF, 0xFF, 0xEF, 0x01, 0xD0, 0xDF, 0x42, 0xFF, 0x08, 0xF2, 0x6F, 0x00,
    0xFB, 0x0D, 0xF4, 0x3F, 0x00, 0xF8, 0x0F, 0xF6, 0x2F, 0x00, 0xF7, 0x1F, 0xF6, 0x2F, 0x00, 0xF7,
    0x1F, 0xF4, 0x3F, 0x00, 0xF8, 0x0F, 0xF2, 0x6F, 0x00, 0xFB, 0x0D, 0xD0, 0xDF, 0x42, 0xFF, 0x09,
    0x40, 0xFF, 0xFF, 0xFF, 0x01, 0x00, 0xC4, 0xFF, 0x2B, 0x00, 0x00, 0xA0, 0xFF, 0x00, 0x00, 0xFB,
    0xFF, 0x00, 0xC1, 0xFF, 0xFF, 0x00, 0xFC, 0x8C, 0xFF, 0x00, 0xB3, 0x80, 0xFF, 0x00, 0x00, 0x80,
    0xFF, 0x00, 0x00, 0x80, 0xFF, 0x00, 0x00, 0x80, 0xFF, 0x00, 0x00, 0x80, 0xFF, 0x00, 0x00, 0x80,
    0xFF, 0x00, 0x00, 0x80, 0xFF, 0x00, 0x00, 0x80, 0xFF, 0x00, 0x00, 0xD8, 0xFF, 0x4C, 0x00, 0xD1,
    0xFF, 0xFF, 0xFF, 0x04, 0xB0, 0x7F, 0x42, 0xFF, 0x0B, 0x00, 0x01, 0x00, 0xFB, 0x0C, 0x00, 0x00,
    0x00, 0xFE, 0x09, 0x00, 0x00, 0x90, 0xFF, 0x02, 0x00, 0x00, 0xF8, 0x5F, 0x00, 0x00, 0x80, 0xFF,
    0x05, 0x00, 0x00, 0xF8, 0x4F, 0x00, 0x00, 0x90, 0xFF, 0x25, 0x22, 0x02, 0xF4, 0xFF, 0xFF, 0xFF,
    0x2F, 0xF5, 0xFF, 0xFF, 0xFF, 0x2F, 0x40, 0xEB, 0xFF, 0x4B, 0x00, 0xF1, 0xFF, 0xFF, 0xFF, 0x04,
    0x70, 0x39, 0x51, 0xFF, 0x0A, 0x00, 0x00, 0x00, 0xFD, 0x09, 0x00, 0x00, 0x60, 0xFF, 0x03, 0x00,
    0xF7, 0xFF, 0x3B, 0x00, 0x00, 0xF7, 0xFF, 0xBF, 0x02, 0x00, 0x00, 0x40, 0xFE, 0x0C, 0x00, 0x00,
    0x00, 0xFA, 0x0F, 0x74, 0x13, 0x51, 0xFF, 0x0E, 0xF5, 0xFF, 0xFF, 0xFF, 0x05, 0xA2, 0xFD, 0xEF,
    0x3B, 0x00, 0x00, 0x00, 0xB0, 0xFF, 0x00, 0x00, 0x00, 0xF5, 0xFF, 0x00, 0x00, 0x10, 0xFE, 0xFF,
    0x00, 0x00, 0xA0, 0xBF, 0xFF, 0x00, 0x00, 0xF4, 0x7A, 0xFF, 0x00, 0x00, 0xFE, 0x81, 0xFF, 0x00,
    0x90, 0x7F, 0x80, 0xFF, 0x00, 0xF3, 0x0D, 0x80, 0xFF, 0x00, 0xFB, 0xFF, 0xFF, 0xFF, 0x6F, 0xFB,
    0xFF, 0xFF, 0xFF, 0x7F, 0x00, 0x00, 0x80, 0xFF, 0x00, 0x00, 0x00, 0x80, 0xFF, 0x00, 0x80, 0xFF,
    0xFF, 0xFF, 0x01, 0x90, 0xFF, 0xFF, 0xFF, 0x01, 0xA0, 0xCF, 0x22, 0x22, 0x00, 0xB0, 0xAF, 0x00,
    0x00, 0x00, 0xD0, 0xFF, 0xFF, 0x4C, 0x00, 0xD0, 0xFF, 0xFF, 0xFF, 0x04, 0x10, 0x14, 0x72, 0xFF,
    0x0C, 0x00, 0x00, 0x00, 0xFB, 0x0E, 0x00, 0x00, 0x00, 0xFB, 0x0E, 0x92, 0x24, 0x72, 0xFF, 0x09,
    0xF2, 0xFF, 0xFF, 0xEF, 0x02, 0x91, 0xFD, 0xEF, 0x19, 0x00, 0x00, 0x50, 0xEB, 0xFF, 0x04, 0x00,
    0xFA, 0xFF, 0xFF, 0x05, 0x70, 0xFF, 0x27, 0x10, 0x00, 0xE0, 0x7F, 0x00, 0x00, 0x00, 0xF2, 0x4F,
    0xFC, 0x8E, 0x00, 0xF5, 0xEF, 0xFF, 0xFF, 0x09, 0xF6, 0xBF, 0x01, 0xFB, 0x0F, 0xF6, 0x2F, 0x00,
    0xF5, 0x2F, 0xF3, 0x4F, 0x00, 0xF6, 0x1F, 0xE0, 0xDF, 0x22, 0xFD, 0x0E, 0x50, 0xFF, 0xFF, 0xFF,
    0x05, 0x00, 0xC4, 0xFF, 0x4C, 0x00, 0xF8, 0xFF, 0xFF, 0xFF, 0x2F, 0xF8, 0xFF, 0xFF, 0xFF, 0x2F,
    0x21, 0x22, 0x22, 0xFC, 0x0C, 0x00, 0x00, 0x30, 0xFF, 0x05, 0x00, 0x00, 0xA0, 0xEF, 0x00, 0x00,
    0x00, 0xF2, 0x7F, 0x00, 0x00, 0x00, 0xF9, 0x0F, 0x00, 0x00, 0x10, 0xFF, 0x09, 0x00, 0x00, 0x70,
    0xFF, 0x02, 0x00, 0x00, 0xE0, 0xBF, 0x00, 0x00, 0x00, 0xF6, 0x3F, 0x00, 0x00, 0x00, 0xFD, 0x0C,
    0x00, 0x00, 0x00, 0xD7, 0xFF, 0x5C, 0x00, 0xA0, 0xFF, 0xFE, 0xFF, 0x05, 0xF0, 0x9F, 0x00, 0xFD,
    0x0B, 0xE0, 0x8F, 0x00, 0xFC, 0x0A, 0x70, 0xFF, 0xB9, 0xFF, 0x02, 0x00, 0xF8, 0xFF, 0x2E, 0x00,
    0x40, 0xFF, 0xFE, 0xCF, 0x01, 0xF1, 0x8F, 0x30, 0xFD, 0x0B, 0xF6, 0x0F, 0x00, 0xF5, 0x1F, 0xF5,
    0x5F, 0x00, 0xF9, 0x0F, 0xD0, 0xFF, 0xFE, 0xFF, 0x08, 0x10, 0xE9, 0xFF, 0x6C, 0x00, 0x00, 0xD7,
    0xEF, 0x2A, 0x00, 0xA0, 0xFF, 0xFF, 0xEF, 0x01, 0xF2, 0xAF, 0x41, 0xFF, 0x0A, 0xF6, 0x1F, 0x00,
    0xF9, 0x0F, 0xF7, 0x1F, 0x00, 0xF7, 0x1F, 0xF4, 0x7F, 0x20, 0xFE, 0x1F, 0xD0, 0xFF, 0xFF, 0xFE,
    0x0F, 0x20, 0xFB, 0xAF, 0xF7, 0x0E, 0x00, 0x00, 0x00, 0xFB, 0x09, 0x10, 0x00, 0xA3, 0xFF, 0x02,
    0x90, 0xFF, 0xFF, 0x6F, 0x00, 0x90, 0xFF, 0xAE, 0x03, 0x00, 0xA0, 0x8F, 0xF0, 0xDF, 0x80, 0x6C,
    0x00, 0x00, 0x00, 0x00, 0x00, 0x00, 0x70, 0x6C, 0xF0, 0xDF, 0xA0, 0x8F, 0xA0, 0x8F, 0xF0, 0xDF,
    0x80, 0x6C, 0x00, 0x00, 0x00, 0x00, 0x00, 0x00, 0x00, 0x00, 0xB0, 0xBF, 0xE0, 0x6F, 0xF2, 0x0F,
    0xF5, 0x09, 0x00, 0x00, 0x00, 0x40, 0x0B, 0x00, 0x00, 0x40, 0xFC, 0x0F, 0x00, 0x40, 0xFC, 0xAF,
    0x03, 0x40, 0xFC, 0x9F, 0x02, 0x00, 0xF3, 0xCF, 0x01, 0x00, 0x00, 0xB1, 0xFF, 0x6D, 0x00, 0x00,
    0x00, 0x92, 0xFF, 0x9F, 0x02, 0x00, 0x00, 0x71, 0xFE, 0x0F, 0x00, 0x00, 0x00, 0x50, 0x0C, 0xC3,
    0xCC, 0xCC, 0xCC, 0x0C, 0xF4, 0xFF, 0xFF, 0xFF, 0x0F, 0x00, 0x00, 0x00, 0x00, 0x00, 0xF4, 0xFF,
    0xFF, 0xFF, 0x0F, 0xD3, 0xDD, 0xDD, 0xDD, 0x0C, 0x93, 0x02, 0x00, 0x00, 0x00, 0xF4, 0x9F, 0x02,
    0x00, 0x00, 0x50, 0xFD, 0x9F, 0x02, 0x00, 0x00, 0x40, 0xFC, 0x9F, 0x01, 0x00, 0x00, 0x40, 0xFE,
    0x0F, 0x00, 0x20, 0xE8, 0xFF, 0x08, 0x40, 0xFB, 0xDF, 0x07, 0x00, 0xF4, 0xCF, 0x05, 0x00, 0x00,
    0xA4, 0x03, 0x00, 0x00, 0x00, 0x92, 0xFD, 0xCF, 0x05, 0xFB, 0xFF, 0xFF, 0x4F, 0x93, 0x14, 0xE2,
    0xAF, 0x00, 0x00, 0xC0, 0xAF, 0x00, 0x00, 0xF9, 0x3F, 0x00, 0xC0, 0xEF, 0x04, 0x00, 0xF8, 0x1D,
    0x00, 0x00, 0xFB, 0x08, 0x00, 0x00, 0x00, 0x00, 0x00, 0x00, 0xC7, 0x06, 0x00, 0x00, 0xFF, 0x0E,
    0x00, 0x00, 0xF9, 0x09, 0x00, 0x00, 0x00, 0x92, 0xFD, 0xEF, 0x3A, 0x00, 0x00, 0x00, 0x80, 0xFF,
    0x9C, 0xB9, 0xFF, 0x08, 0x00, 0x00, 0xF9, 0x2B, 0x00, 0x00, 0xC2, 0x6F, 0x00, 0x40, 0xBF, 0x40,
    0xFC, 0xDF, 0x1A, 0xFF, 0x00, 0xB0, 0x2F, 0xF4, 0x9F, 0xF8, 0x0E, 0xF9, 0x04, 0xF0, 0x0D, 0xFD,
    0x04, 0xF0, 0x0E, 0xF7, 0x06, 0xF2, 0x0B, 0xFF, 0x00, 0xF1, 0x0D, 0xF7, 0x05, 0xF2, 0x0B, 0xFF,
    0x00, 0xF4, 0x0D, 0xFA, 0x02, 0xF0, 0x0E, 0xF9, 0x8C, 0xFE, 0x9F, 0xBF, 0x00, 0xB0, 0x5F, 0x90,
    0xFF, 0x2A, 0xFD, 0x1B, 0x00, 0x20, 0xFF, 0x05, 0x00, 0x00, 0x21, 0x00, 0x00, 0x00, 0xF4, 0xDF,
    0x9A, 0xCA, 0x7F, 0x00, 0x00, 0x00, 0x10, 0xC8, 0xFF, 0xDF, 0x29, 0x00, 0x00, 0x00, 0x00, 0xFE,
    0x9F, 0x00, 0x00, 0x00, 0x40, 0xFF, 0xEF, 0x00, 0x00, 0x00, 0x90, 0xBF, 0xFE, 0x05, 0x00, 0x00,
    0xF0, 0x6F, 0xFA, 0x0A, 0x00, 0x00, 0xF5, 0x1F, 0xF5, 0x1F, 0x00, 0x00, 0xFA, 0x0B, 0xF0, 0x6F,
    0x00, 0x10, 0xFF, 0x28, 0xB2, 0xCF, 0x00, 0x60, 0xFF, 0xFF, 0xFF, 0xFF, 0x01, 0xC0, 0xFF, 0xFF,
    0xFF, 0xFF, 0x07, 0xF1, 0x8F, 0x00, 0x00, 0xFC, 0x0D, 0xF7, 0x3F, 0x00, 0x00, 0xF7, 0x3F, 0xFD,
    0x0E, 0x00, 0x00, 0xF3, 0x8F, 0xF7, 0xFF, 0xFF, 0x8C, 0x00, 0xF7, 0xFF, 0xFF, 0xFF, 0x0C, 0xF7,
    0x3F, 0x31, 0xFC, 0x2F, 0xF7, 0x1F, 0x00, 0xF7, 0x3F, 0xF7, 0x2F, 0x20, 0xFC, 0x0E, 0xF7, 0xFF,
    0xFF, 0xDF, 0x03, 0xF7, 0xFF, 0xFF, 0xFF, 0x09, 0xF7, 0x1F, 0x10, 0xF8, 0x5F, 0xF7, 0x1F, 0x00,
    0xF2, 0x8F, 0xF7, 0x3F, 0x32, 0xFA, 0x6F, 0xF7, 0xFF, 0xFF, 0xFF, 0x0D, 0xF7, 0xFF, 0xFF, 0x9D,
    0x01, 0x00, 0x30, 0xEA, 0xFF, 0x7C, 0x00, 0x00, 0xF5, 0xFF, 0xFF, 0xFF, 0x00, 0x20, 0xFF, 0x6E,
    0x42, 0x89, 0x00, 0x90, 0xFF, 0x04, 0x00, 0x00, 0x00, 0xD0, 0xDF, 0x00, 0x00, 0x00, 0x00, 0xF0,
    0xAF, 0x00, 0x00, 0x00, 0x00, 0xF0, 0xAF, 0x00, 0x00, 0x00, 0x00, 0xE0, 0xCF, 0x00, 0x00, 0x00,
    0x00, 0xA0, 0xFF, 0x02, 0x00, 0x00, 0x00, 0x30, 0xFF, 0x5E, 0x32, 0x86, 0x00, 0x00, 0xF8, 0xFF,
    0xFF, 0xCF, 0x00, 0x00, 0x40, 0xEB, 0xEF, 0x6C, 0x00, 0xF7, 0xFF, 0xEF, 0x6B, 0x00, 0x00, 0xF7,
    0xFF, 0xFF, 0xFF, 0x1C, 0x00, 0xF7, 0x3F, 0x31, 0xFA, 0xBF, 0x00, 0xF7, 0x1F, 0x00, 0xA0, 0xFF,
    0x03, 0xF7, 0x1F, 0x00, 0x30, 0xFF, 0x07, 0xF7, 0x1F, 0x00, 0x10, 0xFF, 0x09, 0xF7, 0x1F, 0x00,
    0x10, 0xFF, 0x08, 0xF7, 0x1F, 0x00, 0x40, 0xFF, 0x06, 0xF7, 0x1F, 0x00, 0xB0, 0xFF, 0x02, 0xF7,
    0x3F, 0x42, 0xFB, 0xAF, 0x00, 0xF7, 0xFF, 0xFF, 0xFF, 0x0B, 0x00, 0xF7, 0xFF, 0xEF, 0x4A, 0x00,
    0x00, 0xF7, 0xFF, 0xFF, 0x8F, 0xF7, 0xFF, 0xFF, 0x8F, 0xF7, 0x3F, 0x11, 0x01, 0xF7, 0x1F, 0x00,
    0x00, 0xF7, 0x3F, 0x11, 0x01, 0xF7, 0xFF, 0xFF, 0x3F, 0xF7, 0xFF, 0xFF, 0x3F, 0xF7, 0x1F, 0x00,
    0x00, 0xF7, 0x1F, 0x00, 0x00, 0xF7, 0x3F, 0x22, 0x12, 0xF7, 0xFF, 0xFF, 0x8F, 0xF7, 0xFF, 0xFF,
    0x8F, 0xF7, 0xFF, 0xFF, 0x7F, 0xF7, 0xFF, 0xFF, 0x7F, 0xF7, 0x2F, 0x11, 0x01, 0xF7, 0x1F, 0x00,
    0x00, 0xF7, 0x2F, 0x11, 0x01, 0xF7, 0xFF, 0xFF, 0x2F, 0xF7, 0xFF, 0xFF, 0x2F, 0xF7, 0x1F, 0x00,
    0x00, 0xF7, 0x1F, 0x00, 0x00, 0xF7, 0x1F, 0x00, 0x00, 0xF7, 0x1F, 0x00, 0x00, 0xF7, 0x1F, 0x00,
    0x00, 0x00, 0x10, 0xD8, 0xFF, 0xBE, 0x06, 0x00, 0xE4, 0xFF, 0xFF, 0xFF, 0x0A, 0x10, 0xFF, 0x9F,
    0x23, 0x94, 0x03, 0x90, 0xFF, 0x06, 0x00, 0x00, 0x00, 0xD0, 0xEF, 0x00, 0x00, 0x00, 0x00, 0xF0,
    0xAF, 0x00, 0xFD, 0xFF, 0x0F, 0xF0, 0xAF, 0x00, 0xFD, 0xFF, 0x0F, 0xE0, 0xDF, 0x00, 0x21, 0xFA,
    0x0F, 0xA0, 0xFF, 0x03, 0x00, 0xF9, 0x0F, 0x30, 0xFF, 0x6E, 0x22, 0xFA, 0x0F, 0x00, 0xF7, 0xFF,
    0xFF, 0xFF, 0x0F, 0x00, 0x40, 0xEB, 0xFF, 0xBE, 0x06, 0xF7, 0x1F, 0x00, 0x10, 0xFF, 0x07, 0xF7,
    0x1F, 0x00, 0x10, 0xFF, 0x07, 0xF7, 0x1F, 0x00, 0x10, 0xFF, 0x07, 0xF7, 0x1F, 0x00, 0x10, 0xFF,
    0x07, 0xF7, 0x3F, 0x22, 0x32, 0xFF, 0x07, 0xF7, 0xFF, 0xFF, 0xFF, 0xFF, 0x07, 0xF7, 0xFF, 0xFF,
    0xFF, 0xFF, 0x07, 0xF7, 0x1F, 0x00, 0x10, 0xFF, 0x07, 0xF7, 0x1F, 0x00, 0x10, 0xFF, 0x07, 0xF7,
    0x1F, 0x00, 0x10, 0xFF, 0x07, 0xF7, 0x1F, 0x00, 0x10, 0xFF, 0x07, 0xF7, 0x1F, 0x00, 0x10, 0xFF,
    0x07, 0xF7, 0x1F, 0xF7, 0x1F, 0xF7, 0x1F, 0xF7, 0x1F, 0xF7, 0x1F, 0xF7, 0x1F, 0xF7, 0x1F, 0xF7,
    0x1F, 0xF7, 0x1F, 0xF7, 0x1F, 0xF7, 0x1F, 0xF7, 0x1F, 0x00, 0x70, 0xFF, 0x01, 0x00, 0x70, 0xFF,
    0x01, 0x00, 0x70, 0xFF, 0x01, 0x00, 0x70, 0xFF, 0x01, 0x00, 0x70, 0xFF, 0x01, 0x00, 0x70, 0xFF,
    0x01, 0x00, 0x70, 0xFF, 0x01, 0x00, 0x70, 0xFF, 0x01, 0x00, 0x70, 0xFF, 0x01, 0x00, 0x70, 0xFF,
    0x01, 0x00, 0x70, 0xFF, 0x01, 0x00, 0x70, 0xFF, 0x01, 0x00, 0x80, 0xFF, 0x00, 0x31, 0xE4, 0xDF,
    0x00, 0xF4, 0xFF, 0x6F, 0x00, 0xF3, 0xDF, 0x06, 0x00, 0xF7, 0x1F, 0x00, 0xE1, 0xDF, 0x00, 0xF7,
    0x1F, 0x00, 0xFC, 0x2E, 0x00, 0xF7, 0x1F, 0x90, 0xFF, 0x04, 0x00, 0xF7, 0x1F, 0xF6, 0x7F, 0x00,
    0x00, 0xF7, 0x4F, 0xFF, 0x0A, 0x00, 0x00, 0xF7, 0xEF, 0xFF, 0x03, 0x00, 0x00, 0xF7, 0xFF, 0xFF,
    0x0C, 0x00, 0x00, 0xF7, 0x7F, 0xF7, 0x6F, 0x00, 0x00, 0xF7, 0x1F, 0xD0, 0xFF, 0x01, 0x00, 0xF7,
    0x1F, 0x30, 0xFF, 0x0B, 0x00, 0xF7, 0x1F, 0x00, 0xF9, 0x5F, 0x00, 0xF7, 0x1F, 0x00, 0xE0, 0xEF,
    0x01, 0xF7, 0x1F, 0x00, 0x00, 0x00, 0xF7, 0x1F, 0x00, 0x00, 0x00, 0xF7, 0x1F, 0x00, 0x00, 0x00,
    0xF7, 0x1F, 0x00, 0x00, 0x00, 0xF7, 0x1F, 0x00, 0x00, 0x00, 0xF7, 0x1F, 0x00, 0x00, 0x00, 0xF7,
    0x1F, 0x00, 0x00, 0x00, 0xF7, 0x1F, 0x00, 0x00, 0x00, 0xF7, 0x1F, 0x00, 0x00, 0x00, 0xF7, 0x3F,
    0x22, 0x22, 0x00, 0xF7, 0xFF, 0xFF, 0xFF, 0x00, 0xF7, 0xFF, 0xFF, 0xFF, 0x00, 0xF7, 0xFF, 0x03,
    0x00, 0x20, 0xFF, 0x8F, 0xF7, 0xFF, 0x08, 0x00, 0x80, 0xFF, 0x8F, 0xF7, 0xFF, 0x0D, 0x00, 0xD0,
    0xFF, 0x8F, 0xF7, 0xFB, 0x2F, 0x00, 0xF2, 0xDD, 0x8F, 0xF7, 0xAC, 0x7F, 0x00, 0xF7, 0xD8, 0x8F,
    0xF7, 0x5D, 0xCF, 0x00, 0xFD, 0xE3, 0x8F, 0xF7, 0x0D, 0xFF, 0x21, 0xDF, 0xE0, 0x8F, 0xF7, 0x0D,
    0xFB, 0x76, 0x8F, 0xE0, 0x8F, 0xF7, 0x0D, 0xF6, 0xDB, 0x2F, 0xE0, 0x8F, 0xF7, 0x0D, 0xF1, 0xFF,
    0x0D, 0xE0, 0x8F, 0xF7, 0x0D, 0xC0, 0xFF, 0x08, 0xE0, 0x8F, 0xF7, 0x0D, 0x70, 0xFF, 0x02, 0xE0,
    0x8F, 0xF7, 0xFF, 0x01, 0x00, 0xF0, 0x4F, 0xF7, 0xFF, 0x0A, 0x00, 0xF0, 0x4F, 0xF7, 0xFF, 0x3F,
    0x00, 0xF0, 0x4F, 0xF7, 0xEB, 0xDF, 0x00, 0xF0, 0x4F, 0xF7, 0x5B, 0xFF, 0x06, 0xF0, 0x4F, 0xF7,
    0x0C, 0xFC, 0x1E, 0xF0, 0x4F, 0xF7, 0x0D, 0xF3, 0x9F, 0xF0, 0x4F, 0xF7, 0x0D, 0x90, 0xFF, 0xF2,
    0x4F, 0xF7, 0x0D, 0x10, 0xFE, 0xEC, 0x4F, 0xF7, 0x0D, 0x00, 0xF6, 0xFF, 0x4F, 0xF7, 0x0D, 0x00,
    0xD0, 0xFF, 0x4F, 0xF7, 0x0D, 0x00, 0x40, 0xFF, 0x4F, 0x00, 0x30, 0xEA, 0xFF, 0x8D, 0x00, 0x00,
    0x00, 0xF7, 0xFF, 0xFF, 0xFF, 0x1D, 0x00, 0x30, 0xFF, 0x6E, 0x32, 0xF9, 0xBF, 0x00, 0xA0, 0xFF,
    0x03, 0x00, 0xB0, 0xFF, 0x02, 0xE0, 0xDF, 0x00, 0x00, 0x50, 0xFF, 0x06, 0xF0, 0xBF, 0x00, 0x00,
    0x20, 0xFF, 0x08, 0xF0, 0xBF, 0x00, 0x00, 0x20, 0xFF, 0x08, 0xE0, 0xDF, 0x00, 0x00, 0x50, 0xFF,
    0x06, 0xA0, 0xFF, 0x03, 0x00, 0xB0, 0xFF, 0x02, 0x30, 0xFF, 0x6E, 0x43, 0xFA, 0xBF, 0x00, 0x00,
    0xF6, 0xFF, 0xFF, 0xFF, 0x1D, 0x00, 0x00, 0x30, 0xEA, 0xFF, 0x7D, 0x00, 0x00, 0xF7, 0xFF, 0xEF,
    0x3B, 0x00, 0xF7, 0xFF, 0xFF, 0xFF, 0x03, 0xF7, 0x3F, 0x62, 0xFF, 0x0B, 0xF7, 0x1F, 0x00, 0xFC,
    0x0E, 0xF7, 0x1F, 0x00, 0xFC, 0x0D, 0xF7, 0x3F, 0x82, 0xFF, 0x0A, 0xF7, 0xFF, 0xFF, 0xEF, 0x02,
    0xF7, 0xFF, 0xEF, 0x2A, 0x00, 0xF7, 0x1F, 0x00, 0x00, 0x00, 0xF7, 0x1F, 0x00, 0x00, 0x00, 0xF7,
    0x1F, 0x00, 0x00, 0x00, 0xF7, 0x1F, 0x00, 0x00, 0x00, 0x00, 0x30, 0xEA, 0xFF, 0x8D, 0x00, 0x00,
    0x00, 0xF7, 0xFF, 0xFF, 0xFF, 0x1D, 0x00, 0x30, 0xFF, 0x6E, 0x32, 0xF9, 0xBF, 0x00, 0xA0, 0xFF,
    0x03, 0x00, 0xB0, 0xFF, 0x02, 0xE0, 0xDF, 0x00, 0x00, 0x50, 0xFF, 0x06, 0xF0, 0xBF, 0x00, 0x00,
    0x20, 0xFF, 0x08, 0xF0, 0xBF, 0x00, 0x00, 0x20, 0xFF, 0x08, 0xE0, 0xDF, 0x00, 0x00, 0x50, 0xFF,
    0x06, 0xA0, 0xFF, 0x03, 0x00, 0xB0, 0xFF, 0x02, 0x30, 0xFF, 0x6E, 0x43, 0xFA, 0xBF, 0x00, 0x00,
    0xF6, 0xFF, 0xFF, 0xFF, 0x1D, 0x00, 0x00, 0x30, 0xEA, 0xFF, 0xDF, 0x00, 0x00, 0x00, 0x00, 0x00,
    0xA0, 0xFF, 0x06, 0x00, 0x00, 0x00, 0x00, 0x00, 0xFD, 0x4F, 0x00, 0x00, 0x00, 0x00, 0x00, 0xF3,
    0xEF, 0x02, 0xF7, 0xFF, 0xEF, 0x4B, 0x00, 0x00, 0xF7, 0xFF, 0xFF, 0xFF, 0x05, 0x00, 0xF7, 0x3F,
    0x52, 0xFF, 0x0C, 0x00, 0xF7, 0x1F, 0x00, 0xFB, 0x0E, 0x00, 0xF7, 0x2F, 0x52, 0xFF, 0x0A, 0x00,
    0xF7, 0xFF, 0xFF, 0xDF, 0x01, 0x00, 0xF7, 0xFF, 0xFF, 0x0E, 0x00, 0x00, 0xF7, 0x1F, 0xF3, 0x5F,
    0x00, 0x00, 0xF7, 0x1F, 0xA0, 0xEF, 0x01, 0x00, 0xF7, 0x1F, 0x10, 0xFF, 0x0A, 0x00, 0xF7, 0x1F,
    0x00, 0xF7, 0x4F, 0x00, 0xF7, 0x1F, 0x00, 0xE0, 0xDF, 0x00, 0x00, 0xC6, 0xFF, 0x9D, 0x02, 0x80,
    0xFF, 0xFF, 0xFF, 0x05, 0xF0, 0xCF, 0x33, 0xB6, 0x00, 0xF0, 0x8F, 0x00, 0x00, 0x00, 0xD0, 0xFF,
    0x17, 0x00, 0x00, 0x30, 0xFF, 0xFF, 0x08, 0x00, 0x00, 0xA2, 0xFF, 0xDF, 0x00, 0x00, 0x00, 0xB2,
    0xFF, 0x08, 0x00, 0x00, 0x00, 0xFE, 0x0A, 0xD3, 0x37, 0x52, 0xFF, 0x08, 0xF3, 0xFF, 0xFF, 0xEF,
    0x02, 0x81, 0xFD, 0xEF, 0x2A, 0x00, 0xFA, 0xFF, 0xFF, 0xFF, 0x8F, 0xFA, 0xFF, 0xFF, 0xFF, 0x8F,
    0x21, 0x72, 0xFF, 0x25, 0x12, 0x00, 0x50, 0xFF, 0x03, 0x00, 0x00, 0x50, 0xFF, 0x03, 0x00, 0x00,
    0x50, 0xFF, 0x03, 0x00, 0x00, 0x50, 0xFF, 0x03, 0x00, 0x00, 0x50, 0xFF, 0x03, 0x00, 0x00, 0x50,
    0xFF, 0x03, 0x00, 0x00, 0x50, 0xFF, 0x03, 0x00, 0x00, 0x50, 0xFF, 0x03, 0x00, 0x00, 0x50, 0xFF,
    0x03, 0x00, 0xF9, 0x0F, 0x00, 0x20, 0xFF, 0x06, 0xF9, 0x0F, 0x00, 0x20, 0xFF, 0x06, 0xF9, 0x0F,
    0x00, 0x20, 0xFF, 0x06, 0xF9, 0x0F, 0x00, 0x20, 0xFF, 0x06, 0xF9, 0x0F, 0x00, 0x20, 0xFF, 0x06,
    0xF9, 0x0F, 0x00, 0x20, 0xFF, 0x06, 0xF9, 0x0F, 0x00, 0x20, 0xFF, 0x06, 0xF8, 0x0F, 0x00, 0x20,
    0xFF, 0x06, 0xF7, 0x3F, 0x00, 0x50, 0xFF, 0x05, 0xF3, 0xDF, 0x25, 0xE5, 0xFF, 0x01, 0x80, 0xFF,
    0xFF, 0xFF, 0x5F, 0x00, 0x00, 0xC5, 0xFF, 0xAE, 0x03, 0x00, 0xFD, 0x0C, 0x00, 0x00, 0xFB, 0x0D,
    0xF7, 0x1F, 0x00, 0x00, 0xFF, 0x08, 0xF2, 0x6F, 0x00, 0x50, 0xFF, 0x03, 0xC0, 0xBF, 0x00, 0xA0,
    0xDF, 0x00, 0x70, 0xFF, 0x00, 0xF0, 0x8F, 0x00, 0x10, 0xFF, 0x05, 0xF5, 0x2F, 0x00, 0x00, 0xFC,
    0x0A, 0xFA, 0x0D, 0x00, 0x00, 0xF6, 0x0F, 0xFF, 0x07, 0x00, 0x00, 0xF1, 0x7F, 0xFF, 0x02, 0x00,
    0x00, 0xB0, 0xEF, 0xCF, 0x00, 0x00, 0x00, 0x60, 0xFF, 0x7F, 0x00, 0x00, 0x00, 0x10, 0xFF, 0x1F,
    0x00, 0x00, 0xFE, 0x0A, 0x00, 0xF2, 0x9F, 0x00, 0x30, 0xFF, 0x05, 0xF9, 0x0E, 0x00, 0xF6, 0xDF,
    0x00, 0x70, 0xFF, 0x00, 0xF5, 0x1F, 0x00, 0xFA, 0xFF, 0x01, 0xA0, 0xCF, 0x00, 0xF1, 0x5F, 0x00,
    0xFE, 0xFC, 0x05, 0xE0, 0x8F, 0x00, 0xD0, 0x9F, 0x20, 0xEF, 0xF8, 0x09, 0xF2, 0x4F, 0x00, 0x90,
    0xDF, 0x70, 0xBF, 0xF4, 0x0E, 0xF6, 0x0F, 0x00, 0x50, 0xFF, 0xB1, 0x7F, 0xF0, 0x2F, 0xFA, 0x0C,
    0x00, 0x10, 0xFF, 0xF4, 0x3F, 0xC0, 0x6F, 0xFD, 0x08, 0x00, 0x00, 0xFD, 0xFA, 0x0E, 0x70, 0x9F,
    0xFF, 0x04, 0x00, 0x00, 0xF8, 0xFE, 0x0A, 0x30, 0xEF, 0xFF, 0x00, 0x00, 0x00, 0xF4, 0xFF, 0x06,
    0x00, 0xFF, 0xBF, 0x00, 0x00, 0x00, 0xF0, 0xFF, 0x02, 0x00, 0xFB, 0x7F, 0x00, 0x00, 0xF6, 0x6F,
    0x00, 0x10, 0xFE, 0x0B, 0xC0, 0xEF, 0x01, 0x90, 0xFF, 0x02, 0x20, 0xFF, 0x09, 0xF3, 0x7F, 0x00,
    0x00, 0xF7, 0x3F, 0xFC, 0x0C, 0x00, 0x00, 0xC0, 0xFF, 0xFF, 0x02, 0x00, 0x00, 0x30, 0xFF, 0x8F,
    0x00, 0x00, 0x00, 0x60, 0xFF, 0x9F, 0x00, 0x00, 0x00, 0xF1, 0xDF, 0xFF, 0x04, 0x00, 0x00, 0xFB,
    0x0E, 0xFC, 0x1E, 0x00, 0x50, 0xFF, 0x05, 0xF2, 0xAF, 0x00, 0xE1, 0xBF, 0x00, 0x80, 0xFF, 0x05,
    0xFA, 0x1F, 0x00, 0x00, 0xFD, 0x1E, 0xFB, 0x1F, 0x00, 0x60, 0xFF, 0x05, 0xF3, 0x8F, 0x00, 0xE0,
    0xCF, 0x00, 0xA0, 0xFF, 0x01, 0xF7, 0x3F, 0x00, 0x10, 0xFF, 0x09, 0xFE, 0x0A, 0x00, 0x00, 0xF8,
    0x9F, 0xFF, 0x02, 0x00, 0x00, 0xE1, 0xFF, 0x9F, 0x00, 0x00, 0x00, 0x70, 0xFF, 0x1F, 0x00, 0x00,
    0x00, 0x00, 0xFF, 0x09, 0x00, 0x00, 0x00, 0x00, 0xFF, 0x09, 0x00, 0x00, 0x00, 0x00, 0xFF, 0x09,
    0x00, 0x00, 0x00, 0x00, 0xFF, 0x09, 0x00, 0x00, 0x00, 0x00, 0xFF, 0x09, 0x00, 0x00, 0xF7, 0xFF,
    0xFF, 0xFF, 0x4F, 0xF7, 0xFF, 0xFF, 0xFF, 0x3F, 0x20, 0x22, 0x32, 0xFF, 0x0B, 0x00, 0x00, 0xB0,
    0xEF, 0x01, 0x00, 0x00, 0xF7, 0x4F, 0x00, 0x00, 0x30, 0xFF, 0x09, 0x00, 0x00, 0xD0, 0xDF, 0x00,
    0x00, 0x00, 0xF9, 0x2F, 0x00, 0x00, 0x40, 0xFF, 0x07, 0x00, 0x00, 0xE1, 0xCF, 0x22, 0x22, 0x02,
    0xF8, 0xFF, 0xFF, 0xFF, 0x7F, 0xF9, 0xFF, 0xFF, 0xFF, 0x7F, 0xFD, 0xFF, 0x03, 0xFD, 0xCD, 0x02,
    0xFD, 0x05, 0x00, 0xFD, 0x05, 0x00, 0xFD, 0x05, 0x00, 0xFD, 0x05, 0x00, 0xFD, 0x05, 0x00, 0xFD,
    0x05, 0x00, 0xFD, 0x05, 0x00, 0xFD, 0x05, 0x00, 0xFD, 0x05, 0x00, 0xFD, 0x05, 0x00, 0xFD, 0x05,
    0x00, 0xFD, 0xCD, 0x02, 0xFD, 0xFF, 0x03, 0xFB, 0x09, 0x00, 0x00, 0xF5, 0x0F, 0x00, 0x00, 0xF0,
    0x5F, 0x00, 0x00, 0x90, 0xBF, 0x00, 0x00, 0x30, 0xFF, 0x01, 0x00, 0x00, 0xFD, 0x07, 0x00, 0x00,
    0xF7, 0x0D, 0x00, 0x00, 0xF1, 0x3F, 0x00, 0x00, 0xB0, 0x9F, 0x00, 0x00, 0x50, 0xFF, 0x00, 0x00,
    0x00, 0xFE, 0x05, 0x00, 0x00, 0xF9, 0x0B, 0xF9, 0xFF, 0x07, 0xC6, 0xFE, 0x07, 0x00, 0xFB, 0x07,
    0x00, 0xFB, 0x07, 0x00, 0xFB, 0x07, 0x00, 0xFB, 0x07, 0x00, 0xFB, 0x07, 0x00, 0xFB, 0x07, 0x00,
    0xFB, 0x07, 0x00, 0xFB, 0x07, 0x00, 0xFB, 0x07, 0x00, 0xFB, 0x07, 0x00, 0xFB, 0x07, 0xC6, 0xFE,
    0x07, 0xF9, 0xFF, 0x07, 0x00, 0x30, 0x7F, 0x00, 0x00, 0x00, 0xA0, 0xEF, 0x00, 0x00, 0x00, 0xF2,
    0xFE, 0x08, 0x00, 0x00, 0xF8, 0xD4, 0x1F, 0x00, 0x10, 0xDF, 0x60, 0x8F, 0x00, 0x70, 0x6F, 0x00,
    0xFD, 0x01, 0xE0, 0x0F, 0x00, 0xF6, 0x08, 0xF6, 0x08, 0x00, 0xE0, 0x1F, 0xF0, 0xFF, 0xFF, 0xFF,
    0x00, 0x20, 0x22, 0x22, 0x22, 0x00, 0xE1, 0xDF, 0x00, 0x10, 0xFD, 0x08, 0x00, 0xB1, 0x4F, 0x10,
    0xD8, 0xFF, 0x8D, 0x00, 0x10, 0xFF, 0xEE, 0xFF, 0x09, 0x00, 0x25, 0x00, 0xFA, 0x0E, 0x10, 0xC8,
    0xFE, 0xFF, 0x0F, 0xD0, 0xFF, 0x8A, 0xFC, 0x0F, 0xF3, 0x7F, 0x00, 0xF9, 0x0F, 0xF3, 0x7F, 0x20,
    0xFE, 0x0F, 0xE0, 0xFF, 0xFE, 0xFD, 0x0F, 0x30, 0xFD, 0x9E, 0xE0, 0x0F, 0xFA, 0x0D, 0x00, 0x00,
    0x00, 0xFA, 0x0D, 0x00, 0x00, 0x00, 0xFA, 0x0D, 0x00, 0x00, 0x00, 0xFA, 0x0D, 0x00, 0x00, 0x00,
    0xFA, 0x5D, 0xFD, 0x5D, 0x00, 0xFA, 0xFE, 0xFF, 0xFF, 0x04, 0xFA, 0x7F, 0x40, 0xFF, 0x0B, 0xFA,
    0x0E, 0x00, 0xFB, 0x0F, 0xFA, 0x0D, 0x00, 0xF9, 0x0F, 0xFA, 0x0F, 0x00, 0xFB, 0x0E, 0xFA, 0x8F,
    0x51, 0xFF, 0x0B, 0xFA, 0xFF, 0xFF, 0xFF, 0x03, 0xFA, 0x67, 0xFE, 0x5D, 0x00, 0x00, 0xB4, 0xFF,
    0xAE, 0x00, 0x50, 0xFF, 0xFF, 0xDF, 0x00, 0xE0, 0xEF, 0x13, 0x44, 0x00, 0xF2, 0x7F, 0x00, 0x00,
    0x00, 0xF3, 0x5F, 0x00, 0x00, 0x00, 0xF2, 0x7F, 0x00, 0x00, 0x00, 0xE0, 0xEF, 0x13, 0x83, 0x00,
    0x70, 0xFF, 0xFF, 0xEF, 0x00, 0x00, 0xC5, 0xFF, 0x8D, 0x00, 0x00, 0x00, 0x00, 0xF1, 0x7F, 0x00,
    0x00, 0x00, 0xF1, 0x7F, 0x00, 0x00, 0x00, 0xF1, 0x7F, 0x00, 0x00, 0x00, 0xF1, 0x7F, 0x00, 0xE7,
    0xCF, 0xF4, 0x7F, 0x70, 0xFF, 0xFF, 0xFF, 0x7F, 0xF0, 0xEF, 0x13, 0xF9, 0x7F, 0xF2, 0x7F, 0x00,
    0xF0, 0x7F, 0xF3, 0x5F, 0x00, 0xE0, 0x7F, 0xF2, 0x7F, 0x00, 0xF0, 0x7F, 0xF0, 0xDF, 0x02, 0xF8,
    0x7F, 0x70, 0xFF, 0xFF, 0xFE, 0x7F, 0x00, 0xE7, 0xCF, 0xA2, 0x7F, 0x00, 0xB4, 0xFF, 0x7D, 0x00,
    0x50, 0xFF, 0xDE, 0xFF, 0x09, 0xD0, 0xBF, 0x00, 0xF5, 0x1F, 0xF2, 0xCF, 0xAA, 0xFB, 0x4F, 0xF3,
    0xFF, 0xFF, 0xFF, 0x5F, 0xF2, 0x6F, 0x00, 0x00, 0x00, 0xD0, 0xDF, 0x02, 0x20, 0x05, 0x40, 0xFF,
    0xEF, 0xFF, 0x0C, 0x00, 0xA3, 0xFE, 0xCF, 0x06, 0x00, 0xC3, 0xFF, 0x2D, 0x00, 0xFE, 0xFF, 0x0E,
    0x30, 0xFF, 0x08, 0x01, 0x40, 0xFF, 0x04, 0x00, 0xE5, 0xFF, 0xFF, 0x07, 0xE9, 0xFF, 0xEE, 0x06,
    0x40, 0xFF, 0x04, 0x00, 0x40, 0xFF, 0x04, 0x00, 0x40, 0xFF, 0x04, 0x00, 0x40, 0xFF, 0x04, 0x00,
    0x40, 0xFF, 0x04, 0x00, 0x40, 0xFF, 0x04, 0x00, 0x40, 0xFF, 0x04, 0x00, 0x10, 0xEA, 0xEF, 0xDD,
    0x5D, 0xD0, 0xDF, 0xD8, 0xFF, 0x3B, 0xF3, 0x3F, 0x20, 0xFF, 0x03, 0xF2, 0x3F, 0x20, 0xFF, 0x04,
    0xC0, 0xEF, 0xD9, 0xEF, 0x00, 0x20, 0xFF, 0xEF, 0x2A, 0x00, 0xB0, 0x5F, 0x00, 0x00, 0x00, 0xA0,
    0xFF, 0xFF, 0xDF, 0x04, 0x91, 0xFF, 0xFF, 0xFF, 0x1F, 0xFB, 0x19, 0x00, 0xF3, 0x4F, 0xFE, 0x05,
    0x00, 0xF3, 0x2F, 0xFA, 0xBF, 0xCA, 0xFF, 0x09, 0x80, 0xFD, 0xEF, 0x5B, 0x00, 0xFA, 0x0D, 0x00,
    0x00, 0x00, 0xFA, 0x0D, 0x00, 0x00, 0x00, 0xFA, 0x0D, 0x00, 0x00, 0x00, 0xFA, 0x0D, 0x00, 0x00,
    0x00, 0xFA, 0x5C, 0xFD, 0x8E, 0x00, 0xFA, 0xFE, 0xFF, 0xFF, 0x08, 0xFA, 0x9F, 0x31, 0xFF, 0x0D,
    0xFA, 0x0F, 0x00, 0xFA, 0x0E, 0xFA, 0x0E, 0x00, 0xFA, 0x0E, 0xFA, 0x0D, 0x00, 0xFA, 0x0E, 0xFA,
    0x0D, 0x00, 0xFA, 0x0E, 0xFA, 0x0D, 0x00, 0xFA, 0x0E, 0xFA, 0x0D, 0x00, 0xFA, 0x0E, 0x72, 0x03,
    0xFB, 0x0E, 0xF7, 0x0A, 0x00, 0x00, 0xFA, 0x0D, 0xFA, 0x0D, 0xFA, 0x0D, 0xFA, 0x0D, 0xFA, 0x0D,
    0xFA, 0x0D, 0xFA, 0x0D, 0xFA, 0x0D, 0xFA, 0x0D, 0x00, 0x20, 0x37, 0x00, 0xB0, 0xEF, 0x00, 0x70,
    0xAF, 0x00, 0x00, 0x00, 0x00, 0xA0, 0xDF, 0x00, 0xA0, 0xDF, 0x00, 0xA0, 0xDF, 0x00, 0xA0, 0xDF,
    0x00, 0xA0, 0xDF, 0x00, 0xA0, 0xDF, 0x00, 0xA0, 0xDF, 0x00, 0xA0, 0xDF, 0x00, 0xA0, 0xDF, 0x00,
    0xA0, 0xDF, 0x10, 0xE1, 0xDF, 0xF1, 0xFF, 0x8F, 0xE1, 0xEF, 0x08, 0xFA, 0x0D, 0x00, 0x00, 0x00,
    0xFA, 0x0D, 0x00, 0x00, 0x00, 0xFA, 0x0D, 0x00, 0x00, 0x00, 0xFA, 0x0D, 0x00, 0x00, 0x00, 0xFA,
    0x0D, 0x10, 0xFE, 0x0C, 0xFA, 0x0D, 0xD1, 0xDF, 0x01, 0xFA, 0x1D, 0xFD, 0x1D, 0x00, 0xFA, 0xCC,
    0xEF, 0x01, 0x00, 0xFA, 0xFF, 0xFF, 0x02, 0x00, 0xFA, 0xBF, 0xFE, 0x0D, 0x00, 0xFA, 0x0E, 0xF3,
    0x9F, 0x00, 0xFA, 0x0D, 0x70, 0xFF, 0x06, 0xFA, 0x0D, 0x00, 0xFB, 0x3F, 0xFA, 0x0D, 0xFA, 0x0D,
    0xFA, 0x0D, 0xFA, 0x0D, 0xFA, 0x0D, 0xFA, 0x0D, 0xFA, 0x0D, 0xFA, 0x0D, 0xFA, 0x0D, 0xFA, 0x0D,
    0xFA, 0x0D, 0xFA, 0x0D, 0xFA, 0x0D, 0xFA, 0x66, 0xFD, 0x7E, 0x90, 0xFE, 0x4D, 0x00, 0xFA, 0xFE,
    0xFF, 0xFF, 0xFD, 0xFF, 0xFF, 0x01, 0xFA, 0x8F, 0x51, 0xFF, 0x5F, 0x80, 0xFF, 0x05, 0xFA, 0x0F,
    0x00, 0xFE, 0x0C, 0x20, 0xFF, 0x06, 0xFA, 0x0D, 0x00, 0xFE, 0x0A, 0x10, 0xFF, 0x06, 0xFA, 0x0D,
    0x00, 0xFE, 0x0A, 0x10, 0xFF, 0x06, 0xFA, 0x0D, 0x00, 0xFE, 0x0A, 0x10, 0xFF, 0x06, 0xFA, 0x0D,
    0x00, 0xFE, 0x0A, 0x10, 0xFF, 0x06, 0xFA, 0x0D, 0x00, 0xFE, 0x0A, 0x10, 0xFF, 0x06, 0xFA, 0x66,
    0xFD, 0x8E, 0x00, 0xFA, 0xFE, 0xFF, 0xFF, 0x08, 0xFA, 0x9F, 0x21, 0xFF, 0x0D, 0xFA, 0x0F, 0x00,
    0xFA, 0x0E, 0xFA, 0x0E, 0x00, 0xFA, 0x0E, 0xFA, 0x0D, 0x00, 0xFA, 0x0E, 0xFA, 0x0D, 0x00, 0xFA,
    0x0E, 0xFA, 0x0D, 0x00, 0xFA, 0x0E, 0xFA, 0x0D, 0x00, 0xFA, 0x0E, 0x00, 0xB3, 0xFF, 0x8D, 0x00,
    0x40, 0xFF, 0xFF, 0xFF, 0x0C, 0xE0, 0xEF, 0x13, 0xF7, 0x6F, 0xF2, 0x7F, 0x00, 0xE0, 0xAF, 0xF3,
    0x5F, 0x00, 0xD0, 0xCF, 0xF2, 0x7F, 0x00, 0xE0, 0xAF, 0xD0, 0xEF, 0x13, 0xF8, 0x6F, 0x40, 0xFF,
    0xFF, 0xFF, 0x0C, 0x00, 0xB3, 0xFF, 0x8D, 0x00, 0xFA, 0x58, 0xFD, 0x5D, 0x00, 0xFA, 0xFE, 0xFF,
    0xFF, 0x04, 0xFA, 0x7F, 0x40, 0xFF, 0x0B, 0xFA, 0x0E, 0x00, 0xFB, 0x0F, 0xFA, 0x0D, 0x00, 0xF9,
    0x0F, 0xFA, 0x0F, 0x00, 0xFB, 0x0E, 0xFA, 0x8F, 0x41, 0xFF, 0x0B, 0xFA, 0xFF, 0xFF, 0xFF, 0x03,
    0xFA, 0x6D, 0xFE, 0x4D, 0x00, 0xFA, 0x0D, 0x00, 0x00, 0x00, 0xFA, 0x0D, 0x00, 0x00, 0x00, 0xFA,
    0x0D, 0x00, 0x00, 0x00, 0xFA, 0x0D, 0x00, 0x00, 0x00, 0x00, 0xE7, 0xCF, 0xC3, 0x7F, 0x70, 0xFF,
    0xFF, 0xFF, 0x7F, 0xE0, 0xEF, 0x13, 0xF9, 0x7F, 0xF2, 0x7F, 0x00, 0xF0, 0x7F, 0xF3, 0x5F, 0x00,
    0xE0, 0x7F, 0xF2, 0x7F, 0x00, 0xF0, 0x7F, 0xF0, 0xDF, 0x02, 0xF7, 0x7F, 0x80, 0xFF, 0xFF, 0xFE,
    0x7F, 0x00, 0xE8, 0xCF, 0xF4, 0x7F, 0x00, 0x00, 0x00, 0xF1, 0x7F, 0x00, 0x00, 0x00, 0xF1, 0x7F,
    0x00, 0x00, 0x00, 0xF1, 0x7F, 0x00, 0x00, 0x00, 0xF1, 0x7F, 0xFA, 0x35, 0xFC, 0x04, 0xFA, 0xFB,
    0xFF, 0x03, 0xFA, 0xEF, 0x67, 0x01, 0xFA, 0x2F, 0x00, 0x00, 0xFA, 0x0E, 0x00, 0x00, 0xFA, 0x0D,
    0x00, 0x00, 0xFA, 0x0D, 0x00, 0x00, 0xFA, 0x0D, 0x00, 0x00, 0xFA, 0x0D, 0x00, 0x00, 0x30, 0xEB,
    0xEF, 0x4B, 0xF1, 0xFF, 0xFE, 0x6F, 0xF3, 0x6F, 0x00, 0x06, 0xF0, 0xFF, 0x5B, 0x00, 0x30, 0xFC,
    0xFF, 0x2D, 0x00, 0x30, 0xFA, 0xAF, 0x52, 0x01, 0xC0, 0xCF, 0xF3, 0xEF, 0xFE, 0x7F, 0xB1, 0xFE,
    0xDF, 0x07, 0x00, 0xFA, 0x02, 0x00, 0x10, 0xFF, 0x02, 0x00, 0xD3, 0xFF, 0xFF, 0x0B, 0xF8, 0xFF,
    0xEE, 0x0A, 0x60, 0xFF, 0x02, 0x00, 0x60, 0xFF, 0x02, 0x00, 0x60, 0xFF, 0x02, 0x00, 0x60, 0xFF,
    0x02, 0x00, 0x50, 0xFF, 0x05, 0x02, 0x20, 0xFF, 0xFF, 0x0D, 0x00, 0xD6, 0xEF, 0x09, 0xFB, 0x0D,
    0x00, 0xFB, 0x0D, 0xFB, 0x0D, 0x00, 0xFB, 0x0D, 0xFB, 0x0D, 0x00, 0xFB, 0x0D, 0xFB, 0x0D, 0x00,
    0xFB, 0x0D, 0xFB, 0x0D, 0x00, 0xFB, 0x0D, 0xFB, 0x0D, 0x00, 0xFD, 0x0D, 0xFA, 0x4F, 0x60, 0xFF,
    0x0D, 0xF5, 0xFF, 0xFF, 0xFE, 0x0D, 0x70, 0xFD, 0x7E, 0xF3, 0x0D, 0xFC, 0x0D, 0x00, 0xF2, 0x7F,
    0xF6, 0x2F, 0x00, 0xF8, 0x1F, 0xF0, 0x8F, 0x00, 0xFD, 0x0B, 0xA0, 0xDF, 0x30, 0xFF, 0x04, 0x30,
    0xFF, 0x83, 0xEF, 0x00, 0x00, 0xFD, 0xD8, 0x8F, 0x00, 0x00, 0xF7, 0xFD, 0x2F, 0x00, 0x00, 0xF1,
    0xFF, 0x0B, 0x00, 0x00, 0xA0, 0xFF, 0x05, 0x00, 0xFA, 0x0D, 0x30, 0xFF, 0x0D, 0x30, 0xFF, 0x03,
    0xF6, 0x1F, 0x70, 0xFF, 0x1F, 0x80, 0xEF, 0x00, 0xF1, 0x5F, 0xC0, 0xAF, 0x5F, 0xC0, 0xAF, 0x00,
    0xC0, 0xAF, 0xF0, 0x5D, 0x9F, 0xF1, 0x5F, 0x00, 0x80, 0xEF, 0xF4, 0x19, 0xDF, 0xF5, 0x1F, 0x00,
    0x30, 0xFF, 0xF8, 0x05, 0xFD, 0xF8, 0x0C, 0x00, 0x00, 0xFE, 0xFD, 0x02, 0xF9, 0xFD, 0x07, 0x00,
    0x00, 0xFA, 0xEF, 0x00, 0xF6, 0xFF, 0x02, 0x00, 0x00, 0xF5, 0xAF, 0x00, 0xF2, 0xDF, 0x00, 0x00,
    0xF6, 0x6F, 0x00, 0xF9, 0x4F, 0xB0, 0xFF, 0x31, 0xFF, 0x09, 0x10, 0xFF, 0xDB, 0xDF, 0x00, 0x00,
    0xF6, 0xFF, 0x3F, 0x00, 0x00, 0xE0, 0xFF, 0x0C, 0x00, 0x00, 0xF8, 0xFF, 0x5F, 0x00, 0x30, 0xFF,
    0xB8, 0xEF, 0x01, 0xD0, 0xDF, 0x20, 0xFF, 0x0B, 0xF9, 0x4F, 0x00, 0xF7, 0x6F, 0xFC, 0x0E, 0x00,
    0xF3, 0x7F, 0xF6, 0x4F, 0x00, 0xF8, 0x1F, 0xE0, 0xAF, 0x00, 0xFE, 0x0B, 0x80, 0xFF, 0x30, 0xFF,
    0x05, 0x20, 0xFF, 0x95, 0xEF, 0x00, 0x00, 0xFB, 0xEA, 0x8F, 0x00, 0x00, 0xF5, 0xFE, 0x2F, 0x00,
    0x00, 0xE0, 0xFF, 0x0C, 0x00, 0x00, 0x80, 0xFF, 0x06, 0x00, 0x00, 0x80, 0xFF, 0x00, 0x00, 0x00,
    0xF4, 0x9F, 0x00, 0x00, 0xF6, 0xFF, 0x1E, 0x00, 0x00, 0xF6, 0xAF, 0x02, 0x00, 0x00, 0xF4, 0xFF,
    0xFF, 0xAF, 0xF4, 0xFF, 0xFF, 0x9F, 0x00, 0x00, 0xFA, 0x1E, 0x00, 0x70, 0xFF, 0x03, 0x00, 0xF3,
    0x6F, 0x00, 0x10, 0xFE, 0x0A, 0x00, 0xC0, 0xDF, 0x00, 0x00, 0xF7, 0xFF, 0xFF, 0xBF, 0xF8, 0xFF,
    0xFF, 0xCF, 0x00, 0x90, 0xFE, 0x00, 0x00, 0xF7, 0xFF, 0x00, 0x00, 0xF9, 0x0B, 0x00, 0x00, 0xFA,
    0x09, 0x00, 0x00, 0xFA, 0x09, 0x00, 0x00, 0xFA, 0x09, 0x00, 0x30, 0xFE, 0x07, 0x00, 0xFB, 0xAF,
    0x01, 0x00, 0xFC, 0xBF, 0x01, 0x00, 0x30, 0xFE, 0x08, 0x00, 0x00, 0xFA, 0x09, 0x00, 0x00, 0xFA,
    0x09, 0x00, 0x00, 0xFA, 0x0B, 0x00, 0x00, 0xF8, 0xEF, 0x00, 0x00, 0xA1, 0xFE, 0x00, 0xF3, 0x09,
    0xF3, 0x09, 0xF3, 0x09, 0xF3, 0x09, 0xF3, 0x09, 0xF3, 0x09, 0xF3, 0x09, 0xF3, 0x09, 0xF3, 0x09,
    0xF3, 0x09, 0xF3, 0x09, 0xF3, 0x09, 0xF3, 0x09, 0xF3, 0x09, 0xF3, 0x09, 0xF3, 0x09, 0xF3, 0x09,
    0xF5, 0x6D, 0x00, 0x00, 0xF4, 0xFF, 0x02, 0x00, 0x10, 0xFF, 0x04, 0x00, 0x00, 0xFE, 0x05, 0x00,
    0x00, 0xFE, 0x05, 0x00, 0x00, 0xFE, 0x05, 0x00, 0x00, 0xFC, 0x1B, 0x00, 0x00, 0xC3, 0xFF, 0x07,
    0x00, 0xD4, 0xFF, 0x07, 0x00, 0xFD, 0x1B, 0x00, 0x00, 0xFE, 0x05, 0x00, 0x00, 0xFE, 0x05, 0x00,
    0x10, 0xFF, 0x05, 0x00, 0xF4, 0xFF, 0x03, 0x00, 0xF5, 0x8D, 0x00, 0x00, 0x90, 0xFF, 0x3A, 0x00,
    0x08, 0xF4, 0xED, 0xFF, 0xEE, 0x0F, 0x53, 0x00, 0xC5, 0xEF, 0x06, 0xA0, 0x8F, 0xF0, 0xDF, 0x80,
    0x6C, 0x00, 0x00, 0x00, 0x00, 0xA0, 0x7F, 0xB0, 0x8F, 0xC0, 0x9F, 0xD0, 0xAF, 0xE0, 0xBF, 0xF0,
    0xCF, 0xF0, 0xDF, 0x00, 0x50, 0x2F, 0x00, 0x10, 0xE9, 0xFF, 0x4C, 0xD0, 0xFF, 0xFF, 0x4F, 0xF6,
    0x8F, 0x21, 0x06, 0xFA, 0x0F, 0x00, 0x00, 0xFC, 0x0C, 0x00, 0x00, 0xFC, 0x0C, 0x00, 0x00, 0xFB,
    0x0F, 0x00, 0x00, 0xF6, 0x9F, 0x11, 0x35, 0xD0, 0xFF, 0xFF, 0x5F, 0x10, 0xE9, 0xFF, 0x2B, 0x00,
    0x50, 0x2F, 0x00, 0x00, 0x50, 0x2F, 0x00, 0x00, 0x50, 0xFD, 0xCF, 0x08, 0x00, 0xF5, 0xFF, 0xFF,
    0x0B, 0x00, 0xFB, 0x3E, 0x51, 0x03, 0x00, 0xFD, 0x0A, 0x00, 0x00, 0x00, 0xFD, 0x0A, 0x00, 0x00,
    0xD3, 0xFF, 0xDF, 0xAD, 0x00, 0xF4, 0xFF, 0xFF, 0xCF, 0x00, 0x00, 0xFD, 0x0A, 0x00, 0x00, 0x00,
    0xFE, 0x09, 0x00, 0x00, 0x80, 0xEF, 0x24, 0x22, 0x02, 0xF5, 0xFF, 0xFF, 0xFF, 0x6F, 0xF5, 0xFF,
    0xFF, 0xFF, 0x6F, 0x50, 0x08, 0x00, 0xB0, 0x02, 0xC0, 0xBF, 0xEF, 0xFC, 0x08, 0x20, 0xFF, 0xEC,
    0xDF, 0x00, 0x40, 0x9F, 0x00, 0xFD, 0x00, 0x60, 0x5F, 0x00, 0xF9, 0x02, 0x40, 0x9F, 0x00, 0xFD,
    0x00, 0x20, 0xFF, 0xEC, 0xDF, 0x00, 0xC0, 0xCF, 0xEF, 0xFC, 0x07, 0x50, 0x08, 0x00, 0xB0, 0x02,
    0x00, 0x00, 0x00, 0x00, 0x00, 0xFB, 0x0D, 0x00, 0xF2, 0x6F, 0xF3, 0x4F, 0x00, 0xF9, 0x0E, 0xC0,
    0xBF, 0x00, 0xFF, 0x06, 0x40, 0xFF, 0x61, 0xEF, 0x00, 0x00, 0xFC, 0xD8, 0x7F, 0x00, 0x00, 0xF5,
    0xFF, 0x0E, 0x00, 0x30, 0xF7, 0xFF, 0x7C, 0x00, 0x60, 0xFF, 0xFF, 0xFF, 0x01, 0x00, 0x50, 0xFF,
    0x00, 0x00, 0x60, 0xFF, 0xFF, 0xFF, 0x01, 0x30, 0xA7, 0xFF, 0x78, 0x00, 0x00, 0x50, 0xFF, 0x00,
    0x00, 0xF3, 0x09, 0xF3, 0x09, 0xF3, 0x09, 0xF3, 0x09, 0xF3, 0x09, 0xF3, 0x09, 0xC2, 0x07, 0x00,
    0x00, 0x00, 0x00, 0x00, 0x00, 0xC2, 0x07, 0xF3, 0x09, 0xF3, 0x09, 0xF3, 0x09, 0xF3, 0x09, 0xF3,
    0x09, 0xF3, 0x09, 0x10, 0xEA, 0xEF, 0x2A, 0xC0, 0xBF, 0xC9, 0x1F, 0xF0, 0x2F, 0x00, 0x01, 0xA0,
    0xEF, 0x17, 0x00, 0x40, 0xFF, 0xFF, 0x05, 0xD0, 0x2F, 0xE5, 0x3F, 0xF0, 0x1F, 0x80, 0x6F, 0xA0,
    0xDF, 0xC5, 0x3F, 0x00, 0xF8, 0xFF, 0x0B, 0x00, 0x10, 0xF7, 0x3F, 0x10, 0x00, 0xA0, 0x6F, 0xF2,
    0x9C, 0xFA, 0x2F, 0x90, 0xFE, 0xBF, 0x03, 0x30, 0x00, 0x12, 0x00, 0xF9, 0x38, 0xEF, 0x00, 0xF7,
    0x26, 0xCE, 0x00, 0x00, 0x00, 0xC7, 0xFF, 0x8D, 0x01, 0x00, 0x00, 0xE3, 0x4B, 0x11, 0xA4, 0x4F,
    0x00, 0x10, 0x7E, 0x70, 0xFE, 0x3D, 0xF6, 0x03, 0x90, 0x0A, 0xF7, 0x37, 0x17, 0x90, 0x0C, 0xF0,
    0x03, 0x9E, 0x00, 0x00, 0x20, 0x1F, 0xF2, 0x10, 0x5F, 0x00, 0x00, 0x00, 0x4E, 0xF2, 0x10, 0x5F,
    0x00, 0x00, 0x00, 0x4E, 0xF0, 0x03, 0x8E, 0x00, 0x00, 0x10, 0x2F, 0xA0, 0x0A, 0xF8, 0x36, 0x16,
    0x80, 0x0C, 0x20, 0x6F, 0x80, 0xFE, 0x1D, 0xF5, 0x03, 0x00, 0xE3, 0x5B, 0x12, 0xA4, 0x5F, 0x00,
    0x00, 0x10, 0xD8, 0xFF, 0x9D, 0x02, 0x00, 0xA1, 0xFE, 0x2C, 0xA0, 0x66, 0xAF, 0x60, 0xBA, 0xCF,
    0xF7, 0x48, 0xCE, 0xF9, 0x76, 0xCF, 0xD2, 0xBF, 0xC8, 0x00, 0x90, 0x19, 0x70, 0x2B, 0x00, 0xF6,
    0x3F, 0xF4, 0x6F, 0x30, 0xFF, 0x16, 0xFE, 0x09, 0xE1, 0xAF, 0xC0, 0xDF, 0x00, 0xE1, 0xAF, 0xC0,
    0xDF, 0x00, 0x30, 0xFF, 0x16, 0xFE, 0x09, 0x00, 0xF6, 0x3F, 0xF4, 0x6F, 0x00, 0x90, 0x19, 0x70,
    0x2B, 0xF4, 0xFF, 0xFF, 0xFF, 0x0F, 0xD3, 0xDD, 0xDD, 0xFD, 0x0F, 0x00, 0x00, 0x00, 0xD0, 0x0F,
    0x00, 0x00, 0x00, 0xD0, 0x0F, 0x00, 0x00, 0x00, 0xD0, 0x0F, 0x10, 0x11, 0x01, 0xF8, 0xFF, 0x0F,
    0xF8, 0xFF, 0x0F, 0x00, 0x00, 0xC7, 0xFF, 0x8D, 0x01, 0x00, 0x00, 0xE3, 0x4B, 0x11, 0xA4, 0x4F,
    0x00, 0x10, 0x7E, 0xF5, 0xFF, 0x1B, 0xF6, 0x03, 0x90, 0x0A, 0xF5, 0x43, 0x8F, 0x90, 0x0C, 0xF0,
    0x03, 0xF5, 0x00, 0x8D, 0x20, 0x1F, 0xF2, 0x00, 0xF5, 0xDB, 0x1C, 0x00, 0x4E, 0xF2, 0x00, 0xF5,
    0xC5, 0x0A, 0x00, 0x4E, 0xF0, 0x03, 0xF5, 0x30, 0x4F, 0x10, 0x2F, 0xA0, 0x0A, 0xF5, 0x00, 0xE9,
    0x80, 0x0C, 0x20, 0x6F, 0x00, 0x00, 0x00, 0xF5, 0x03, 0x00, 0xE3, 0x5B, 0x12, 0xA4, 0x5F, 0x00,
    0x00, 0x10, 0xD8, 0xFF, 0x9D, 0x02, 0x00, 0xA0, 0xAA, 0xAA, 0xAA, 0x5A, 0xF0, 0xFF, 0xFF, 0xFF,
    0x8F, 0x30, 0xFC, 0x5D, 0x00, 0xE0, 0x9F, 0xFD, 0x03, 0xF4, 0x07, 0xF2, 0x08, 0xF4, 0x07, 0xF2,
    0x08, 0xE0, 0x9F, 0xFD, 0x03, 0x30, 0xFC, 0x6E, 0x00, 0x00, 0x00, 0x00, 0x00, 0x00, 0x00, 0x10,
    0xCF, 0x00, 0x00, 0x00, 0x10, 0xCF, 0x00, 0x00, 0x00, 0x10, 0xCF, 0x00, 0x00, 0xD3, 0xDD, 0xFF,
    0xDD, 0x0C, 0xF4, 0xFF, 0xFF, 0xFF, 0x0F, 0x00, 0x10, 0xCF, 0x00, 0x00, 0x00, 0x10, 0xCF, 0x00,
    0x00, 0x00, 0x10, 0xCF, 0x00, 0x00, 0x00, 0x00, 0x23, 0x00, 0x00, 0xD3, 0xDD, 0xDD, 0xDD, 0x0C,
    0xF4, 0xFF, 0xFF, 0xFF, 0x0F, 0xA1, 0xFF, 0x1B, 0xF4, 0xDB, 0x8F, 0x10, 0x70, 0x8F, 0x00, 0xF3,
    0x1D, 0x50, 0xCF, 0x01, 0xF5, 0xBF, 0x8A, 0xF8, 0xFF, 0xDF, 0xA2, 0xFF, 0x1B, 0xD2, 0xA8, 0x7F,
    0x20, 0xA5, 0x3F, 0x60, 0xFF, 0x1A, 0x00, 0x40, 0xAF, 0xA8, 0x96, 0xAF, 0xD4, 0xFF, 0x1B, 0x00,
    0xFB, 0x3F, 0x60, 0xEF, 0x03, 0xF2, 0x2D, 0x00, 0xFA, 0x0D, 0x00, 0xFA, 0x0E, 0xFA, 0x0D, 0x00,
    0xFA, 0x0E, 0xFA, 0x0D, 0x00, 0xFA, 0x0E, 0xFA, 0x0D, 0x00, 0xFA, 0x0E, 0xFA, 0x0D, 0x00, 0xFA,
    0x0E, 0xFA, 0x0E, 0x00, 0xFC, 0x0E, 0xFA, 0x5F, 0x50, 0xFF, 0x0E, 0xFA, 0xFF, 0xFF, 0xFE, 0x0E,
    0xFA, 0xCD, 0xBF, 0xF2, 0x0E, 0xFA, 0x0D, 0x00, 0x00, 0x00, 0xFA, 0x0D, 0x00, 0x00, 0x00, 0xFA,
    0x0D, 0x00, 0x00, 0x00, 0xFA, 0x0D, 0x00, 0x00, 0x00, 0x00, 0xD7, 0xFF, 0xFF, 0xBF, 0x80, 0xFF,
    0xFF, 0xAF, 0xBE, 0xE0, 0xFF, 0xFF, 0x0F, 0xBA, 0xF0, 0xFF, 0xFF, 0x0F, 0xBA, 0xF0, 0xFF, 0xFF,
    0x0F, 0xBA, 0xE0, 0xFF, 0xFF, 0x0F, 0xBA, 0x80, 0xFF, 0xFF, 0x0F, 0xBA, 0x00, 0xE8, 0xFF, 0x0F,
    0xBA, 0x00, 0x00, 0x60, 0x0F, 0xBA, 0x00, 0x00, 0x60, 0x0F, 0xBA, 0x00, 0x00, 0x60, 0x0F, 0xBA,
    0x00, 0x00, 0x60, 0x0F, 0xBA, 0x00, 0x00, 0x60, 0x0F, 0xBA, 0x00, 0x00, 0x60, 0x0F, 0xBA, 0x00,
    0x00, 0x60, 0x0F, 0xBA, 0x70, 0x6C, 0xF0, 0xDF, 0xA0, 0x8F, 0x80, 0x6F, 0x00, 0x40, 0xFD, 0x05,
    0x62, 0xFC, 0x06, 0xF4, 0xBF, 0x00, 0x00, 0xF6, 0x0D, 0xA0, 0xFF, 0x0D, 0x90, 0xF5, 0x0D, 0x00,
    0xF2, 0x0D, 0x00, 0xF2, 0x0D, 0x00, 0xF2, 0x0D, 0x00, 0xF2, 0x0D, 0x60, 0xFE, 0x2B, 0x00, 0xF3,
    0x6B, 0xCF, 0x00, 0xF7, 0x03, 0xF9, 0x01, 0xF7, 0x03, 0xF9, 0x01, 0xF3, 0x6B, 0xCE, 0x00, 0x60,
    0xFE, 0x2C, 0x00, 0x70, 0x0C, 0x50, 0x2C, 0x00, 0xD1, 0xAF, 0xB0, 0xDF, 0x00, 0x30, 0xFF, 0x17,
    0xFE, 0x0A, 0x00, 0xF6, 0x4F, 0xF3, 0x7F, 0x00, 0xF6, 0x4F, 0xF3, 0x7F, 0x30, 0xFF, 0x17, 0xFE,
    0x0A, 0xD1, 0xAF, 0xB0, 0xDF, 0x00, 0x70, 0x0C, 0x50, 0x2C, 0x00, 0x10, 0xFB, 0x07, 0x00, 0xE0,
    0x2F, 0x00, 0xE3, 0xFF, 0x07, 0x00, 0xF7, 0x08, 0x00, 0xA2, 0xF8, 0x07, 0x10, 0xEF, 0x00, 0x00,
    0x00, 0xF8, 0x07, 0x90, 0x6F, 0x00, 0x00, 0x00, 0xF8, 0x07, 0xF2, 0x0D, 0x00, 0x00, 0x00, 0xF8,
    0x07, 0xFB, 0x04, 0xF5, 0x0E, 0x00, 0xF8, 0x47, 0xBF, 0x10, 0xFE, 0x0E, 0x00, 0x00, 0xD0, 0x2F,
    0xB0, 0xFB, 0x0E, 0x00, 0x00, 0xF6, 0x09, 0xF6, 0xF2, 0x0E, 0x00, 0x00, 0xFE, 0x11, 0xBF, 0xF6,
    0x5F, 0x00, 0x80, 0x7F, 0x30, 0xFF, 0xFF, 0xFF, 0x00, 0xF1, 0x0E, 0x00, 0x00, 0xF0, 0x0E, 0x10,
    0xFB, 0x07, 0x00, 0xD0, 0x2F, 0x00, 0x00, 0xE3, 0xFF, 0x07, 0x00, 0xF7, 0x08, 0x00, 0x00, 0xA2,
    0xF8, 0x07, 0x10, 0xEF, 0x01, 0x00, 0x00, 0x00, 0xF8, 0x07, 0x90, 0x6F, 0x00, 0x00, 0x00, 0x00,
    0xF8, 0x07, 0xF2, 0x0D, 0x00, 0x00, 0x00, 0x00, 0xF8, 0x07, 0xFA, 0x65, 0xFD, 0x5E, 0x00, 0x00,
    0xF8, 0x37, 0xCF, 0xD0, 0xAD, 0xFF, 0x00, 0x00, 0x00, 0xC0, 0x3F, 0x10, 0x00, 0xEF, 0x00, 0x00,
    0x00, 0xF5, 0x0A, 0x00, 0xB0, 0x5F, 0x00, 0x00, 0x00, 0xFD, 0x02, 0x10, 0xFC, 0x05, 0x00, 0x00,
    0x70, 0x8F, 0x00, 0xD0, 0xDF, 0xAA, 0x02, 0x00, 0xE1, 0x1E, 0x00, 0xF2, 0xFF, 0xFF, 0x04, 0x00,
    0x20, 0x01, 0x00, 0x00, 0x00, 0x00, 0x00, 0x80, 0xFE, 0x1C, 0x00, 0x40, 0xBF, 0x00, 0x00, 0xC0,
    0x99, 0xAF, 0x00, 0xD0, 0x2F, 0x00, 0x00, 0x00, 0x00, 0xBF, 0x00, 0xF6, 0x09, 0x00, 0x00, 0x00,
    0x95, 0x5F, 0x00, 0xEE, 0x01, 0x00, 0x00, 0x20, 0xFF, 0x3C, 0x80, 0x7F, 0x00, 0x00, 0x00, 0x00,
    0x10, 0xEE, 0xF2, 0x0D, 0xF2, 0x2F, 0x00, 0xC4, 0x87, 0xEF, 0xFA, 0x05, 0xFC, 0x2F, 0x00, 0xB1,
    0xFF, 0x7C, 0xCF, 0x70, 0xCE, 0x2F, 0x00, 0x00, 0x00, 0xC0, 0x3F, 0xF2, 0xC5, 0x2F, 0x00, 0x00,
    0x00, 0xF5, 0x0A, 0xDC, 0xE6, 0x7F, 0x01, 0x00, 0x00, 0xFE, 0x01, 0xFF, 0xFF, 0xFF, 0x03, 0x00,
    0x70, 0x8F, 0x00, 0x00, 0xC0, 0x2F, 0x00, 0x00, 0x60, 0xCF, 0x00, 0x00, 0x00, 0xB0, 0xFF, 0x01,
    0x00, 0x00, 0x40, 0x9C, 0x00, 0x00, 0x00, 0x00, 0x00, 0x00, 0x00, 0x00, 0x00, 0x00, 0x00, 0x00,
    0x00, 0x50, 0xDF, 0x00, 0x00, 0x00, 0xD3, 0x8F, 0x00, 0x00, 0x70, 0xFF, 0x06, 0x00, 0x00, 0xF5,
    0x2F, 0x00, 0x00, 0x00, 0xF8, 0x3F, 0x31, 0x58, 0x00, 0xF4, 0xFF, 0xFF, 0xDF, 0x00, 0x40, 0xFC,
    0xEF, 0x3A, 0x00, 0x00, 0xE2, 0xCF, 0x00, 0x00, 0x00, 0x00, 0x20, 0xFD, 0x07, 0x00, 0x00, 0x00,
    0x00, 0xC1, 0x3F, 0x00, 0x00, 0x00, 0x00, 0x00, 0x00, 0x00, 0x00, 0x00, 0x00, 0xFE, 0x9F, 0x00,
    0x00, 0x00, 0x40, 0xFF, 0xEF, 0x00, 0x00, 0x00, 0x90, 0xBF, 0xFE, 0x05, 0x00, 0x00, 0xF0, 0x6F,
    0xFA, 0x0A, 0x00, 0x00, 0xF5, 0x1F, 0xF5, 0x1F, 0x00, 0x00, 0xFA, 0x0B, 0xF0, 0x6F, 0x00, 0x10,
    0xFF, 0x28, 0xB2, 0xCF, 0x00, 0x60, 0xFF, 0xFF, 0xFF, 0xFF, 0x01, 0xC0, 0xFF, 0xFF, 0xFF, 0xFF,
    0x07, 0xF1, 0x8F, 0x00, 0x00, 0xFC, 0x0D, 0xF7, 0x3F, 0x00, 0x00, 0xF7, 0x3F, 0xFD, 0x0E, 0x00,
    0x00, 0xF3, 0x8F, 0x00, 0x00, 0x10, 0xFE, 0x0C, 0x00, 0x00, 0x00, 0xB0, 0xBF, 0x00, 0x00, 0x00,
    0x00, 0xF7, 0x09, 0x00, 0x00, 0x00, 0x00, 0x00, 0x00, 0x00, 0x00, 0x00, 0x00, 0xFE, 0x9F, 0x00,
    0x00, 0x00, 0x40, 0xFF, 0xEF, 0x00, 0x00, 0x00, 0x90, 0xBF, 0xFE, 0x05, 0x00, 0x00, 0xF0, 0x6F,
    0xFA, 0x0A, 0x00, 0x00, 0xF5, 0x1F, 0xF5, 0x1F, 0x00, 0x00, 0xFA, 0x0B, 0xF0, 0x6F, 0x00, 0x10,
    0xFF, 0x28, 0xB2, 0xCF, 0x00, 0x60, 0xFF, 0xFF, 0xFF, 0xFF, 0x01, 0xC0, 0xFF, 0xFF, 0xFF, 0xFF,
    0x07, 0xF1, 0x8F, 0x00, 0x00, 0xFC, 0x0D, 0xF7, 0x3F, 0x00, 0x00, 0xF7, 0x3F, 0xFD, 0x0E, 0x00,
    0x00, 0xF3, 0x8F, 0x00, 0x00, 0xFD, 0xBF, 0x00, 0x00, 0x00, 0xA0, 0xBF, 0xFE, 0x07, 0x00, 0x00,
    0xF7, 0x09, 0xC1, 0x4F, 0x00, 0x00, 0x00, 0x00, 0x00, 0x00, 0x00, 0x00, 0x00, 0xFE, 0x9F, 0x00,
    0x00, 0x00, 0x40, 0xFF, 0xEF, 0x00, 0x00, 0x00, 0x90, 0xBF, 0xFE, 0x05, 0x00, 0x00, 0xF0, 0x6F,
    0xFA, 0x0A, 0x00, 0x00, 0xF5, 0x1F, 0xF5, 0x1F, 0x00, 0x00, 0xFA, 0x0B, 0xF0, 0x6F, 0x00, 0x10,
    0xFF, 0x28, 0xB2, 0xCF, 0x00, 0x60, 0xFF, 0xFF, 0xFF, 0xFF, 0x01, 0xC0, 0xFF, 0xFF, 0xFF, 0xFF,
    0x07, 0xF1, 0x8F, 0x00, 0x00, 0xFC, 0x0D, 0xF7, 0x3F, 0x00, 0x00, 0xF7, 0x3F, 0xFD, 0x0E, 0x00,
    0x00, 0xF3, 0x8F, 0x00, 0x80, 0xBF, 0x11, 0x3F, 0x00, 0x00, 0xF4, 0xFC, 0xDE, 0x0F, 0x00, 0x00,
    0xC8, 0x30, 0xED, 0x05, 0x00, 0x00, 0x00, 0x00, 0x00, 0x00, 0x00, 0x00, 0x00, 0xFE, 0x9F, 0x00,
    0x00, 0x00, 0x40, 0xFF, 0xEF, 0x00, 0x00, 0x00, 0x90, 0xBF, 0xFE, 0x05, 0x00, 0x00, 0xF0, 0x6F,
    0xFA, 0x0A, 0x00, 0x00, 0xF5, 0x1F, 0xF5, 0x1F, 0x00, 0x00, 0xFA, 0x0B, 0xF0, 0x6F, 0x00, 0x10,
    0xFF, 0x28, 0xB2, 0xCF, 0x00, 0x60, 0xFF, 0xFF, 0xFF, 0xFF, 0x01, 0xC0, 0xFF, 0xFF, 0xFF, 0xFF,
    0x07, 0xF1, 0x8F, 0x00, 0x00, 0xFC, 0x0D, 0xF7, 0x3F, 0x00, 0x00, 0xF7, 0x3F, 0xFD, 0x0E, 0x00,
    0x00, 0xF3, 0x8F, 0x00, 0x10, 0x02, 0x30, 0x00, 0x00, 0x00, 0xE0, 0x3F, 0xF8, 0x09, 0x00, 0x00,
    0xB0, 0x2E, 0xF6, 0x07, 0x00, 0x00, 0x00, 0x00, 0x00, 0x00, 0x00, 0x00, 0x00, 0x00, 0x00, 0x00,
    0x00, 0x00, 0x00, 0xFE, 0x9F, 0x00, 0x00, 0x00, 0x40, 0xFF, 0xEF, 0x00, 0x00, 0x00, 0x90, 0xBF,
    0xFE, 0x05, 0x00, 0x00, 0xF0, 0x6F, 0xFA, 0x0A, 0x00, 0x00, 0xF5, 0x1F, 0xF5, 0x1F, 0x00, 0x00,
    0xFA, 0x0B, 0xF0, 0x6F, 0x00, 0x10, 0xFF, 0x28, 0xB2, 0xCF, 0x00, 0x60, 0xFF, 0xFF, 0xFF, 0xFF,
    0x01, 0xC0, 0xFF, 0xFF, 0xFF, 0xFF, 0x07, 0xF1, 0x8F, 0x00, 0x00, 0xFC, 0x0D, 0xF7, 0x3F, 0x00,
    0x00, 0xF7, 0x3F, 0xFD, 0x0E, 0x00, 0x00, 0xF3, 0x8F, 0x00, 0x00, 0xF8, 0x4E, 0x00, 0x00, 0x00,
    0x20, 0x5F, 0xE9, 0x00, 0x00, 0x00, 0x20, 0x5F, 0xD9, 0x00, 0x00, 0x00, 0x00, 0xFE, 0xAF, 0x00,
    0x00, 0x00, 0x40, 0xFF, 0xEF, 0x00, 0x00, 0x00, 0x90, 0xBF, 0xFE, 0x05, 0x00, 0x00, 0xF0, 0x6F,
    0xFA, 0x0A, 0x00, 0x00, 0xF5, 0x1F, 0xF5, 0x1F, 0x00, 0x00, 0xFA, 0x0B, 0xF0, 0x6F, 0x00, 0x10,
    0xFF, 0x28, 0xB2, 0xCF, 0x00, 0x60, 0xFF, 0xFF, 0xFF, 0xFF, 0x01, 0xC0, 0xFF, 0xFF, 0xFF, 0xFF,
    0x07, 0xF1, 0x8F, 0x00, 0x00, 0xFC, 0x0D, 0xF7, 0x3F, 0x00, 0x00, 0xF7, 0x3F, 0xFD, 0x0E, 0x00,
    0x00, 0xF3, 0x8F, 0x00, 0x00, 0xC0, 0xFF, 0xFF, 0xFF, 0xFF, 0x3F, 0x00, 0x00, 0xF3, 0xFF, 0xFF,
    0xFF, 0xFF, 0x3F, 0x00, 0x00, 0xFB, 0x4C, 0xFF, 0x19, 0x11, 0x01, 0x00, 0x20, 0xFF, 0x14, 0xFF,
    0x08, 0x00, 0x00, 0x00, 0x90, 0xDF, 0x10, 0xFF, 0x19, 0x11, 0x01, 0x00, 0xF1, 0x6F, 0x10, 0xFF,
    0xFF, 0xFF, 0x0E, 0x00, 0xF8, 0x3F, 0x32, 0xFF, 0xFF, 0xFF, 0x0E, 0x00, 0xFE, 0xFF, 0xFF, 0xFF,
    0x08, 0x00, 0x00, 0x60, 0xFF, 0xFF, 0xFF, 0xFF, 0x08, 0x00, 0x00, 0xD0, 0xAF, 0x00, 0x10, 0xFF,
    0x29, 0x22, 0x02, 0xF5, 0x3F, 0x00, 0x10, 0xFF, 0xFF, 0xFF, 0x3F, 0xFC, 0x0D, 0x00, 0x10, 0xFF,
    0xFF, 0xFF, 0x3F, 0x00, 0x30, 0xEA, 0xFF, 0x7C, 0x00, 0x00, 0xF5, 0xFF, 0xFF, 0xFF, 0x00, 0x20,
    0xFF, 0x6E, 0x42, 0x89, 0x00, 0x90, 0xFF, 0x04, 0x00, 0x00, 0x00, 0xD0, 0xDF, 0x00, 0x00, 0x00,
    0x00, 0xF0, 0xAF, 0x00, 0x00, 0x00, 0x00, 0xF0, 0xAF, 0x00, 0x00, 0x00, 0x00, 0xE0, 0xCF, 0x00,
    0x00, 0x00, 0x00, 0xA0, 0xFF, 0x02, 0x00, 0x00, 0x00, 0x30, 0xFF, 0x5E, 0x32, 0x86, 0x00, 0x00,
    0xF8, 0xFF, 0xFF, 0xCF, 0x00, 0x00, 0x40, 0xEB, 0xEF, 0x6C, 0x00, 0x00, 0x00, 0xB0, 0x3F, 0x00,
    0x00, 0x00, 0x00, 0x60, 0xFE, 0x02, 0x00, 0x00, 0x00, 0x64, 0xFE, 0x03, 0x00, 0x00, 0x00, 0xF7,
    0x9F, 0x00, 0x00, 0xC0, 0xEF, 0x01, 0x00, 0x00, 0xFB, 0x0B, 0x00, 0x00, 0x90, 0x7F, 0x00, 0x00,
    0x00, 0x00, 0x00, 0xF7, 0xFF, 0xFF, 0x8F, 0xF7, 0xFF, 0xFF, 0x8F, 0xF7, 0x3F, 0x11, 0x01, 0xF7,
    0x1F, 0x00, 0x00, 0xF7, 0x3F, 0x11, 0x01, 0xF7, 0xFF, 0xFF, 0x3F, 0xF7, 0xFF, 0xFF, 0x3F, 0xF7,
    0x1F, 0x00, 0x00, 0xF7, 0x1F, 0x00, 0x00, 0xF7, 0x3F, 0x22, 0x12, 0xF7, 0xFF, 0xFF, 0x8F, 0xF7,
    0xFF, 0xFF, 0x8F, 0x00, 0x00, 0xFC, 0x2E, 0x00, 0x70, 0xDF, 0x02, 0x00, 0xF3, 0x1C, 0x00, 0x00,
    0x00, 0x00, 0x00, 0xF7, 0xFF, 0xFF, 0x8F, 0xF7, 0xFF, 0xFF, 0x8F, 0xF7, 0x3F, 0x11, 0x01, 0xF7,
    0x1F, 0x00, 0x00, 0xF7, 0x3F, 0x11, 0x01, 0xF7, 0xFF, 0xFF, 0x3F, 0xF7, 0xFF, 0xFF, 0x3F, 0xF7,
    0x1F, 0x00, 0x00, 0xF7, 0x1F, 0x00, 0x00, 0xF7, 0x3F, 0x22, 0x12, 0xF7, 0xFF, 0xFF, 0x8F, 0xF7,
    0xFF, 0xFF, 0x8F, 0x00, 0xFA, 0xEF, 0x00, 0x60, 0xEF, 0xFC, 0x0A, 0xF3, 0x1C, 0x90, 0x7F, 0x00,
    0x00, 0x00, 0x00, 0xF7, 0xFF, 0xFF, 0x8F, 0xF7, 0xFF, 0xFF, 0x8F, 0xF7, 0x3F, 0x11, 0x01, 0xF7,
    0x1F, 0x00, 0x00, 0xF7, 0x3F, 0x11, 0x01, 0xF7, 0xFF, 0xFF, 0x3F, 0xF7, 0xFF, 0xFF, 0x3F, 0xF7,
    0x1F, 0x00, 0x00, 0xF7, 0x1F, 0x00, 0x00, 0xF7, 0x3F, 0x22, 0x12, 0xF7, 0xFF, 0xFF, 0x8F, 0xF7,
    0xFF, 0xFF, 0x8F, 0x00, 0x03, 0x20, 0x01, 0xA0, 0x7F, 0xF4, 0x0D, 0x80, 0x5F, 0xF3, 0x0B, 0x00,
    0x00, 0x00, 0x00, 0x00, 0x00, 0x00, 0x00, 0xF7, 0xFF, 0xFF, 0x8F, 0xF7, 0xFF, 0xFF, 0x8F, 0xF7,
    0x3F, 0x11, 0x01, 0xF7, 0x1F, 0x00, 0x00, 0xF7, 0x3F, 0x11, 0x01, 0xF7, 0xFF, 0xFF, 0x3F, 0xF7,
    0xFF, 0xFF, 0x3F, 0xF7, 0x1F, 0x00, 0x00, 0xF7, 0x1F, 0x00, 0x00, 0xF7, 0x3F, 0x22, 0x12, 0xF7,
    0xFF, 0xFF, 0x8F, 0xF7, 0xFF, 0xFF, 0x8F, 0xF6, 0x6F, 0x00, 0x60, 0xFF, 0x02, 0x00, 0xF4, 0x0C,
    0x00, 0x00, 0x00, 0x00, 0xF7, 0x1F, 0x00, 0xF7, 0x1F, 0x00, 0xF7, 0x1F, 0x00, 0xF7, 0x1F, 0x00,
    0xF7, 0x1F, 0x00, 0xF7, 0x1F, 0x00, 0xF7, 0x1F, 0x00, 0xF7, 0x1F, 0x00, 0xF7, 0x1F, 0x00, 0xF7,
    0x1F, 0x00, 0xF7, 0x1F, 0x00, 0xF7, 0x1F, 0x00, 0xFB, 0x2E, 0x70, 0xEF, 0x02, 0xF3, 0x1C, 0x00,
    0x00, 0x00, 0x00, 0xF7, 0x1F, 0x00, 0xF7, 0x1F, 0x00, 0xF7, 0x1F, 0x00, 0xF7, 0x1F, 0x00, 0xF7,
    0x1F, 0x00, 0xF7, 0x1F, 0x00, 0xF7, 0x1F, 0x00, 0xF7, 0x1F, 0x00, 0xF7, 0x1F, 0x00, 0xF7, 0x1F,
    0x00, 0xF7, 0x1F, 0x00, 0xF7, 0x1F, 0x00, 0x10, 0xFE, 0x9F, 0x00, 0xB0, 0xBF, 0xFE, 0x06, 0xF8,
    0x08, 0xC2, 0x3F, 0x00, 0x00, 0x00, 0x00, 0x00, 0xF7, 0x1F, 0x00, 0x00, 0xF7, 0x1F, 0x00, 0x00,
    0xF7, 0x1F, 0x00, 0x00, 0xF7, 0x1F, 0x00, 0x00, 0xF7, 0x1F, 0x00, 0x00, 0xF7, 0x1F, 0x00, 0x00,
    0xF7, 0x1F, 0x00, 0x00, 0xF7, 0x1F, 0x00, 0x00, 0xF7, 0x1F, 0x00, 0x00, 0xF7, 0x1F, 0x00, 0x00,
    0xF7, 0x1F, 0x00, 0x00, 0xF7, 0x1F, 0x00, 0x10, 0x02, 0x30, 0x00, 0xE0, 0x3F, 0xF9, 0x09, 0xC0,
    0x2E, 0xF7, 0x07, 0x00, 0x00, 0x00, 0x00, 0x00, 0x00, 0x00, 0x00, 0x00, 0xF7, 0x1F, 0x00, 0x00,
    0xF7, 0x1F, 0x00, 0x00, 0xF7, 0x1F, 0x00, 0x00, 0xF7, 0x1F, 0x00, 0x00, 0xF7, 0x1F, 0x00, 0x00,
    0xF7, 0x1F, 0x00, 0x00, 0xF7, 0x1F, 0x00, 0x00, 0xF7, 0x1F, 0x00, 0x00, 0xF7, 0x1F, 0x00, 0x00,
    0xF7, 0x1F, 0x00, 0x00, 0xF7, 0x1F, 0x00, 0x00, 0xF7, 0x1F, 0x00, 0x70, 0xFF, 0xFF, 0xBE, 0x06,
    0x00, 0x70, 0xFF, 0xFF, 0xFF, 0xCF, 0x01, 0x70, 0xFF, 0x13, 0xA3, 0xFF, 0x0B, 0x70, 0xFF, 0x01,
    0x00, 0xFA, 0x3F, 0x81, 0xFF, 0x13, 0x00, 0xF3, 0x7F, 0xF9, 0xFF, 0xFF, 0x01, 0xF1, 0x9F, 0xF9,
    0xFF, 0xFF, 0x01, 0xF1, 0x8F, 0x70, 0xFF, 0x01, 0x00, 0xF4, 0x6F, 0x70, 0xFF, 0x01, 0x00, 0xFB,
    0x2F, 0x70, 0xFF, 0x23, 0xB4, 0xFF, 0x0A, 0x70, 0xFF, 0xFF, 0xFF, 0xBF, 0x00, 0x70, 0xFF, 0xFF,
    0xAE, 0x04, 0x00, 0x00, 0x70, 0xBF, 0x01, 0x4F, 0x00, 0x00, 0xF3, 0xFC, 0xDE, 0x1F, 0x00, 0x00,
    0xD7, 0x20, 0xEC, 0x05, 0x00, 0x00, 0x00, 0x00, 0x00, 0x00, 0x00, 0xF7, 0xFF, 0x01, 0x00, 0xF0,
    0x4F, 0xF7, 0xFF, 0x0A, 0x00, 0xF0, 0x4F, 0xF7, 0xFF, 0x3F, 0x00, 0xF0, 0x4F, 0xF7, 0xEB, 0xDF,
    0x00, 0xF0, 0x4F, 0xF7, 0x5B, 0xFF, 0x06, 0xF0, 0x4F, 0xF7, 0x0C, 0xFC, 0x1E, 0xF0, 0x4F, 0xF7,
    0x0D, 0xF3, 0x9F, 0xF0, 0x4F, 0xF7, 0x0D, 0x90, 0xFF, 0xF2, 0x4F, 0xF7, 0x0D, 0x10, 0xFE, 0xEC,
    0x4F, 0xF7, 0x0D, 0x00, 0xF6, 0xFF, 0x4F, 0xF7, 0x0D, 0x00, 0xD0, 0xFF, 0x4F, 0xF7, 0x0D, 0x00,
    0x40, 0xFF, 0x4F, 0x00, 0x30, 0xFF, 0x0A, 0x00, 0x00, 0x00, 0x00, 0x00, 0xE3, 0x6F, 0x00, 0x00,
    0x00, 0x00, 0x00, 0x20, 0xFD, 0x02, 0x00, 0x00, 0x00, 0x00, 0x00, 0x00, 0x00, 0x00, 0x00, 0x00,
    0x30, 0xEA, 0xFF, 0x8D, 0x00, 0x00, 0x00, 0xF7, 0xFF, 0xFF, 0xFF, 0x1D, 0x00, 0x30, 0xFF, 0x6E,
    0x32, 0xF9, 0xBF, 0x00, 0xA0, 0xFF, 0x03, 0x00, 0xB0, 0xFF, 0x02, 0xE0, 0xDF, 0x00, 0x00, 0x50,
    0xFF, 0x06, 0xF0, 0xBF, 0x00, 0x00, 0x20, 0xFF, 0x08, 0xF0, 0xBF, 0x00, 0x00, 0x20, 0xFF, 0x08,
    0xE0, 0xDF, 0x00, 0x00, 0x50, 0xFF, 0x06, 0xA0, 0xFF, 0x03, 0x00, 0xB0, 0xFF, 0x02, 0x30, 0xFF,
    0x6E, 0x43, 0xFA, 0xBF, 0x00, 0x00, 0xF6, 0xFF, 0xFF, 0xFF, 0x1D, 0x00, 0x00, 0x30, 0xEA, 0xFF,
    0x7D, 0x00, 0x00, 0x00, 0x00, 0x00, 0xF2, 0xBF, 0x00, 0x00, 0x00, 0x00, 0x00, 0xFC, 0x0A, 0x00,
    0x00, 0x00, 0x00, 0x80, 0x8F, 0x00, 0x00, 0x00, 0x00, 0x00, 0x00, 0x00, 0x00, 0x00, 0x00, 0x00,
    0x30, 0xEA, 0xFF, 0x8D, 0x00, 0x00, 0x00, 0xF7, 0xFF, 0xFF, 0xFF, 0x1D, 0x00, 0x30, 0xFF, 0x6E,
    0x32, 0xF9, 0xBF, 0x00, 0xA0, 0xFF, 0x03, 0x00, 0xB0, 0xFF, 0x02, 0xE0, 0xDF, 0x00, 0x00, 0x50,
    0xFF, 0x06, 0xF0, 0xBF, 0x00, 0x00, 0x20, 0xFF, 0x08, 0xF0, 0xBF, 0x00, 0x00, 0x20, 0xFF, 0x08,
    0xE0, 0xDF, 0x00, 0x00, 0x50, 0xFF, 0x06, 0xA0, 0xFF, 0x03, 0x00, 0xB0, 0xFF, 0x02, 0x30, 0xFF,
    0x6E, 0x43, 0xFA, 0xBF, 0x00, 0x00, 0xF6, 0xFF, 0xFF, 0xFF, 0x1D, 0x00, 0x00, 0x30, 0xEA, 0xFF,
    0x7D, 0x00, 0x00, 0x00, 0x00, 0xE1, 0xFF, 0x09, 0x00, 0x00, 0x00, 0x00, 0xFB, 0xEB, 0x5F, 0x00,
    0x00, 0x00, 0x90, 0x8F, 0x20, 0xFD, 0x03, 0x00, 0x00, 0x00, 0x00, 0x00, 0x00, 0x00, 0x00, 0x00,
    0x30, 0xEA, 0xFF, 0x8D, 0x00, 0x00, 0x00, 0xF7, 0xFF, 0xFF, 0xFF, 0x1D, 0x00, 0x30, 0xFF, 0x6E,
    0x32, 0xF9, 0xBF, 0x00, 0xA0, 0xFF, 0x03, 0x00, 0xB0, 0xFF, 0x02, 0xE0, 0xDF, 0x00, 0x00, 0x50,
    0xFF, 0x06, 0xF0, 0xBF, 0x00, 0x00, 0x20, 0xFF, 0x08, 0xF0, 0xBF, 0x00, 0x00, 0x20, 0xFF, 0x08,
    0xE0, 0xDF, 0x00, 0x00, 0x50, 0xFF, 0x06, 0xA0, 0xFF, 0x03, 0x00, 0xB0, 0xFF, 0x02, 0x30, 0xFF,
    0x6E, 0x43, 0xFA, 0xBF, 0x00, 0x00, 0xF6, 0xFF, 0xFF, 0xFF, 0x1D, 0x00, 0x00, 0x30, 0xEA, 0xFF,
    0x7D, 0x00, 0x00, 0x00, 0x00, 0xFA, 0x09, 0xF2, 0x01, 0x00, 0x00, 0x60, 0xBF, 0xEF, 0xDD, 0x00,
    0x00, 0x00, 0xA0, 0x0A, 0xD4, 0x3E, 0x00, 0x00, 0x00, 0x00, 0x00, 0x00, 0x00, 0x00, 0x00, 0x00,
    0x30, 0xEA, 0xFF, 0x8D, 0x00, 0x00, 0x00, 0xF7, 0xFF, 0xFF, 0xFF, 0x1D, 0x00, 0x30, 0xFF, 0x6E,
    0x32, 0xF9, 0xBF, 0x00, 0xA0, 0xFF, 0x03, 0x00, 0xB0, 0xFF, 0x02, 0xE0, 0xDF, 0x00, 0x00, 0x50,
    0xFF, 0x06, 0xF0, 0xBF, 0x00, 0x00, 0x20, 0xFF, 0x08, 0xF0, 0xBF, 0x00, 0x00, 0x20, 0xFF, 0x08,
    0xE0, 0xDF, 0x00, 0x00, 0x50, 0xFF, 0x06, 0xA0, 0xFF, 0x03, 0x00, 0xB0, 0xFF, 0x02, 0x30, 0xFF,
    0x6E, 0x43, 0xFA, 0xBF, 0x00, 0x00, 0xF6, 0xFF, 0xFF, 0xFF, 0x1D, 0x00, 0x00, 0x30, 0xEA, 0xFF,
    0x7D, 0x00, 0x00, 0x00, 0x00, 0x21, 0x00, 0x03, 0x00, 0x00, 0x00, 0x00, 0xFF, 0xA2, 0x8F, 0x00,
    0x00, 0x00, 0x00, 0xED, 0x81, 0x6F, 0x00, 0x00, 0x00, 0x00, 0x00, 0x00, 0x00, 0x00, 0x00, 0x00,
    0x00, 0x00, 0x00, 0x00, 0x00, 0x00, 0x00, 0x30, 0xEA, 0xFF, 0x8D, 0x00, 0x00, 0x00, 0xF7, 0xFF,
    0xFF, 0xFF, 0x1D, 0x00, 0x30, 0xFF, 0x6E, 0x32, 0xF9, 0xBF, 0x00, 0xA0, 0xFF, 0x03, 0x00, 0xB0,
    0xFF, 0x02, 0xE0, 0xDF, 0x00, 0x00, 0x50, 0xFF, 0x06, 0xF0, 0xBF, 0x00, 0x00, 0x20, 0xFF, 0x08,
    0xF0, 0xBF, 0x00, 0x00, 0x20, 0xFF, 0x08, 0xE0, 0xDF, 0x00, 0x00, 0x50, 0xFF, 0x06, 0xA0, 0xFF,
    0x03, 0x00, 0xB0, 0xFF, 0x02, 0x30, 0xFF, 0x6E, 0x43, 0xFA, 0xBF, 0x00, 0x00, 0xF6, 0xFF, 0xFF,
    0xFF, 0x1D, 0x00, 0x00, 0x30, 0xEA, 0xFF, 0x7D, 0x00, 0x00, 0xB3, 0x00, 0x30, 0x0B, 0xFA, 0x0B,
    0xE2, 0x6F, 0xC0, 0xBF, 0xFE, 0x08, 0x10, 0xFD, 0x9F, 0x00, 0x10, 0xFD, 0x8F, 0x00, 0xC0, 0xBF,
    0xFE, 0x07, 0xFA, 0x0B, 0xE2, 0x5F, 0xB3, 0x00, 0x30, 0x0B, 0x00, 0x00, 0x00, 0x00, 0x00, 0x3B,
    0x00, 0x00, 0x30, 0xEA, 0xFF, 0xAC, 0x6F, 0x00, 0x00, 0xF7, 0xFF, 0xFF, 0xFF, 0x1F, 0x00, 0x30,
    0xFF, 0x6E, 0x32, 0xFE, 0xBF, 0x00, 0xA0, 0xFF, 0x03, 0x50, 0xFF, 0xFF, 0x02, 0xE0, 0xDF, 0x00,
    0xF2, 0x6D, 0xFF, 0x06, 0xF0, 0xBF, 0x00, 0xFC, 0x23, 0xFF, 0x08, 0xF0, 0xBF, 0x80, 0x7F, 0x20,
    0xFF, 0x08, 0xE0, 0xDF, 0xF4, 0x0B, 0x50, 0xFF, 0x06, 0xA0, 0xFF, 0xEF, 0x01, 0xB0, 0xFF, 0x02,
    0x30, 0xFF, 0x9F, 0x43, 0xFA, 0xBF, 0x00, 0x00, 0xF9, 0xFF, 0xFF, 0xFF, 0x1D, 0x00, 0x00, 0xED,
    0xEA, 0xFF, 0x7D, 0x00, 0x00, 0x00, 0x78, 0x00, 0x00, 0x00, 0x00, 0x00, 0x00, 0xF7, 0x5F, 0x00,
    0x00, 0x00, 0x00, 0x70, 0xEF, 0x01, 0x00, 0x00, 0x00, 0x00, 0xF5, 0x0C, 0x00, 0x00, 0x00, 0x00,
    0x00, 0x00, 0x00, 0x00, 0xF9, 0x0F, 0x00, 0x20, 0xFF, 0x06, 0xF9, 0x0F, 0x00, 0x20, 0xFF, 0x06,
    0xF9, 0x0F, 0x00, 0x20, 0xFF, 0x06, 0xF9, 0x0F, 0x00, 0x20, 0xFF, 0x06, 0xF9, 0x0F, 0x00, 0x20,
    0xFF, 0x06, 0xF9, 0x0F, 0x00, 0x20, 0xFF, 0x06, 0xF9, 0x0F, 0x00, 0x20, 0xFF, 0x06, 0xF8, 0x0F,
    0x00, 0x20, 0xFF, 0x06, 0xF7, 0x3F, 0x00, 0x50, 0xFF, 0x05, 0xF3, 0xDF, 0x25, 0xE5, 0xFF, 0x01,
    0x80, 0xFF, 0xFF, 0xFF, 0x5F, 0x00, 0x00, 0xC5, 0xFF, 0xAE, 0x03, 0x00, 0x00, 0x00, 0x70, 0xFF,
    0x05, 0x00, 0x00, 0x00, 0xF3, 0x5F, 0x00, 0x00, 0x00, 0x00, 0xED, 0x04, 0x00, 0x00, 0x00, 0x00,
    0x00, 0x00, 0x00, 0x00, 0xF9, 0x0F, 0x00, 0x20, 0xFF, 0x06, 0xF9, 0x0F, 0x00, 0x20, 0xFF, 0x06,
    0xF9, 0x0F, 0x00, 0x20, 0xFF, 0x06, 0xF9, 0x0F, 0x00, 0x20, 0xFF, 0x06, 0xF9, 0x0F, 0x00, 0x20,
    0xFF, 0x06, 0xF9, 0x0F, 0x00, 0x20, 0xFF, 0x06, 0xF9, 0x0F, 0x00, 0x20, 0xFF, 0x06, 0xF8, 0x0F,
    0x00, 0x20, 0xFF, 0x06, 0xF7, 0x3F, 0x00, 0x50, 0xFF, 0x05, 0xF3, 0xDF, 0x25, 0xE5, 0xFF, 0x01,
    0x80, 0xFF, 0xFF, 0xFF, 0x5F, 0x00, 0x00, 0xC5, 0xFF, 0xAE, 0x03, 0x00, 0x00, 0x50, 0xFF, 0x4F,
    0x00, 0x00, 0x00, 0xF2, 0xAF, 0xEF, 0x01, 0x00, 0x00, 0xED, 0x04, 0xF5, 0x0C, 0x00, 0x00, 0x00,
    0x00, 0x00, 0x00, 0x00, 0xF9, 0x0F, 0x00, 0x20, 0xFF, 0x06, 0xF9, 0x0F, 0x00, 0x20, 0xFF, 0x06,
    0xF9, 0x0F, 0x00, 0x20, 0xFF, 0x06, 0xF9, 0x0F, 0x00, 0x20, 0xFF, 0x06, 0xF9, 0x0F, 0x00, 0x20,
    0xFF, 0x06, 0xF9, 0x0F, 0x00, 0x20, 0xFF, 0x06, 0xF9, 0x0F, 0x00, 0x20, 0xFF, 0x06, 0xF8, 0x0F,
    0x00, 0x20, 0xFF, 0x06, 0xF7, 0x3F, 0x00, 0x50, 0xFF, 0x05, 0xF3, 0xDF, 0x25, 0xE5, 0xFF, 0x01,
    0x80, 0xFF, 0xFF, 0xFF, 0x5F, 0x00, 0x00, 0xC5, 0xFF, 0xAE, 0x03, 0x00, 0x00, 0x20, 0x00, 0x21,
    0x00, 0x00, 0x00, 0xF5, 0x0C, 0xFF, 0x02, 0x00, 0x00, 0xF3, 0x0A, 0xED, 0x02, 0x00, 0x00, 0x00,
    0x00, 0x00, 0x00, 0x00, 0x00, 0x00, 0x00, 0x00, 0x00, 0x00, 0xF9, 0x0F, 0x00, 0x20, 0xFF, 0x06,
    0xF9, 0x0F, 0x00, 0x20, 0xFF, 0x06, 0xF9, 0x0F, 0x00, 0x20, 0xFF, 0x06, 0xF9, 0x0F, 0x00, 0x20,
    0xFF, 0x06, 0xF9, 0x0F, 0x00, 0x20, 0xFF, 0x06, 0xF9, 0x0F, 0x00, 0x20, 0xFF, 0x06, 0xF9, 0x0F,
    0x00, 0x20, 0xFF, 0x06, 0xF8, 0x0F, 0x00, 0x20, 0xFF, 0x06, 0xF7, 0x3F, 0x00, 0x50, 0xFF, 0x05,
    0xF3, 0xDF, 0x25, 0xE5, 0xFF, 0x01, 0x80, 0xFF, 0xFF, 0xFF, 0x5F, 0x00, 0x00, 0xC5, 0xFF, 0xAE,
    0x03, 0x00, 0x00, 0x00, 0x90, 0xFF, 0x04, 0x00, 0x00, 0x00, 0xF4, 0x4F, 0x00, 0x00, 0x00, 0x10,
    0xEE, 0x02, 0x00, 0x00, 0x00, 0x00, 0x00, 0x00, 0x00, 0x00, 0xFB, 0x1F, 0x00, 0x60, 0xFF, 0x05,
    0xF3, 0x8F, 0x00, 0xE0, 0xCF, 0x00, 0xA0, 0xFF, 0x01, 0xF7, 0x3F, 0x00, 0x10, 0xFF, 0x09, 0xFE,
    0x0A, 0x00, 0x00, 0xF8, 0x9F, 0xFF, 0x02, 0x00, 0x00, 0xE1, 0xFF, 0x9F, 0x00, 0x00, 0x00, 0x70,
    0xFF, 0x1F, 0x00, 0x00, 0x00, 0x00, 0xFF, 0x09, 0x00, 0x00, 0x00, 0x00, 0xFF, 0x09, 0x00, 0x00,
    0x00, 0x00, 0xFF, 0x09, 0x00, 0x00, 0x00, 0x00, 0xFF, 0x09, 0x00, 0x00, 0x00, 0x00, 0xFF, 0x09,
    0x00, 0x00, 0xF7, 0x1F, 0x00, 0x00, 0x00, 0xF7, 0x1F, 0x00, 0x00, 0x00, 0xF7, 0xFF, 0xFF, 0x3B,
    0x00, 0xF7, 0xFF, 0xFF, 0xFF, 0x03, 0xF7, 0x2F, 0x61, 0xFF, 0x0B, 0xF7, 0x1F, 0x00, 0xFC, 0x0E,
    0xF7, 0x1F, 0x00, 0xFC, 0x0D, 0xF7, 0x2F, 0x61, 0xFF, 0x0A, 0xF7, 0xFF, 0xFF, 0xFF, 0x02, 0xF7,
    0xFF, 0xEF, 0x2A, 0x00, 0xF7, 0x1F, 0x00, 0x00, 0x00, 0xF7, 0x1F, 0x00, 0x00, 0x00, 0x10, 0xD9,
    0xFF, 0x9D, 0x01, 0x00, 0xE1, 0xFF, 0xFF, 0xFF, 0x1E, 0x00, 0xF8, 0x6F, 0x00, 0xF9, 0x5F, 0x00,
    0xFA, 0x0E, 0x00, 0xF5, 0x3F, 0x00, 0xFA, 0x0D, 0x50, 0xFF, 0x08, 0x00, 0xFA, 0x0D, 0xF4, 0x6F,
    0x00, 0x00, 0xFA, 0x0D, 0xF7, 0x5F, 0x00, 0x00, 0xFA, 0x0D, 0xF2, 0xFF, 0x1B, 0x00, 0xFA, 0x0D,
    0x20, 0xFB, 0xDF, 0x00, 0xFA, 0x0D, 0x00, 0x60, 0xFF, 0x06, 0xFA, 0x0D, 0x04, 0x30, 0xFF, 0x07,
    0xFA, 0x0D, 0xFD, 0xFD, 0xFF, 0x02, 0xFA, 0x0D, 0xE9, 0xFF, 0x4C, 0x00, 0x00, 0xFC, 0x1F, 0x00,
    0x00, 0x00, 0xB0, 0xBF, 0x00, 0x00, 0x00, 0x00, 0xF9, 0x07, 0x00, 0x00, 0x00, 0x00, 0x00, 0x00,
    0x10, 0xD8, 0xFF, 0x8D, 0x00, 0x10, 0xFF, 0xEE, 0xFF, 0x09, 0x00, 0x25, 0x00, 0xFA, 0x0E, 0x10,
    0xC8, 0xFE, 0xFF, 0x0F, 0xD0, 0xFF, 0x8A, 0xFC, 0x0F, 0xF3, 0x7F, 0x00, 0xF9, 0x0F, 0xF3, 0x7F,
    0x20, 0xFE, 0x0F, 0xE0, 0xFF, 0xFE, 0xFD, 0x0F, 0x30, 0xFD, 0x9E, 0xE0, 0x0F, 0x00, 0x00, 0xC0,
    0xEF, 0x02, 0x00, 0x00, 0xF7, 0x2E, 0x00, 0x00, 0x30, 0xCF, 0x01, 0x00, 0x00, 0x00, 0x00, 0x00,
    0x00, 0x10, 0xD8, 0xFF, 0x8D, 0x00, 0x10, 0xFF, 0xEE, 0xFF, 0x09, 0x00, 0x25, 0x00, 0xFA, 0x0E,
    0x10, 0xC8, 0xFE, 0xFF, 0x0F, 0xD0, 0xFF, 0x8A, 0xFC, 0x0F, 0xF3, 0x7F, 0x00, 0xF9, 0x0F, 0xF3,
    0x7F, 0x20, 0xFE, 0x0F, 0xE0, 0xFF, 0xFE, 0xFD, 0x0F, 0x30, 0xFD, 0x9E, 0xE0, 0x0F, 0x00, 0xA0,
    0xFF, 0x1E, 0x00, 0x00, 0xF6, 0xBE, 0xBF, 0x00, 0x30, 0xCF, 0x01, 0xF9, 0x08, 0x00, 0x00, 0x00,
    0x00, 0x00, 0x10, 0xD8, 0xFF, 0x8D, 0x00, 0x10, 0xFF, 0xEE, 0xFF, 0x09, 0x00, 0x25, 0x00, 0xFA,
    0x0E, 0x10, 0xC8, 0xFE, 0xFF, 0x0F, 0xD0, 0xFF, 0x8A, 0xFC, 0x0F, 0xF3, 0x7F, 0x00, 0xF9, 0x0F,
    0xF3, 0x7F, 0x20, 0xFE, 0x0F, 0xE0, 0xFF, 0xFE, 0xFD, 0x0F, 0x30, 0xFD, 0x9E, 0xE0, 0x0F, 0x00,
    0xE5, 0x3D, 0xD0, 0x07, 0x00, 0xDF, 0xFE, 0xFC, 0x03, 0x30, 0x1F, 0xA1, 0x8F, 0x00, 0x00, 0x00,
    0x00, 0x00, 0x00, 0x10, 0xD8, 0xFF, 0x8D, 0x00, 0x10, 0xFF, 0xEE, 0xFF, 0x09, 0x00, 0x25, 0x00,
    0xFA, 0x0E, 0x10, 0xC8, 0xFE, 0xFF, 0x0F, 0xD0, 0xFF, 0x8A, 0xFC, 0x0F, 0xF3, 0x7F, 0x00, 0xF9,
    0x0F, 0xF3, 0x7F, 0x20, 0xFE, 0x0F, 0xE0, 0xFF, 0xFE, 0xFD, 0x0F, 0x30, 0xFD, 0x9E, 0xE0, 0x0F,
    0x00, 0x30, 0x00, 0x12, 0x00, 0x00, 0xF9, 0x48, 0xEF, 0x00, 0x00, 0xF7, 0x36, 0xBF, 0x00, 0x00,
    0x00, 0x00, 0x00, 0x00, 0x00, 0x00, 0x00, 0x00, 0x00, 0x10, 0xD8, 0xFF, 0x8D, 0x00, 0x10, 0xFF,
    0xEE, 0xFF, 0x09, 0x00, 0x25, 0x00, 0xFA, 0x0E, 0x10, 0xC8, 0xFE, 0xFF, 0x0F, 0xD0, 0xFF, 0x8A,
    0xFC, 0x0F, 0xF3, 0x7F, 0x00, 0xF9, 0x0F, 0xF3, 0x7F, 0x20, 0xFE, 0x0F, 0xE0, 0xFF, 0xFE, 0xFD,
    0x0F, 0x30, 0xFD, 0x9E, 0xE0, 0x0F, 0x00, 0x40, 0xFE, 0x08, 0x00, 0x00, 0xD0, 0x59, 0x3F, 0x00,
    0x00, 0xD0, 0x59, 0x2F, 0x00, 0x00, 0x40, 0xFE, 0x08, 0x00, 0x00, 0x00, 0x00, 0x00, 0x00, 0x10,
    0xD8, 0xFF, 0x8D, 0x00, 0x10, 0xFF, 0xEE, 0xFF, 0x09, 0x00, 0x25, 0x00, 0xFA, 0x0E, 0x10, 0xC8,
    0xFE, 0xFF, 0x0F, 0xD0, 0xFF, 0x8A, 0xFC, 0x0F, 0xF3, 0x7F, 0x00, 0xF9, 0x0F, 0xF3, 0x7F, 0x20,
    0xFE, 0x0F, 0xE0, 0xFF, 0xFE, 0xFD, 0x0F, 0x30, 0xFD, 0x9E, 0xE0, 0x0F, 0x10, 0xD8, 0xFF, 0x4C,
    0xD5, 0xFF, 0x3B, 0x00, 0x10, 0xFF, 0xFE, 0xFF, 0xFF, 0xED, 0xFF, 0x03, 0x00, 0x14, 0x00, 0xFC,
    0x3F, 0x00, 0xFC, 0x0A, 0x00, 0x51, 0x76, 0xFD, 0xAF, 0xAA, 0xFD, 0x0D, 0x80, 0xFF, 0xFF, 0xFF,
    0xFF, 0xFF, 0xFF, 0x0D, 0xF2, 0xAF, 0x02, 0xFB, 0x0F, 0x00, 0x00, 0x00, 0xF4, 0x6F, 0x20, 0xFE,
    0x8F, 0x00, 0x40, 0x02, 0xF1, 0xFF, 0xFE, 0x9F, 0xFF, 0xEF, 0xFF, 0x05, 0x40, 0xFC, 0xBF, 0x03,
    0xC4, 0xFF, 0xAE, 0x02, 0x00, 0xB4, 0xFF, 0xAE, 0x00, 0x50, 0xFF, 0xFF, 0xDF, 0x00, 0xE0, 0xEF,
    0x13, 0x44, 0x00, 0xF2, 0x7F, 0x00, 0x00, 0x00, 0xF3, 0x5F, 0x00, 0x00, 0x00, 0xF2, 0x7F, 0x00,
    0x00, 0x00, 0xE0, 0xEF, 0x13, 0x83, 0x00, 0x70, 0xFF, 0xFF, 0xEF, 0x00, 0x00, 0xC5, 0xFF, 0x8D,
    0x00, 0x00, 0x10, 0xCF, 0x01, 0x00, 0x00, 0x10, 0xF9, 0x0C, 0x00, 0x00, 0x60, 0xF7, 0x0D, 0x00,
    0x00, 0xC0, 0xDF, 0x05, 0x00, 0x10, 0xFD, 0x0E, 0x00, 0x00, 0x00, 0xC1, 0xAF, 0x00, 0x00, 0x00,
    0x00, 0xFA, 0x05, 0x00, 0x00, 0x00, 0x00, 0x00, 0x00, 0x00, 0xB4, 0xFF, 0x7D, 0x00, 0x50, 0xFF,
    0xDE, 0xFF, 0x09, 0xD0, 0xBF, 0x00, 0xF5, 0x1F, 0xF2, 0xCF, 0xAA, 0xFB, 0x4F, 0xF3, 0xFF, 0xFF,
    0xFF, 0x5F, 0xF2, 0x6F, 0x00, 0x00, 0x00, 0xD0, 0xDF, 0x02, 0x20, 0x05, 0x40, 0xFF, 0xEF, 0xFF,
    0x0C, 0x00, 0xA3, 0xFE, 0xCF, 0x06, 0x00, 0x00, 0xD0, 0xDF, 0x01, 0x00, 0x00, 0xF8, 0x1D, 0x00,
    0x00, 0x40, 0xBF, 0x01, 0x00, 0x00, 0x00, 0x00, 0x00, 0x00, 0x00, 0xB4, 0xFF, 0x7D, 0x00, 0x50,
    0xFF, 0xDE, 0xFF, 0x09, 0xD0, 0xBF, 0x00, 0xF5, 0x1F, 0xF2, 0xCF, 0xAA, 0xFB, 0x4F, 0xF3, 0xFF,
    0xFF, 0xFF, 0x5F, 0xF2, 0x6F, 0x00, 0x00, 0x00, 0xD0, 0xDF, 0x02, 0x20, 0x05, 0x40, 0xFF, 0xEF,
    0xFF, 0x0C, 0x00, 0xA3, 0xFE, 0xCF, 0x06, 0x00, 0xB0, 0xFF, 0x0D, 0x00, 0x00, 0xF7, 0xCD, 0x9F,
    0x00, 0x40, 0xBF, 0x01, 0xFA, 0x06, 0x00, 0x00, 0x00, 0x00, 0x00, 0x00, 0xB4, 0xFF, 0x7D, 0x00,
    0x50, 0xFF, 0xDE, 0xFF, 0x09, 0xD0, 0xBF, 0x00, 0xF5, 0x1F, 0xF2, 0xCF, 0xAA, 0xFB, 0x4F, 0xF3,
    0xFF, 0xFF, 0xFF, 0x5F, 0xF2, 0x6F, 0x00, 0x00, 0x00, 0xD0, 0xDF, 0x02, 0x20, 0x05, 0x40, 0xFF,
    0xEF, 0xFF, 0x0C, 0x00, 0xA3, 0xFE, 0xCF, 0x06, 0x00, 0x20, 0x00, 0x02, 0x00, 0x00, 0xFB, 0x66,
    0xCF, 0x00, 0x00, 0xF9, 0x44, 0xAF, 0x00, 0x00, 0x00, 0x00, 0x00, 0x00, 0x00, 0x00, 0x00, 0x00,
    0x00, 0x00, 0xB4, 0xFF, 0x7D, 0x00, 0x50, 0xFF, 0xDE, 0xFF, 0x09, 0xD0, 0xBF, 0x00, 0xF5, 0x1F,
    0xF2, 0xCF, 0xAA, 0xFB, 0x4F, 0xF3, 0xFF, 0xFF, 0xFF, 0x5F, 0xF2, 0x6F, 0x00, 0x00, 0x00, 0xD0,
    0xDF, 0x02, 0x20, 0x05, 0x40, 0xFF, 0xEF, 0xFF, 0x0C, 0x00, 0xA3, 0xFE, 0xCF, 0x06, 0xF5, 0x8F,
    0x00, 0x40, 0xFF, 0x03, 0x00, 0xE3, 0x0E, 0x00, 0x00, 0x00, 0x00, 0xFA, 0x0D, 0x00, 0xFA, 0x0D,
    0x00, 0xFA, 0x0D, 0x00, 0xFA, 0x0D, 0x00, 0xFA, 0x0D, 0x00, 0xFA, 0x0D, 0x00, 0xFA, 0x0D, 0x00,
    0xFA, 0x0D, 0x00, 0xFA, 0x0D, 0x40, 0xFF, 0x08, 0xE1, 0x7F, 0x00, 0xFB, 0x06, 0x00, 0x00, 0x00,
    0x00, 0xFA, 0x0D, 0x00, 0xFA, 0x0D, 0x00, 0xFA, 0x0D, 0x00, 0xFA, 0x0D, 0x00, 0xFA, 0x0D, 0x00,
    0xFA, 0x0D, 0x00, 0xFA, 0x0D, 0x00, 0xFA, 0x0D, 0x00, 0xFA, 0x0D, 0x00, 0x30, 0xFF, 0x6F, 0x00,
    0xD1, 0xAF, 0xFF, 0x03, 0xFB, 0x06, 0xE4, 0x1E, 0x00, 0x00, 0x00, 0x00, 0x00, 0xFA, 0x0D, 0x00,
    0x00, 0xFA, 0x0D, 0x00, 0x00, 0xFA, 0x0D, 0x00, 0x00, 0xFA, 0x0D, 0x00, 0x00, 0xFA, 0x0D, 0x00,
    0x00, 0xFA, 0x0D, 0x00, 0x00, 0xFA, 0x0D, 0x00, 0x00, 0xFA, 0x0D, 0x00, 0x00, 0xFA, 0x0D, 0x00,
    0x20, 0x01, 0x21, 0x00, 0xF2, 0x0F, 0xFC, 0x05, 0xE1, 0x0D, 0xFA, 0x03, 0x00, 0x00, 0x00, 0x00,
    0x00, 0x00, 0x00, 0x00, 0x00, 0xFA, 0x0D, 0x00, 0x00, 0xFA, 0x0D, 0x00, 0x00, 0xFA, 0x0D, 0x00,
    0x00, 0xFA, 0x0D, 0x00, 0x00, 0xFA, 0x0D, 0x00, 0x00, 0xFA, 0x0D, 0x00, 0x00, 0xFA, 0x0D, 0x00,
    0x00, 0xFA, 0x0D, 0x00, 0x00, 0xFA, 0x0D, 0x00, 0x00, 0x70, 0x1A, 0xB2, 0x02, 0x00, 0xC0, 0xFF,
    0xFF, 0x05, 0x00, 0x30, 0xFF, 0x9F, 0x00, 0x00, 0xF1, 0x9F, 0xFF, 0x05, 0x00, 0x50, 0x01, 0xF9,
    0x0E, 0x00, 0xD6, 0xFF, 0xFA, 0x6F, 0x70, 0xFF, 0xEF, 0xFF, 0x9F, 0xF0, 0xCF, 0x00, 0xF4, 0xBF,
    0xF3, 0x6F, 0x00, 0xD0, 0xCF, 0xF3, 0x6F, 0x00, 0xE0, 0xAF, 0xF0, 0xCF, 0x00, 0xF5, 0x5F, 0x60,
    0xFF, 0xEF, 0xFF, 0x0B, 0x00, 0xB4, 0xFF, 0x7D, 0x00, 0x00, 0xFB, 0x08, 0xF5, 0x00, 0x80, 0xCF,
    0xDF, 0xBE, 0x00, 0xC0, 0x08, 0xE5, 0x2D, 0x00, 0x00, 0x00, 0x00, 0x00, 0x00, 0xFA, 0x66, 0xFD,
    0x8E, 0x00, 0xFA, 0xFE, 0xFF, 0xFF, 0x08, 0xFA, 0x9F, 0x21, 0xFF, 0x0D, 0xFA, 0x0F, 0x00, 0xFA,
    0x0E, 0xFA, 0x0E, 0x00, 0xFA, 0x0E, 0xFA, 0x0D, 0x00, 0xFA, 0x0E, 0xFA, 0x0D, 0x00, 0xFA, 0x0E,
    0xFA, 0x0D, 0x00, 0xFA, 0x0E, 0xFA, 0x0D, 0x00, 0xFA, 0x0E, 0x00, 0xFA, 0x3F, 0x00, 0x00, 0x00,
    0x90, 0xDF, 0x00, 0x00, 0x00, 0x00, 0xF7, 0x09, 0x00, 0x00, 0x00, 0x00, 0x00, 0x00, 0x00, 0xB3,
    0xFF, 0x8D, 0x00, 0x40, 0xFF, 0xFF, 0xFF, 0x0C, 0xE0, 0xEF, 0x13, 0xF7, 0x6F, 0xF2, 0x7F, 0x00,
    0xE0, 0xAF, 0xF3, 0x5F, 0x00, 0xD0, 0xCF, 0xF2, 0x7F, 0x00, 0xE0, 0xAF, 0xD0, 0xEF, 0x13, 0xF8,
    0x6F, 0x40, 0xFF, 0xFF, 0xFF, 0x0C, 0x00, 0xB3, 0xFF, 0x8D, 0x00, 0x00, 0x00, 0xA0, 0xFF, 0x03,
    0x00, 0x00, 0xF5, 0x3E, 0x00, 0x00, 0x10, 0xDE, 0x02, 0x00, 0x00, 0x00, 0x00, 0x00, 0x00, 0x00,
    0xB3, 0xFF, 0x8D, 0x00, 0x40, 0xFF, 0xFF, 0xFF, 0x0C, 0xE0, 0xEF, 0x13, 0xF7, 0x6F, 0xF2, 0x7F,
    0x00, 0xE0, 0xAF, 0xF3, 0x5F, 0x00, 0xD0, 0xCF, 0xF2, 0x7F, 0x00, 0xE0, 0xAF, 0xD0, 0xEF, 0x13,
    0xF8, 0x6F, 0x40, 0xFF, 0xFF, 0xFF, 0x0C, 0x00, 0xB3, 0xFF, 0x8D, 0x00, 0x00, 0x80, 0xFF, 0x2F,
    0x00, 0x00, 0xF4, 0xBF, 0xCF, 0x00, 0x20, 0xDE, 0x02, 0xF7, 0x0A, 0x00, 0x00, 0x00, 0x00, 0x00,
    0x00, 0xB3, 0xFF, 0x8D, 0x00, 0x40, 0xFF, 0xFF, 0xFF, 0x0C, 0xE0, 0xEF, 0x13, 0xF7, 0x6F, 0xF2,
    0x7F, 0x00, 0xE0, 0xAF, 0xF3, 0x5F, 0x00, 0xD0, 0xCF, 0xF2, 0x7F, 0x00, 0xE0, 0xAF, 0xD0, 0xEF,
    0x13, 0xF8, 0x6F, 0x40, 0xFF, 0xFF, 0xFF, 0x0C, 0x00, 0xB3, 0xFF, 0x8D, 0x00, 0x00, 0xE3, 0x4E,
    0xA0, 0x0A, 0x00, 0xDD, 0xFD, 0xFC, 0x06, 0x10, 0x3F, 0x90, 0xAF, 0x00, 0x00, 0x00, 0x00, 0x00,
    0x00, 0x00, 0xB3, 0xFF, 0x8D, 0x00, 0x40, 0xFF, 0xFF, 0xFF, 0x0C, 0xE0, 0xEF, 0x13, 0xF7, 0x6F,
    0xF2, 0x7F, 0x00, 0xE0, 0xAF, 0xF3, 0x5F, 0x00, 0xD0, 0xCF, 0xF2, 0x7F, 0x00, 0xE0, 0xAF, 0xD0,
    0xEF, 0x13, 0xF8, 0x6F, 0x40, 0xFF, 0xFF, 0xFF, 0x0C, 0x00, 0xB3, 0xFF, 0x8D, 0x00, 0x00, 0x30,
    0x00, 0x12, 0x00, 0x00, 0xF7, 0x2A, 0xFF, 0x00, 0x00, 0xF6, 0x17, 0xDE, 0x00, 0x00, 0x00, 0x00,
    0x00, 0x00, 0x00, 0x00, 0x00, 0x00, 0x00, 0x00, 0xB3, 0xFF, 0x8D, 0x00, 0x40, 0xFF, 0xFF, 0xFF,
    0x0C, 0xE0, 0xEF, 0x13, 0xF7, 0x6F, 0xF2, 0x7F, 0x00, 0xE0, 0xAF, 0xF3, 0x5F, 0x00, 0xD0, 0xCF,
    0xF2, 0x7F, 0x00, 0xE0, 0xAF, 0xD0, 0xEF, 0x13, 0xF8, 0x6F, 0x40, 0xFF, 0xFF, 0xFF, 0x0C, 0x00,
    0xB3, 0xFF, 0x8D, 0x00, 0x00, 0x00, 0x23, 0x00, 0x00, 0x00, 0x30, 0xEF, 0x00, 0x00, 0x00, 0x30,
    0xDF, 0x00, 0x00, 0x00, 0x00, 0x01, 0x00, 0x00, 0xD3, 0xDD, 0xDD, 0xDD, 0x0C, 0xF4, 0xFF, 0xFF,
    0xFF, 0x0F, 0x00, 0x00, 0x00, 0x00, 0x00, 0x00, 0x20, 0xBE, 0x00, 0x00, 0x00, 0x40, 0xFF, 0x00,
    0x00, 0x00, 0x00, 0x46, 0x00, 0x00, 0x00, 0x00, 0x00, 0x50, 0x08, 0x00, 0xB4, 0xFF, 0xDD, 0x0D,
    0x50, 0xFF, 0xFF, 0xFF, 0x0C, 0xE0, 0xDF, 0x33, 0xFF, 0x5F, 0xF2, 0x7F, 0xD0, 0xFF, 0xAF, 0xF3,
    0x5F, 0xFA, 0xD5, 0xCF, 0xF2, 0xDF, 0x9F, 0xE0, 0xAF, 0xD0, 0xFF, 0x1D, 0xF7, 0x6F, 0x30, 0xFF,
    0xFF, 0xFF, 0x0C, 0x40, 0xCF, 0xFF, 0x8D, 0x00, 0x20, 0x0B, 0x00, 0x00, 0x00, 0x50, 0xFF, 0x08,
    0x00, 0x00, 0x00, 0xF4, 0x3F, 0x00, 0x00, 0x00, 0x30, 0xEE, 0x00, 0x00, 0x00, 0x00, 0x00, 0x00,
    0x00, 0xFB, 0x0D, 0x00, 0xFB, 0x0D, 0xFB, 0x0D, 0x00, 0xFB, 0x0D, 0xFB, 0x0D, 0x00, 0xFB, 0x0D,
    0xFB, 0x0D, 0x00, 0xFB, 0x0D, 0xFB, 0x0D, 0x00, 0xFB, 0x0D, 0xFB, 0x0D, 0x00, 0xFD, 0x0D, 0xFA,
    0x4F, 0x60, 0xFF, 0x0D, 0xF5, 0xFF, 0xFF, 0xFE, 0x0D, 0x70, 0xFD, 0x7E, 0xF3, 0x0D, 0x00, 0x00,
    0xF4, 0x8F, 0x00, 0x00, 0x10, 0xFE, 0x07, 0x00, 0x00, 0xB0, 0x6F, 0x00, 0x00, 0x00, 0x00, 0x00,
    0x00, 0x00, 0xFB, 0x0D, 0x00, 0xFB, 0x0D, 0xFB, 0x0D, 0x00, 0xFB, 0x0D, 0xFB, 0x0D, 0x00, 0xFB,
    0x0D, 0xFB, 0x0D, 0x00, 0xFB, 0x0D, 0xFB, 0x0D, 0x00, 0xFB, 0x0D, 0xFB, 0x0D, 0x00, 0xFD, 0x0D,
    0xFA, 0x4F, 0x60, 0xFF, 0x0D, 0xF5, 0xFF, 0xFF, 0xFE, 0x0D, 0x70, 0xFD, 0x7E, 0xF3, 0x0D, 0x00,
    0xF3, 0xFF, 0x06, 0x00, 0x10, 0xFD, 0xFA, 0x3F, 0x00, 0xB0, 0x6F, 0x40, 0xEE, 0x01, 0x00, 0x00,
    0x00, 0x00, 0x00, 0xFB, 0x0D, 0x00, 0xFB, 0x0D, 0xFB, 0x0D, 0x00, 0xFB, 0x0D, 0xFB, 0x0D, 0x00,
    0xFB, 0x0D, 0xFB, 0x0D, 0x00, 0xFB, 0x0D, 0xFB, 0x0D, 0x00, 0xFB, 0x0D, 0xFB, 0x0D, 0x00, 0xFD,
    0x0D, 0xFA, 0x4F, 0x60, 0xFF, 0x0D, 0xF5, 0xFF, 0xFF, 0xFE, 0x0D, 0x70, 0xFD, 0x7E, 0xF3, 0x0D,
    0x00, 0x12, 0x10, 0x02, 0x00, 0x20, 0xEF, 0xD0, 0x5F, 0x00, 0x10, 0xCE, 0xA0, 0x3F, 0x00, 0x00,
    0x00, 0x00, 0x00, 0x00, 0x00, 0x00, 0x00, 0x00, 0x00, 0xFB, 0x0D, 0x00, 0xFB, 0x0D, 0xFB, 0x0D,
    0x00, 0xFB, 0x0D, 0xFB, 0x0D, 0x00, 0xFB, 0x0D, 0xFB, 0x0D, 0x00, 0xFB, 0x0D, 0xFB, 0x0D, 0x00,
    0xFB, 0x0D, 0xFB, 0x0D, 0x00, 0xFD, 0x0D, 0xFA, 0x4F, 0x60, 0xFF, 0x0D, 0xF5, 0xFF, 0xFF, 0xFE,
    0x0D, 0x70, 0xFD, 0x7E, 0xF3, 0x0D, 0x00, 0x00, 0xF1, 0xBF, 0x00, 0x00, 0x00, 0xFB, 0x0B, 0x00,
    0x00, 0x70, 0x9F, 0x00, 0x00, 0x00, 0x00, 0x00, 0x00, 0x00, 0xFC, 0x0E, 0x00, 0xF3, 0x7F, 0xF6,
    0x4F, 0x00, 0xF8, 0x1F, 0xE0, 0xAF, 0x00, 0xFE, 0x0B, 0x80, 0xFF, 0x30, 0xFF, 0x05, 0x20, 0xFF,
    0x95, 0xEF, 0x00, 0x00, 0xFB, 0xEA, 0x8F, 0x00, 0x00, 0xF5, 0xFE, 0x2F, 0x00, 0x00, 0xE0, 0xFF,
    0x0C, 0x00, 0x00, 0x80, 0xFF, 0x06, 0x00, 0x00, 0x80, 0xFF, 0x00, 0x00, 0x00, 0xF4, 0x9F, 0x00,
    0x00, 0xF6, 0xFF, 0x1E, 0x00, 0x00, 0xF6, 0xAF, 0x02, 0x00, 0x00, 0xFA, 0x0D, 0x00, 0x00, 0x00,
    0xFA, 0x0D, 0x00, 0x00, 0x00, 0xFA, 0x0D, 0x00, 0x00, 0x00, 0xFA, 0x0D, 0x00, 0x00, 0x00, 0xFA,
    0x5D, 0xFD, 0x5D, 0x00, 0xFA, 0xFE, 0xFF, 0xFF, 0x04, 0xFA, 0x7F, 0x40, 0xFF, 0x0B, 0xFA, 0x0F,
    0x00, 0xFB, 0x0F, 0xFA, 0x0D, 0x00, 0xF9, 0x0F, 0xFA, 0x0F, 0x00, 0xFB, 0x0E, 0xFA, 0x8F, 0x41,
    0xFF, 0x0B, 0xFA, 0xFF, 0xFF, 0xFF, 0x04, 0xFA, 0x6D, 0xFD, 0x5D, 0x00, 0xFA, 0x0D, 0x00, 0x00,
    0x00, 0xFA, 0x0D, 0x00, 0x00, 0x00, 0xFA, 0x0D, 0x00, 0x00, 0x00, 0xFA, 0x0D, 0x00, 0x00, 0x00,
    0x00, 0x21, 0x00, 0x03, 0x00, 0x00, 0xFE, 0x93, 0x9F, 0x00, 0x00, 0xEC, 0x72, 0x7F, 0x00, 0x00,
    0x00, 0x00, 0x00, 0x00, 0x00, 0x00, 0x00, 0x00, 0x00, 0xFC, 0x0E, 0x00, 0xF3, 0x7F, 0xF6, 0x4F,
    0x00, 0xF8, 0x1F, 0xE0, 0xAF, 0x00, 0xFE, 0x0B, 0x80, 0xFF, 0x30, 0xFF, 0x05, 0x20, 0xFF, 0x95,
    0xEF, 0x00, 0x00, 0xFB, 0xEA, 0x8F, 0x00, 0x00, 0xF5, 0xFE, 0x2F, 0x00, 0x00, 0xE0, 0xFF, 0x0C,
    0x00, 0x00, 0x80, 0xFF, 0x06, 0x00, 0x00, 0x80, 0xFF, 0x00, 0x00, 0x00, 0xF4, 0x9F, 0x00, 0x00,
    0xF6, 0xFF, 0x1E, 0x00, 0x00, 0xF6, 0xAF, 0x02, 0x00, 0x00, 0x00, 0x03, 0x20, 0x01, 0xA0, 0x7F,
    0xF4, 0x0D, 0x80, 0x5F, 0xF3, 0x0B, 0x00, 0x00, 0x00, 0x00, 0x00, 0x00, 0x00, 0x00, 0xF7, 0xFF,
    0xFF, 0x8F, 0xF7, 0xFF, 0xFF, 0x8F, 0xF7, 0x3F, 0x11, 0x01, 0xF7, 0x1F, 0x00, 0x00, 0xF7, 0x3F,
    0x11, 0x01, 0xF7, 0xFF, 0xFF, 0x3F, 0xF7, 0xFF, 0xFF, 0x3F, 0xF7, 0x1F, 0x00, 0x00, 0xF7, 0x1F,
    0x00, 0x00, 0xF7, 0x3F, 0x22, 0x12, 0xF7, 0xFF, 0xFF, 0x8F, 0xF7, 0xFF, 0xFF, 0x8F, 0x00, 0x00,
    0xFE, 0x9F, 0x00, 0x00, 0x00, 0x40, 0xFF, 0xEF, 0x00, 0x00, 0x00, 0x90, 0xBF, 0xFE, 0x05, 0x00,
    0x00, 0xF0, 0x6F, 0xFA, 0x0A, 0x00, 0x00, 0xF5, 0x1F, 0xF5, 0x1F, 0x00, 0x00, 0xFA, 0x0B, 0xF0,
    0x6F, 0x00, 0x10, 0xFF, 0x28, 0xB2, 0xCF, 0x00, 0x60, 0xFF, 0xFF, 0xFF, 0xFF, 0x01, 0xC0, 0xFF,
    0xFF, 0xFF, 0xFF, 0x07, 0xF1, 0x8F, 0x00, 0x00, 0xFC, 0x0D, 0xF7, 0x3F, 0x00, 0x00, 0xF7, 0x3F,
    0xFD, 0x0E, 0x00, 0x00, 0xF3, 0x8F, 0xF7, 0xFF, 0xFF, 0xFF, 0x03, 0xF7, 0xFF, 0xFF, 0xFF, 0x03,
    0xF7, 0x3F, 0x22, 0x22, 0x00, 0xF7, 0x1F, 0x00, 0x00, 0x00, 0xF7, 0x3F, 0x01, 0x00, 0x00, 0xF7,
    0xFF, 0xFF, 0x5C, 0x00, 0xF7, 0xFF, 0xFF, 0xFF, 0x07, 0xF7, 0x1F, 0x30, 0xFD, 0x0E, 0xF7, 0x1F,
    0x00, 0xF8, 0x1F, 0xF7, 0x3F, 0x52, 0xFE, 0x0E, 0xF7, 0xFF, 0xFF, 0xFF, 0x06, 0xF7, 0xFF, 0xEF,
    0x4B, 0x00, 0xF7, 0xFF, 0xFF, 0x8C, 0x00, 0xF7, 0xFF, 0xFF, 0xFF, 0x0C, 0xF7, 0x3F, 0x31, 0xFC,
    0x2F, 0xF7, 0x1F, 0x00, 0xF7, 0x3F, 0xF7, 0x2F, 0x20, 0xFC, 0x0E, 0xF7, 0xFF, 0xFF, 0xDF, 0x03,
    0xF7, 0xFF, 0xFF, 0xFF, 0x09, 0xF7, 0x1F, 0x10, 0xF8, 0x5F, 0xF7, 0x1F, 0x00, 0xF2, 0x8F, 0xF7,
    0x3F, 0x32, 0xFA, 0x6F, 0xF7, 0xFF, 0xFF, 0xFF, 0x0D, 0xF7, 0xFF, 0xFF, 0x9D, 0x01, 0xF7, 0xFF,
    0xFF, 0xFF, 0x03, 0xF7, 0xFF, 0xFF, 0xFF, 0x03, 0xF7, 0x3F, 0x22, 0x22, 0x00, 0xF7, 0x1F, 0x00,
    0x00, 0x00, 0xF7, 0x1F, 0x00, 0x00, 0x00, 0xF7, 0x1F, 0x00, 0x00, 0x00, 0xF7, 0x1F, 0x00, 0x00,
    0x00, 0xF7, 0x1F, 0x00, 0x00, 0x00, 0xF7, 0x1F, 0x00, 0x00, 0x00, 0xF7, 0x1F, 0x00, 0x00, 0x00,
    0xF7, 0x1F, 0x00, 0x00, 0x00, 0xF7, 0x1F, 0x00, 0x00, 0x00, 0x00, 0x10, 0xFF, 0xFF, 0xFF, 0x0F,
    0x00, 0x00, 0x40, 0xFF, 0xFF, 0xFF, 0x0F, 0x00, 0x00, 0x70, 0xFF, 0x22, 0xF9, 0x0F, 0x00, 0x00,
    0xA0, 0xCF, 0x00, 0xF8, 0x0F, 0x00, 0x00, 0xE0, 0x8F, 0x00, 0xF8, 0x0F, 0x00, 0x00, 0xF3, 0x4F,
    0x00, 0xF8, 0x0F, 0x00, 0x00, 0xF8, 0x0F, 0x00, 0xF8, 0x0F, 0x00, 0x00, 0xFE, 0x0A, 0x00, 0xF8,
    0x0F, 0x00, 0x50, 0xFF, 0x04, 0x00, 0xF8, 0x0F, 0x00, 0xC2, 0xEF, 0x22, 0x22, 0xF9, 0x2F, 0x01,
    0xFE, 0xFF, 0xFF, 0xFF, 0xFF, 0xFF, 0x0A, 0xFE, 0xFF, 0xFF, 0xFF, 0xFF, 0xFF, 0x0A, 0xFE, 0x09,
    0x00, 0x00, 0x00, 0xFD, 0x0A, 0xFE, 0x09, 0x00, 0x00, 0x00, 0xFD, 0x0A, 0xFE, 0x09, 0x00, 0x00,
    0x00, 0xFD, 0x0A, 0xFE, 0x09, 0x00, 0x00, 0x00, 0xFD, 0x0A, 0xF7, 0xFF, 0xFF, 0x8F, 0xF7, 0xFF,
    0xFF, 0x8F, 0xF7, 0x3F, 0x11, 0x01, 0xF7, 0x1F, 0x00, 0x00, 0xF7, 0x3F, 0x11, 0x01, 0xF7, 0xFF,
    0xFF, 0x3F, 0xF7, 0xFF, 0xFF, 0x3F, 0xF7, 0x1F, 0x00, 0x00, 0xF7, 0x1F, 0x00, 0x00, 0xF7, 0x3F,
    0x22, 0x12, 0xF7, 0xFF, 0xFF, 0x8F, 0xF7, 0xFF, 0xFF, 0x8F, 0xF6, 0x3F, 0x00, 0xF3, 0x3F, 0x00,
    0xF3, 0x7F, 0x00, 0xB0, 0xDF, 0x00, 0xF3, 0x3F, 0x00, 0xFD, 0x0B, 0x00, 0x10, 0xFE, 0x09, 0xF3,
    0x3F, 0x80, 0xEF, 0x01, 0x00, 0x00, 0xF4, 0x4F, 0xF3, 0x3F, 0xF3, 0x5F, 0x00, 0x00, 0x00, 0x90,
    0xEF, 0xF3, 0x4F, 0xFD, 0x09, 0x00, 0x00, 0x00, 0x00, 0xFE, 0xFC, 0xCF, 0xEF, 0x00, 0x00, 0x00,
    0x00, 0x30, 0xFF, 0xF9, 0x9F, 0xFF, 0x03, 0x00, 0x00, 0x00, 0xD0, 0xCF, 0xF3, 0x3F, 0xFB, 0x0D,
    0x00, 0x00, 0x00, 0xF9, 0x2F, 0xF3, 0x3F, 0xF1, 0x9F, 0x00, 0x00, 0x40, 0xFF, 0x06, 0xF3, 0x3F,
    0x60, 0xFF, 0x04, 0x00, 0xE1, 0xBF, 0x00, 0xF3, 0x3F, 0x00, 0xFB, 0x1E, 0x00, 0xFA, 0x2F, 0x00,
    0xF3, 0x3F, 0x00, 0xF1, 0xAF, 0x00, 0x10, 0xC8, 0xFF, 0xBF, 0x04, 0x00, 0xE0, 0xFF, 0xFF, 0xFF,
    0x6F, 0x00, 0x70, 0x5B, 0x11, 0xE4, 0xDF, 0x00, 0x00, 0x00, 0x00, 0xA0, 0xDF, 0x00, 0x00, 0x00,
    0x20, 0xF6, 0x6F, 0x00, 0x00, 0xF4, 0xFF, 0xCF, 0x05, 0x00, 0x00, 0xF4, 0xFF, 0xFF, 0x2A, 0x00,
    0x00, 0x00, 0x10, 0xC4, 0xEF, 0x00, 0x00, 0x00, 0x00, 0x40, 0xFF, 0x04, 0x91, 0x14, 0x00, 0xC3,
    0xFF, 0x02, 0xF2, 0xFF, 0xFF, 0xFF, 0x9F, 0x00, 0x80, 0xEC, 0xFF, 0xBE, 0x05, 0x00, 0xF7, 0x0D,
    0x00, 0x00, 0xFE, 0x7F, 0xF7, 0x0D, 0x00, 0x80, 0xFF, 0x7F, 0xF7, 0x0D, 0x00, 0xF2, 0xFF, 0x7F,
    0xF7, 0x0D, 0x00, 0xFC, 0xBD, 0x7F, 0xF7, 0x0D, 0x60, 0xFF, 0xC3, 0x7F, 0xF7, 0x0D, 0xE1, 0x9F,
    0xD0, 0x7F, 0xF7, 0x0D, 0xF9, 0x1E, 0xD0, 0x7F, 0xF7, 0x3C, 0xFF, 0x06, 0xD0, 0x7F, 0xF7, 0xDC,
    0xCF, 0x00, 0xD0, 0x7F, 0xF7, 0xFF, 0x2F, 0x00, 0xD0, 0x7F, 0xF7, 0xFF, 0x08, 0x00, 0xD0, 0x7F,
    0xF7, 0xEF, 0x00, 0x00, 0xD0, 0x7F, 0x00, 0xFB, 0x09, 0x10, 0xFF, 0x03, 0x00, 0xF5, 0x8F, 0xD7,
    0xCF, 0x00, 0x00, 0x60, 0xFD, 0xEF, 0x19, 0x00, 0x00, 0x00, 0x00, 0x00, 0x00, 0x00, 0xF7, 0x0D,
    0x00, 0x00, 0xFE, 0x7F, 0xF7, 0x0D, 0x00, 0x80, 0xFF, 0x7F, 0xF7, 0x0D, 0x00, 0xF2, 0xFF, 0x7F,
    0xF7, 0x0D, 0x00, 0xFC, 0xBD, 0x7F, 0xF7, 0x0D, 0x60, 0xFF, 0xC3, 0x7F, 0xF7, 0x0D, 0xE1, 0x9F,
    0xD0, 0x7F, 0xF7, 0x0D, 0xF9, 0x1E, 0xD0, 0x7F, 0xF7, 0x3C, 0xFF, 0x06, 0xD0, 0x7F, 0xF7, 0xDC,
    0xCF, 0x00, 0xD0, 0x7F, 0xF7, 0xFF, 0x2F, 0x00, 0xD0, 0x7F, 0xF7, 0xFF, 0x08, 0x00, 0xD0, 0x7F,
    0xF7, 0xEF, 0x00, 0x00, 0xD0, 0x7F, 0xF7, 0x1F, 0x00, 0xD0, 0xCF, 0x00, 0xF7, 0x1F, 0x00, 0xFA,
    0x1E, 0x00, 0xF7, 0x1F, 0x60, 0xFF, 0x04, 0x00, 0xF7, 0x1F, 0xF3, 0x8F, 0x00, 0x00, 0xF7, 0x2F,
    0xFD, 0x0B, 0x00, 0x00, 0xF7, 0xCF, 0xEF, 0x01, 0x00, 0x00, 0xF7, 0x9F, 0xFF, 0x05, 0x00, 0x00,
    0xF7, 0x1F, 0xFC, 0x2E, 0x00, 0x00, 0xF7, 0x1F, 0xE1, 0xCF, 0x00, 0x00, 0xF7, 0x1F, 0x50, 0xFF,
    0x08, 0x00, 0xF7, 0x1F, 0x00, 0xF9, 0x4F, 0x00, 0xF7, 0x1F, 0x00, 0xD0, 0xEF, 0x01, 0x00, 0x90,
    0xFF, 0xFF, 0xFF, 0x2F, 0x00, 0xB0, 0xFF, 0xFF, 0xFF, 0x2F, 0x00, 0xD0, 0x9F, 0x22, 0xF8, 0x2F,
    0x00, 0xF0, 0x6F, 0x00, 0xF7, 0x2F, 0x00, 0xF2, 0x4F, 0x00, 0xF7, 0x2F, 0x00, 0xF5, 0x2F, 0x00,
    0xF7, 0x2F, 0x00, 0xF7, 0x0F, 0x00, 0xF7, 0x2F, 0x00, 0xFA, 0x0D, 0x00, 0xF7, 0x2F, 0x00, 0xFE,
    0x0A, 0x00, 0xF7, 0x2F, 0x62, 0xFF, 0x06, 0x00, 0xF7, 0x2F, 0xFD, 0xFF, 0x01, 0x00, 0xF7, 0x2F,
    0xFC, 0x4D, 0x00, 0x00, 0xF7, 0x2F, 0xF7, 0xFF, 0x03, 0x00, 0x20, 0xFF, 0x8F, 0xF7, 0xFF, 0x08,
    0x00, 0x80, 0xFF, 0x8F, 0xF7, 0xFF, 0x0D, 0x00, 0xD0, 0xFF, 0x8F, 0xF7, 0xFB, 0x2F, 0x00, 0xF2,
    0xDD, 0x8F, 0xF7, 0xAC, 0x7F, 0x00, 0xF7, 0xD8, 0x8F, 0xF7, 0x5D, 0xCF, 0x00, 0xFD, 0xE3, 0x8F,
    0xF7, 0x0D, 0xFF, 0x21, 0xDF, 0xE0, 0x8F, 0xF7, 0x0D, 0xFB, 0x76, 0x8F, 0xE0, 0x8F, 0xF7, 0x0D,
    0xF6, 0xDB, 0x2F, 0xE0, 0x8F, 0xF7, 0x0D, 0xF1, 0xFF, 0x0D, 0xE0, 0x8F, 0xF7, 0x0D, 0xC0, 0xFF,
    0x08, 0xE0, 0x8F, 0xF7, 0x0D, 0x70, 0xFF, 0x02, 0xE0, 0x8F, 0xF7, 0x1F, 0x00, 0x10, 0xFF, 0x07,
    0xF7, 0x1F, 0x00, 0x10, 0xFF, 0x07, 0xF7, 0x1F, 0x00, 0x10, 0xFF, 0x07, 0xF7, 0x1F, 0x00, 0x10,
    0xFF, 0x07, 0xF7, 0x3F, 0x22, 0x32, 0xFF, 0x07, 0xF7, 0xFF, 0xFF, 0xFF, 0xFF, 0x07, 0xF7, 0xFF,
    0xFF, 0xFF, 0xFF, 0x07, 0xF7, 0x1F, 0x00, 0x10, 0xFF, 0x07, 0xF7, 0x1F, 0x00, 0x10, 0xFF, 0x07,
    0xF7, 0x1F, 0x00, 0x10, 0xFF, 0x07, 0xF7, 0x1F, 0x00, 0x10, 0xFF, 0x07, 0xF7, 0x1F, 0x00, 0x10,
    0xFF, 0x07, 0x00, 0x30, 0xEA, 0xFF, 0x8D, 0x00, 0x00, 0x00, 0xF7, 0xFF, 0xFF, 0xFF, 0x1D, 0x00,
    0x30, 0xFF, 0x6E, 0x32, 0xF9, 0xBF, 0x00, 0xA0, 0xFF, 0x03, 0x00, 0xB0, 0xFF, 0x02, 0xE0, 0xDF,
    0x00, 0x00, 0x50, 0xFF, 0x06, 0xF0, 0xBF, 0x00, 0x00, 0x20, 0xFF, 0x08, 0xF0, 0xBF, 0x00, 0x00,
    0x20, 0xFF, 0x08, 0xE0, 0xDF, 0x00, 0x00, 0x50, 0xFF, 0x06, 0xA0, 0xFF, 0x03, 0x00, 0xB0, 0xFF,
    0x02, 0x30, 0xFF, 0x6E, 0x43, 0xFA, 0xBF, 0x00, 0x00, 0xF6, 0xFF, 0xFF, 0xFF, 0x1D, 0x00, 0x00,
    0x30, 0xEA, 0xFF, 0x7D, 0x00, 0x00, 0xF7, 0xFF, 0xFF, 0xFF, 0xFF, 0x02, 0xF7, 0xFF, 0xFF, 0xFF,
    0xFF, 0x02, 0xF7, 0x3F, 0x22, 0x82, 0xFF, 0x02, 0xF7, 0x1F, 0x00, 0x70, 0xFF, 0x02, 0xF7, 0x1F,
    0x00, 0x70, 0xFF, 0x02, 0xF7, 0x1F, 0x00, 0x70, 0xFF, 0x02, 0xF7, 0x1F, 0x00, 0x70, 0xFF, 0x02,
    0xF7, 0x1F, 0x00, 0x70, 0xFF, 0x02, 0xF7, 0x1F, 0x00, 0x70, 0xFF, 0x02, 0xF7, 0x1F, 0x00, 0x70,
    0xFF, 0x02, 0xF7, 0x1F, 0x00, 0x70, 0xFF, 0x02, 0xF7, 0x1F, 0x00, 0x70, 0xFF, 0x02, 0xF7, 0xFF,
    0xEF, 0x3B, 0x00, 0xF7, 0xFF, 0xFF, 0xFF, 0x03, 0xF7, 0x3F, 0x62, 0xFF, 0x0B, 0xF7, 0x1F, 0x00,
    0xFC, 0x0E, 0xF7, 0x1F, 0x00, 0xFC, 0x0D, 0xF7, 0x3F, 0x82, 0xFF, 0x0A, 0xF7, 0xFF, 0xFF, 0xEF,
    0x02, 0xF7, 0xFF, 0xEF, 0x2A, 0x00, 0xF7, 0x1F, 0x00, 0x00, 0x00, 0xF7, 0x1F, 0x00, 0x00, 0x00,
    0xF7, 0x1F, 0x00, 0x00, 0x00, 0xF7, 0x1F, 0x00, 0x00, 0x00, 0x00, 0x30, 0xEA, 0xFF, 0x7C, 0x00,
    0x00, 0xF5, 0xFF, 0xFF, 0xFF, 0x00, 0x20, 0xFF, 0x6E, 0x42, 0x89, 0x00, 0x90, 0xFF, 0x04, 0x00,
    0x00, 0x00, 0xD0, 0xDF, 0x00, 0x00, 0x00, 0x00, 0xF0, 0xAF, 0x00, 0x00, 0x00, 0x00, 0xF0, 0xAF,
    0x00, 0x00, 0x00, 0x00, 0xE0, 0xCF, 0x00, 0x00, 0x00, 0x00, 0xA0, 0xFF, 0x02, 0x00, 0x00, 0x00,
    0x30, 0xFF, 0x5E, 0x32, 0x86, 0x00, 0x00, 0xF8, 0xFF, 0xFF, 0xCF, 0x00, 0x00, 0x40, 0xEB, 0xEF,
    0x6C, 0x00, 0xFA, 0xFF, 0xFF, 0xFF, 0x8F, 0xFA, 0xFF, 0xFF, 0xFF, 0x8F, 0x21, 0x72, 0xFF, 0x25,
    0x12, 0x00, 0x50, 0xFF, 0x03, 0x00, 0x00, 0x50, 0xFF, 0x03, 0x00, 0x00, 0x50, 0xFF, 0x03, 0x00,
    0x00, 0x50, 0xFF, 0x03, 0x00, 0x00, 0x50, 0xFF, 0x03, 0x00, 0x00, 0x50, 0xFF, 0x03, 0x00, 0x00,
    0x50, 0xFF, 0x03, 0x00, 0x00, 0x50, 0xFF, 0x03, 0x00, 0x00, 0x50, 0xFF, 0x03, 0x00, 0xF9, 0x2F,
    0x00, 0x00, 0xF9, 0x1F, 0xF1, 0x8F, 0x00, 0x10, 0xFF, 0x09, 0x90, 0xFF, 0x00, 0x70, 0xFF, 0x02,
    0x20, 0xFF, 0x07, 0xD0, 0xBF, 0x00, 0x00, 0xF9, 0x0D, 0xF4, 0x4F, 0x00, 0x00, 0xF2, 0x5F, 0xFB,
    0x0C, 0x00, 0x00, 0xA0, 0xDF, 0xFF, 0x05, 0x00, 0x00, 0x20, 0xFF, 0xEF, 0x00, 0x00, 0x00, 0x00,
    0xFC, 0x7F, 0x00, 0x00, 0x41, 0x62, 0xFF, 0x0E, 0x00, 0x00, 0xF4, 0xFF, 0xFF, 0x04, 0x00, 0x00,
    0xE3, 0xFF, 0x4B, 0x00, 0x00, 0x00, 0x00, 0x00, 0x00, 0xFD, 0x07, 0x00, 0x00, 0x00, 0x00, 0x00,
    0xFD, 0x07, 0x00, 0x00, 0x00, 0x92, 0xFD, 0xFF, 0xEF, 0x6C, 0x00, 0x40, 0xFF, 0xFF, 0xFF, 0xFF,
    0xFF, 0x0C, 0xE0, 0xDF, 0x04, 0xFD, 0x17, 0xF7, 0x8F, 0xF3, 0x4F, 0x00, 0xFD, 0x07, 0xA0, 0xDF,
    0xF2, 0x4F, 0x00, 0xFD, 0x07, 0xA0, 0xCF, 0xE0, 0xDF, 0x04, 0xFD, 0x17, 0xF7, 0x8F, 0x40, 0xFF,
    0xFF, 0xFF, 0xFF, 0xFF, 0x0C, 0x00, 0x92, 0xFD, 0xFF, 0xEF, 0x6C, 0x00, 0x00, 0x00, 0x00, 0xFD,
    0x07, 0x00, 0x00, 0x00, 0x00, 0x00, 0xFD, 0x07, 0x00, 0x00, 0xF6, 0x6F, 0x00, 0x10, 0xFE, 0x0B,
    0xC0, 0xEF, 0x01, 0x90, 0xFF, 0x02, 0x20, 0xFF, 0x09, 0xF3, 0x7F, 0x00, 0x00, 0xF7, 0x3F, 0xFC,
    0x0C, 0x00, 0x00, 0xC0, 0xFF, 0xFF, 0x02, 0x00, 0x00, 0x30, 0xFF, 0x8F, 0x00, 0x00, 0x00, 0x60,
    0xFF, 0x9F, 0x00, 0x00, 0x00, 0xF1, 0xDF, 0xFF, 0x04, 0x00, 0x00, 0xFB, 0x0E, 0xFC, 0x1E, 0x00,
    0x50, 0xFF, 0x05, 0xF2, 0xAF, 0x00, 0xE1, 0xBF, 0x00, 0x80, 0xFF, 0x05, 0xFA, 0x1F, 0x00, 0x00,
    0xFD, 0x1E, 0xF7, 0x1F, 0x00, 0x70, 0xFF, 0x02, 0xF7, 0x1F, 0x00, 0x70, 0xFF, 0x02, 0xF7, 0x1F,
    0x00, 0x70, 0xFF, 0x02, 0xF7, 0x1F, 0x00, 0x70, 0xFF, 0x02, 0xF7, 0x1F, 0x00, 0x70, 0xFF, 0x02,
    0xF7, 0x1F, 0x00, 0x70, 0xFF, 0x02, 0xF7, 0x1F, 0x00, 0x70, 0xFF, 0x02, 0xF7, 0x1F, 0x00, 0x70,
    0xFF, 0x02, 0xF7, 0x1F, 0x00, 0x70, 0xFF, 0x02, 0xF7, 0x3F, 0x22, 0x82, 0xFF, 0x02, 0xF7, 0xFF,
    0xFF, 0xFF, 0xFF, 0xFF, 0xF7, 0xFF, 0xFF, 0xFF, 0xFF, 0xFF, 0x00, 0x00, 0x00, 0x00, 0x80, 0xFF,
    0x00, 0x00, 0x00, 0x00, 0x80, 0xFF, 0x00, 0x00, 0x00, 0x00, 0x80, 0xFF, 0x00, 0x00, 0x00, 0x00,
    0x80, 0xFF, 0xF1, 0x7F, 0x00, 0x00, 0xFB, 0x0D, 0xF1, 0x7F, 0x00, 0x00, 0xFB, 0x0D, 0xF1, 0x7F,
    0x00, 0x00, 0xFB, 0x0D, 0xF1, 0x7F, 0x00, 0x00, 0xFB, 0x0D, 0xF1, 0x8F, 0x00, 0x00, 0xFB, 0x0D,
    0xF0, 0xEF, 0x24, 0x84, 0xFE, 0x0D, 0xA0, 0xFF, 0xFF, 0xFF, 0xFF, 0x0D, 0x00, 0xE9, 0xEF, 0x7C,
    0xFC, 0x0D, 0x00, 0x00, 0x00, 0x00, 0xFB, 0x0D, 0x00, 0x00, 0x00, 0x00, 0xFB, 0x0D, 0x00, 0x00,
    0x00, 0x00, 0xFB, 0x0D, 0x00, 0x00, 0x00, 0x00, 0xFB, 0x0D, 0xF7, 0x1F, 0x00, 0xF2, 0x7F, 0x00,
    0xC0, 0xCF, 0xF7, 0x1F, 0x00, 0xF2, 0x7F, 0x00, 0xC0, 0xCF, 0xF7, 0x1F, 0x00, 0xF2, 0x7F, 0x00,
    0xC0, 0xCF, 0xF7, 0x1F, 0x00, 0xF2, 0x7F, 0x00, 0xC0, 0xCF, 0xF7, 0x1F, 0x00, 0xF2, 0x7F, 0x00,
    0xC0, 0xCF, 0xF7, 0x1F, 0x00, 0xF2, 0x7F, 0x00, 0xC0, 0xCF, 0xF7, 0x1F, 0x00, 0xF2, 0x7F, 0x00,
    0xC0, 0xCF, 0xF7, 0x1F, 0x00, 0xF2, 0x7F, 0x00, 0xC0, 0xCF, 0xF7, 0x1F, 0x00, 0xF2, 0x7F, 0x00,
    0xC0, 0xCF, 0xF7, 0x3F, 0x22, 0xF4, 0x8F, 0x22, 0xC2, 0xCF, 0xF7, 0xFF, 0xFF, 0xFF, 0xFF, 0xFF,
    0xFF, 0xCF, 0xF7, 0xFF, 0xFF, 0xFF, 0xFF, 0xFF, 0xFF, 0xCF, 0xF7, 0x1F, 0x00, 0xF2, 0x7F, 0x00,
    0xC0, 0xCF, 0x00, 0xF7, 0x1F, 0x00, 0xF2, 0x7F, 0x00, 0xC0, 0xCF, 0x00, 0xF7, 0x1F, 0x00, 0xF2,
    0x7F, 0x00, 0xC0, 0xCF, 0x00, 0xF7, 0x1F, 0x00, 0xF2, 0x7F, 0x00, 0xC0, 0xCF, 0x00, 0xF7, 0x1F,
    0x00, 0xF2, 0x7F, 0x00, 0xC0, 0xCF, 0x00, 0xF7, 0x1F, 0x00, 0xF2, 0x7F, 0x00, 0xC0, 0xCF, 0x00,
    0xF7, 0x1F, 0x00, 0xF2, 0x7F, 0x00, 0xC0, 0xCF, 0x00, 0xF7, 0x1F, 0x00, 0xF2, 0x7F, 0x00, 0xC0,
    0xCF, 0x00, 0xF7, 0x1F, 0x00, 0xF2, 0x7F, 0x00, 0xC0, 0xCF, 0x00, 0xF7, 0x3F, 0x22, 0xF4, 0x8F,
    0x22, 0xC2, 0xCF, 0x00, 0xF7, 0xFF, 0xFF, 0xFF, 0xFF, 0xFF, 0xFF, 0xFF, 0x9F, 0xF7, 0xFF, 0xFF,
    0xFF, 0xFF, 0xFF, 0xFF, 0xFF, 0x9F, 0x00, 0x00, 0x00, 0x00, 0x00, 0x00, 0x00, 0xE0, 0x9F, 0x00,
    0x00, 0x00, 0x00, 0x00, 0x00, 0x00, 0xE0, 0x9F, 0x00, 0x00, 0x00, 0x00, 0x00, 0x00, 0x00, 0xE0,
    0x9F, 0x00, 0x00, 0x00, 0x00, 0x00, 0x00, 0x00, 0xE0, 0x9F, 0xFF, 0xFF, 0x9F, 0x00, 0x00, 0x00,
    0xFF, 0xFF, 0x9F, 0x00, 0x00, 0x00, 0x22, 0xF2, 0x9F, 0x00, 0x00, 0x00, 0x00, 0xF0, 0x9F, 0x00,
    0x00, 0x00, 0x00, 0xF0, 0x9F, 0x00, 0x00, 0x00, 0x00, 0xF0, 0xFF, 0xFF, 0x8D, 0x00, 0x00, 0xF0,
    0xFF, 0xFF, 0xFF, 0x0D, 0x00, 0xF0, 0xAF, 0x31, 0xF9, 0x7F, 0x00, 0xF0, 0x9F, 0x00, 0xF0, 0x9F,
    0x00, 0xF0, 0xAF, 0x31, 0xF9, 0x7F, 0x00, 0xF0, 0xFF, 0xFF, 0xFF, 0x1D, 0x00, 0xF0, 0xFF, 0xFF,
    0x8D, 0x01, 0xF7, 0x1F, 0x00, 0x00, 0x00, 0xFB, 0x0E, 0xF7, 0x1F, 0x00, 0x00, 0x00, 0xFB, 0x0E,
    0xF7, 0x1F, 0x00, 0x00, 0x00, 0xFB, 0x0E, 0xF7, 0x1F, 0x00, 0x00, 0x00, 0xFB, 0x0E, 0xF7, 0x1F,
    0x00, 0x00, 0x00, 0xFB, 0x0E, 0xF7, 0xFF, 0xDF, 0x29, 0x00, 0xFB, 0x0E, 0xF7, 0xFF, 0xFF, 0xFF,
    0x03, 0xFB, 0x0E, 0xF7, 0x3F, 0x62, 0xFF, 0x0A, 0xFB, 0x0E, 0xF7, 0x1F, 0x00, 0xFC, 0x0D, 0xFB,
    0x0E, 0xF7, 0x3F, 0x72, 0xFF, 0x0A, 0xFB, 0x0E, 0xF7, 0xFF, 0xFF, 0xFF, 0x03, 0xFB, 0x0E, 0xF7,
    0xFF, 0xEF, 0x2A, 0x00, 0xFB, 0x0E, 0xF7, 0x1F, 0x00, 0x00, 0x00, 0xF7, 0x1F, 0x00, 0x00, 0x00,
    0xF7, 0x1F, 0x00, 0x00, 0x00, 0xF7, 0x1F, 0x00, 0x00, 0x00, 0xF7, 0x1F, 0x00, 0x00, 0x00, 0xF7,
    0xFF, 0xEF, 0x4B, 0x00, 0xF7, 0xFF, 0xFF, 0xFF, 0x06, 0xF7, 0x3F, 0x42, 0xFE, 0x0E, 0xF7, 0x1F,
    0x00, 0xF8, 0x1F, 0xF7, 0x3F, 0x52, 0xFE, 0x0E, 0xF7, 0xFF, 0xFF, 0xFF, 0x06, 0xF7, 0xFF, 0xEF,
    0x4B, 0x00, 0x71, 0xEC, 0xFF, 0x5C, 0x00, 0x00, 0xF2, 0xFF, 0xFF, 0xFF, 0x0A, 0x00, 0xA0, 0x48,
    0x42, 0xFB, 0x7F, 0x00, 0x00, 0x00, 0x00, 0xC0, 0xEF, 0x00, 0x00, 0x11, 0x11, 0x81, 0xFF, 0x02,
    0x00, 0xFB, 0xFF, 0xFF, 0xFF, 0x04, 0x00, 0xFB, 0xFF, 0xFF, 0xFF, 0x04, 0x00, 0x00, 0x00, 0x70,
    0xFF, 0x02, 0x00, 0x00, 0x00, 0xD0, 0xEF, 0x00, 0x92, 0x35, 0x42, 0xFC, 0x7F, 0x00, 0xF3, 0xFF,
    0xFF, 0xFF, 0x0A, 0x00, 0x91, 0xFD, 0xEF, 0x5B, 0x00, 0x00, 0xF7, 0x1F, 0x00, 0x10, 0xE9, 0xFF,
    0x6C, 0x00, 0x00, 0xF7, 0x1F, 0x00, 0xE2, 0xFF, 0xFF, 0xFF, 0x0B, 0x00, 0xF7, 0x1F, 0x00, 0xFC,
    0x7F, 0x32, 0xFB, 0x7F, 0x00, 0xF7, 0x1F, 0x30, 0xFF, 0x08, 0x00, 0xE0, 0xDF, 0x00, 0xF7, 0x3F,
    0x82, 0xFF, 0x03, 0x00, 0x90, 0xFF, 0x01, 0xF7, 0xFF, 0xFF, 0xFF, 0x01, 0x00, 0x70, 0xFF, 0x02,
    0xF7, 0xFF, 0xFF, 0xFF, 0x01, 0x00, 0x70, 0xFF, 0x02, 0xF7, 0x1F, 0x80, 0xFF, 0x03, 0x00, 0x90,
    0xFF, 0x01, 0xF7, 0x1F, 0x40, 0xFF, 0x09, 0x00, 0xE0, 0xDF, 0x00, 0xF7, 0x1F, 0x00, 0xFD, 0x8F,
    0x43, 0xFB, 0x6F, 0x00, 0xF7, 0x1F, 0x00, 0xF3, 0xFF, 0xFF, 0xFF, 0x0B, 0x00, 0xF7, 0x1F, 0x00,
    0x20, 0xE9, 0xFF, 0x6C, 0x00, 0x00, 0x00, 0x30, 0xEA, 0xFF, 0xFF, 0x0C, 0x00, 0xF3, 0xFF, 0xFF,
    0xFF, 0x0C, 0x00, 0xFA, 0x6F, 0x12, 0xFD, 0x0C, 0x00, 0xFB, 0x0E, 0x00, 0xFC, 0x0C, 0x00, 0xF8,
    0x7F, 0x12, 0xFD, 0x0C, 0x00, 0xC0, 0xFF, 0xFF, 0xFF, 0x0C, 0x00, 0x00, 0xFD, 0xFF, 0xFF, 0x0C,
    0x00, 0x50, 0xFF, 0x05, 0xFC, 0x0C, 0x00, 0xE0, 0xCF, 0x00, 0xFC, 0x0C, 0x00, 0xF9, 0x3F, 0x00,
    0xFC, 0x0C, 0x20, 0xFF, 0x09, 0x00, 0xFC, 0x0C, 0xC0, 0xFF, 0x01, 0x00, 0xFC, 0x0C, 0x10, 0xD8,
    0xFF, 0x8D, 0x00, 0x10, 0xFF, 0xEE, 0xFF, 0x09, 0x00, 0x25, 0x00, 0xFA, 0x0E, 0x10, 0xC8, 0xFE,
    0xFF, 0x0F, 0xD0, 0xFF, 0x8A, 0xFC, 0x0F, 0xF3, 0x7F, 0x00, 0xF9, 0x0F, 0xF3, 0x7F, 0x20, 0xFE,
    0x0F, 0xE0, 0xFF, 0xFE, 0xFD, 0x0F, 0x30, 0xFD, 0x9E, 0xE0, 0x0F, 0x00, 0x00, 0x73, 0xC9, 0x9E,
    0x00, 0xB2, 0xFF, 0xFF, 0xBF, 0x10, 0xFE, 0xDF, 0x79, 0x35, 0x80, 0xFF, 0x04, 0x00, 0x00, 0xE0,
    0xAF, 0x00, 0x00, 0x00, 0xF1, 0x7F, 0xE8, 0xCF, 0x05, 0xF3, 0xEF, 0xEF, 0xFF, 0x4F, 0xF3, 0xEF,
    0x03, 0xF2, 0xAF, 0xF2, 0x6F, 0x00, 0xD0, 0xCF, 0xF0, 0x8F, 0x00, 0xD0, 0xBF, 0xA0, 0xFF, 0x14,
    0xF6, 0x7F, 0x10, 0xFE, 0xFF, 0xFF, 0x0D, 0x00, 0xA2, 0xFE, 0x8D, 0x01, 0xFA, 0xFF, 0xFF, 0x7D,
    0x00, 0xFA, 0xCF, 0xEC, 0xFF, 0x06, 0xFA, 0x0D, 0x10, 0xFF, 0x08, 0xFA, 0xBF, 0xEB, 0xCF, 0x01,
    0xFA, 0xFF, 0xFF, 0xAF, 0x01, 0xFA, 0x0D, 0x20, 0xFE, 0x0B, 0xFA, 0x0D, 0x00, 0xFE, 0x0D, 0xFA,
    0xCF, 0xEC, 0xFF, 0x07, 0xFA, 0xFF, 0xFF, 0x6C, 0x00, 0xFA, 0xFF, 0xFF, 0x0B, 0xFA, 0xEF, 0xEE,
    0x0A, 0xFA, 0x0D, 0x00, 0x00, 0xFA, 0x0D, 0x00, 0x00, 0xFA, 0x0D, 0x00, 0x00, 0xFA, 0x0D, 0x00,
    0x00, 0xFA, 0x0D, 0x00, 0x00, 0xFA, 0x0D, 0x00, 0x00, 0xFA, 0x0D, 0x00, 0x00, 0x00, 0xF0, 0xFF,
    0xFF, 0xAF, 0x00, 0x00, 0xF1, 0xEF, 0xFE, 0xAF, 0x00, 0x00, 0xF3, 0x2F, 0xD0, 0xAF, 0x00, 0x00,
    0xF7, 0x0F, 0xD0, 0xAF, 0x00, 0x00, 0xFC, 0x0B, 0xD0, 0xAF, 0x00, 0x20, 0xFF, 0x06, 0xD0, 0xAF,
    0x00, 0x90, 0xFF, 0x00, 0xD0, 0xAF, 0x00, 0xFA, 0xFF, 0xDD, 0xFD, 0xFF, 0x0D, 0xFC, 0xFF, 0xFF,
    0xFF, 0xFF, 0x0F, 0xFC, 0x08, 0x00, 0x00, 0xF4, 0x0F, 0xFC, 0x08, 0x00, 0x00, 0xF4, 0x0F, 0xFC,
    0x08, 0x00, 0x00, 0xF4, 0x0F, 0x00, 0xB4, 0xFF, 0x7D, 0x00, 0x50, 0xFF, 0xDE, 0xFF, 0x09, 0xD0,
    0xBF, 0x00, 0xF5, 0x1F, 0xF2, 0xCF, 0xAA, 0xFB, 0x4F, 0xF3, 0xFF, 0xFF, 0xFF, 0x5F, 0xF2, 0x6F,
    0x00, 0x00, 0x00, 0xD0, 0xDF, 0x02, 0x20, 0x05, 0x40, 0xFF, 0xEF, 0xFF, 0x0C, 0x00, 0xA3, 0xFE,
    0xCF, 0x06, 0xF4, 0x5F, 0x00, 0xFC, 0x09, 0x70, 0xFF, 0x02, 0x70, 0xFF, 0x02, 0xFC, 0x09, 0xF3,
    0x5F, 0x00, 0x00, 0xFA, 0x0C, 0xFC, 0x19, 0xFE, 0x08, 0x00, 0x00, 0xD0, 0x9F, 0xFC, 0xB9, 0xBF,
    0x00, 0x00, 0x00, 0x70, 0xFF, 0xFD, 0xFD, 0x5F, 0x00, 0x00, 0x00, 0xF3, 0x6F, 0xFC, 0x99, 0xEF,
    0x01, 0x00, 0x10, 0xFE, 0x0A, 0xFC, 0x09, 0xFC, 0x0C, 0x00, 0xC0, 0xDF, 0x00, 0xFC, 0x09, 0xE1,
    0xAF, 0x00, 0xF9, 0x2F, 0x00, 0xFC, 0x09, 0x40, 0xFF, 0x07, 0x81, 0xFC, 0xFF, 0x6C, 0x00, 0xE0,
    0xFF, 0xFE, 0xFF, 0x05, 0x30, 0x02, 0x00, 0xFD, 0x07, 0x00, 0xC3, 0xEC, 0xBF, 0x01, 0x00, 0xF4,
    0xFF, 0x9F, 0x01, 0x00, 0x00, 0x30, 0xFE, 0x0A, 0x53, 0x01, 0x20, 0xFD, 0x0C, 0xF5, 0xFF, 0xFF,
    0xFF, 0x05, 0xB2, 0xFE, 0xEF, 0x4B, 0x00, 0xFA, 0x0C, 0x00, 0xF7, 0xEF, 0xFA, 0x0C, 0x20, 0xFF,
    0xEF, 0xFA, 0x0C, 0xC0, 0xFF, 0xEF, 0xFA, 0x0C, 0xF7, 0x9F, 0xEF, 0xFA, 0x3B, 0xFF, 0x86, 0xEF,
    0xFA, 0xDB, 0xBF, 0x80, 0xEF, 0xFA, 0xFF, 0x1F, 0x80, 0xEF, 0xFA, 0xFF, 0x06, 0x80, 0xEF, 0xFA,
    0xBF, 0x00, 0x80, 0xEF, 0xC0, 0x8F, 0x00, 0xF3, 0x2F, 0x60, 0xFF, 0x78, 0xFD, 0x0B, 0x00, 0xD7,
    0xFF, 0x9E, 0x01, 0x00, 0x00, 0x00, 0x00, 0x00, 0xFA, 0x0C, 0x00, 0xF7, 0xEF, 0xFA, 0x0C, 0x20,
    0xFF, 0xEF, 0xFA, 0x0C, 0xC0, 0xFF, 0xEF, 0xFA, 0x0C, 0xF7, 0x9F, 0xEF, 0xFA, 0x3B, 0xFF, 0x86,
    0xEF, 0xFA, 0xDB, 0xBF, 0x80, 0xEF, 0xFA, 0xFF, 0x1F, 0x80, 0xEF, 0xFA, 0xFF, 0x06, 0x80, 0xEF,
    0xFA, 0xBF, 0x00, 0x80, 0xEF, 0xFA, 0x0D, 0x10, 0xFE, 0x0C, 0xFA, 0x0D, 0xC0, 0xDF, 0x01, 0xFA,
    0x0D, 0xF9, 0x2E, 0x00, 0xFA, 0x6D, 0xFF, 0x03, 0x00, 0xFA, 0xEE, 0xCF, 0x00, 0x00, 0xFA, 0x4D,
    0xFF, 0x08, 0x00, 0xFA, 0x0D, 0xF6, 0x6F, 0x00, 0xFA, 0x0D, 0x90, 0xFF, 0x04, 0xFA, 0x0D, 0x00,
    0xFB, 0x2F, 0x00, 0xF6, 0xFF, 0xFF, 0xAF, 0x00, 0xF8, 0xEF, 0xFE, 0xAF, 0x00, 0xF9, 0x0B, 0xE0,
    0xAF, 0x00, 0xFB, 0x09, 0xE0, 0xAF, 0x00, 0xFE, 0x07, 0xE0, 0xAF, 0x20, 0xFF, 0x04, 0xE0, 0xAF,
    0x92, 0xFF, 0x01, 0xE0, 0xAF, 0xFF, 0xAF, 0x00, 0xE0, 0xAF, 0xFE, 0x1C, 0x00, 0xE0, 0xAF, 0xFA,
    0xFF, 0x01, 0x00, 0xF9, 0xFF, 0x00, 0xFA, 0xFF, 0x07, 0x00, 0xFF, 0xFF, 0x00, 0xFA, 0xFD, 0x0D,
    0x60, 0xDF, 0xFF, 0x00, 0xFA, 0xDA, 0x3F, 0xC0, 0x8F, 0xFF, 0x00, 0xFA, 0x7B, 0x9F, 0xF2, 0x5D,
    0xFF, 0x00, 0xFA, 0x1B, 0xFF, 0xF9, 0x57, 0xFF, 0x00, 0xFA, 0x0B, 0xFB, 0xFF, 0x51, 0xFF, 0x00,
    0xFA, 0x0B, 0xF5, 0xBF, 0x50, 0xFF, 0x00, 0xFA, 0x0B, 0xE0, 0x5F, 0x50, 0xFF, 0x00, 0xFA, 0x0D,
    0x00, 0xF9, 0x0E, 0xFA, 0x0D, 0x00, 0xF9, 0x0E, 0xFA, 0x0D, 0x00, 0xF9, 0x0E, 0xFA, 0xEF, 0xEE,
    0xFF, 0x0E, 0xFA, 0xFF, 0xFF, 0xFF, 0x0E, 0xFA, 0x0D, 0x00, 0xF9, 0x0E, 0xFA, 0x0D, 0x00, 0xF9,
    0x0E, 0xFA, 0x0D, 0x00, 0xF9, 0x0E, 0xFA, 0x0D, 0x00, 0xF9, 0x0E, 0x00, 0xB3, 0xFF, 0x8D, 0x00,
    0x40, 0xFF, 0xFF, 0xFF, 0x0C, 0xE0, 0xEF, 0x13, 0xF7, 0x6F, 0xF2, 0x7F, 0x00, 0xE0, 0xAF, 0xF3,
    0x5F, 0x00, 0xD0, 0xCF, 0xF2, 0x7F, 0x00, 0xE0, 0xAF, 0xD0, 0xEF, 0x13, 0xF8, 0x6F, 0x40, 0xFF,
    0xFF, 0xFF, 0x0C, 0x00, 0xB3, 0xFF, 0x8D, 0x00, 0xFA, 0xFF, 0xFF, 0xFF, 0x0C, 0xFA, 0xEF, 0xEE,
    0xFF, 0x0C, 0xFA, 0x0D, 0x00, 0xFC, 0x0C, 0xFA, 0x0D, 0x00, 0xFC, 0x0C, 0xFA, 0x0D, 0x00, 0xFC,
    0x0C, 0xFA, 0x0D, 0x00, 0xFC, 0x0C, 0xFA, 0x0D, 0x00, 0xFC, 0x0C, 0xFA, 0x0D, 0x00, 0xFC, 0x0C,
    0xFA, 0x0D, 0x00, 0xFC, 0x0C, 0xFA, 0x58, 0xFD, 0x5D, 0x00, 0xFA, 0xFE, 0xFF, 0xFF, 0x04, 0xFA,
    0x7F, 0x40, 0xFF, 0x0B, 0xFA, 0x0E, 0x00, 0xFB, 0x0F, 0xFA, 0x0D, 0x00, 0xF9, 0x0F, 0xFA, 0x0F,
    0x00, 0xFB, 0x0E, 0xFA, 0x8F, 0x41, 0xFF, 0x0B, 0xFA, 0xFF, 0xFF, 0xFF, 0x03, 0xFA, 0x6D, 0xFE,
    0x4D, 0x00, 0xFA, 0x0D, 0x00, 0x00, 0x00, 0xFA, 0x0D, 0x00, 0x00, 0x00, 0xFA, 0x0D, 0x00, 0x00,
    0x00, 0xFA, 0x0D, 0x00, 0x00, 0x00, 0x00, 0xB4, 0xFF, 0xAE, 0x00, 0x50, 0xFF, 0xFF, 0xDF, 0x00,
    0xE0, 0xEF, 0x13, 0x44, 0x00, 0xF2, 0x7F, 0x00, 0x00, 0x00, 0xF3, 0x5F, 0x00, 0x00, 0x00, 0xF2,
    0x7F, 0x00, 0x00, 0x00, 0xE0, 0xEF, 0x13, 0x83, 0x00, 0x70, 0xFF, 0xFF, 0xEF, 0x00, 0x00, 0xC5,
    0xFF, 0x8D, 0x00, 0xF9, 0xFF, 0xFF, 0xFF, 0x0F, 0xE8, 0xFE, 0xFF, 0xEE, 0x0E, 0x00, 0x90, 0xFF,
    0x00, 0x00, 0x00, 0x90, 0xFF, 0x00, 0x00, 0x00, 0x90, 0xFF, 0x00, 0x00, 0x00, 0x90, 0xFF, 0x00,
    0x00, 0x00, 0x90, 0xFF, 0x00, 0x00, 0x00, 0x90, 0xFF, 0x00, 0x00, 0x00, 0x90, 0xFF, 0x00, 0x00,
    0xFC, 0x0E, 0x00, 0xF3, 0x7F, 0xF6, 0x4F, 0x00, 0xF8, 0x1F, 0xE0, 0xAF, 0x00, 0xFE, 0x0B, 0x80,
    0xFF, 0x30, 0xFF, 0x05, 0x20, 0xFF, 0x95, 0xEF, 0x00, 0x00, 0xFB, 0xEA, 0x8F, 0x00, 0x00, 0xF5,
    0xFE, 0x2F, 0x00, 0x00, 0xE0, 0xFF, 0x0C, 0x00, 0x00, 0x80, 0xFF, 0x06, 0x00, 0x00, 0x80, 0xFF,
    0x00, 0x00, 0x00, 0xF4, 0x9F, 0x00, 0x00, 0xF6, 0xFF, 0x1E, 0x00, 0x00, 0xF6, 0xAF, 0x02, 0x00,
    0x00, 0x00, 0x00, 0x30, 0xFF, 0x01, 0x00, 0x00, 0x00, 0x00, 0x30, 0xFF, 0x01, 0x00, 0x00, 0x00,
    0x00, 0x30, 0xFF, 0x01, 0x00, 0x00, 0x00, 0x00, 0x30, 0xFF, 0x01, 0x00, 0x00, 0x00, 0x81, 0xFD,
    0xFF, 0xCF, 0x06, 0x00, 0x30, 0xFE, 0xFF, 0xFF, 0xFF, 0xCF, 0x01, 0xC0, 0xFF, 0x36, 0xFF, 0x82,
    0xFF, 0x09, 0xF2, 0x9F, 0x30, 0xFF, 0x01, 0xFB, 0x0F, 0xF3, 0x6F, 0x30, 0xFF, 0x01, 0xF8, 0x1F,
    0xF1, 0x9F, 0x30, 0xFF, 0x01, 0xFB, 0x0F, 0xB0, 0xFF, 0x35, 0xFF, 0x72, 0xFF, 0x09, 0x10, 0xFD,
    0xFF, 0xFF, 0xFF, 0xCF, 0x01, 0x00, 0x70, 0xFC, 0xFF, 0xCF, 0x06, 0x00, 0x00, 0x00, 0x30, 0xFF,
    0x01, 0x00, 0x00, 0x00, 0x00, 0x30, 0xFF, 0x01, 0x00, 0x00, 0x00, 0x00, 0x30, 0xFF, 0x01, 0x00,
    0x00, 0x00, 0x00, 0x30, 0xFF, 0x01, 0x00, 0x00, 0xF6, 0x6F, 0x00, 0xF9, 0x4F, 0xB0, 0xFF, 0x31,
    0xFF, 0x09, 0x10, 0xFF, 0xDB, 0xDF, 0x00, 0x00, 0xF6, 0xFF, 0x3F, 0x00, 0x00, 0xE0, 0xFF, 0x0C,
    0x00, 0x00, 0xF8, 0xFF, 0x5F, 0x00, 0x30, 0xFF, 0xB8, 0xEF, 0x01, 0xD0, 0xDF, 0x20, 0xFF, 0x0B,
    0xF9, 0x4F, 0x00, 0xF7, 0x6F, 0xFA, 0x0D, 0x00, 0xF7, 0x1F, 0x00, 0xFA, 0x0D, 0x00, 0xF7, 0x1F,
    0x00, 0xFA, 0x0D, 0x00, 0xF7, 0x1F, 0x00, 0xFA, 0x0D, 0x00, 0xF7, 0x1F, 0x00, 0xFA, 0x0D, 0x00,
    0xF7, 0x1F, 0x00, 0xFA, 0x0D, 0x00, 0xF7, 0x1F, 0x00, 0xFA, 0x0D, 0x00, 0xF7, 0x1F, 0x00, 0xFA,
    0xEF, 0xEE, 0xFF, 0xDF, 0x06, 0xFA, 0xFF, 0xFF, 0xFF, 0xFF, 0x07, 0x00, 0x00, 0x00, 0x00, 0xFD,
    0x07, 0x00, 0x00, 0x00, 0x00, 0xFD, 0x07, 0x00, 0x00, 0x00, 0x00, 0xFD, 0x07, 0xFF, 0x08, 0x00,
    0xFB, 0x0D, 0xFF, 0x08, 0x00, 0xFB, 0x0D, 0xFF, 0x08, 0x00, 0xFB, 0x0D, 0xFF, 0x0A, 0x20, 0xFD,
    0x0D, 0xFB, 0xDF, 0xFE, 0xFF, 0x0D, 0xA1, 0xFF, 0x8D, 0xFC, 0x0D, 0x00, 0x00, 0x00, 0xFB, 0x0D,
    0x00, 0x00, 0x00, 0xFB, 0x0D, 0x00, 0x00, 0x00, 0xFB, 0x0D, 0xFA, 0x0D, 0x00, 0xFF, 0x08, 0x60,
    0xFF, 0x02, 0xFA, 0x0D, 0x00, 0xFF, 0x08, 0x60, 0xFF, 0x02, 0xFA, 0x0D, 0x00, 0xFF, 0x08, 0x60,
    0xFF, 0x02, 0xFA, 0x0D, 0x00, 0xFF, 0x08, 0x60, 0xFF, 0x02, 0xFA, 0x0D, 0x00, 0xFF, 0x08, 0x60,
    0xFF, 0x02, 0xFA, 0x0D, 0x00, 0xFF, 0x08, 0x60, 0xFF, 0x02, 0xFA, 0x0D, 0x00, 0xFF, 0x08, 0x60,
    0xFF, 0x02, 0xFA, 0xEF, 0xEE, 0xFF, 0xEF, 0xFE, 0xFF, 0x02, 0xFA, 0xFF, 0xFF, 0xFF, 0xFF, 0xFF,
    0xFF, 0x02, 0xFA, 0x0D, 0x00, 0xFF, 0x08, 0x60, 0xFF, 0x02, 0xFA, 0x0D, 0x00, 0xFF, 0x08, 0x60,
    0xFF, 0x02, 0xFA, 0x0D, 0x00, 0xFF, 0x08, 0x60, 0xFF, 0x02, 0xFA, 0x0D, 0x00, 0xFF, 0x08, 0x60,
    0xFF, 0x02, 0xFA, 0x0D, 0x00, 0xFF, 0x08, 0x60, 0xFF, 0x02, 0xFA, 0x0D, 0x00, 0xFF, 0x08, 0x60,
    0xFF, 0x02, 0xFA, 0x0D, 0x00, 0xFF, 0x08, 0x60, 0xFF, 0x02, 0xFA, 0xEF, 0xEE, 0xFF, 0xEF, 0xFE,
    0xFF, 0x6D, 0xFA, 0xFF, 0xFF, 0xFF, 0xFF, 0xFF, 0xFF, 0x8F, 0x00, 0x00, 0x00, 0x00, 0x00, 0x00,
    0xC0, 0x8F, 0x00, 0x00, 0x00, 0x00, 0x00, 0x00, 0xC0, 0x8F, 0x00, 0x00, 0x00, 0x00, 0x00, 0x00,
    0xC0, 0x8F, 0xFF, 0xFF, 0x8F, 0x00, 0x00, 0x00, 0xEE, 0xFE, 0x8F, 0x00, 0x00, 0x00, 0x00, 0xF0,
    0x8F, 0x00, 0x00, 0x00, 0x00, 0xF0, 0xFF, 0xFF, 0xBE, 0x03, 0x00, 0xF0, 0xEF, 0xCC, 0xFF, 0x2F,
    0x00, 0xF0, 0x8F, 0x00, 0xF2, 0x6F, 0x00, 0xF0, 0x8F, 0x00, 0xF3, 0x6F, 0x00, 0xF0, 0xEF, 0xCC,
    0xFF, 0x1F, 0x00, 0xF0, 0xFF, 0xFF, 0xBE, 0x03, 0xFA, 0x0D, 0x00, 0x00, 0x60, 0xFF, 0x02, 0xFA,
    0x0D, 0x00, 0x00, 0x60, 0xFF, 0x02, 0xFA, 0x0D, 0x00, 0x00, 0x60, 0xFF, 0x02, 0xFA, 0xFF, 0xEF,
    0x2A, 0x60, 0xFF, 0x02, 0xFA, 0xCF, 0xFC, 0xEF, 0x60, 0xFF, 0x02, 0xFA, 0x0D, 0x60, 0xFF, 0x63,
    0xFF, 0x02, 0xFA, 0x0D, 0x70, 0xFF, 0x62, 0xFF, 0x02, 0xFA, 0xCF, 0xFC, 0xDF, 0x60, 0xFF, 0x02,
    0xFA, 0xFF, 0xEF, 0x19, 0x60, 0xFF, 0x02, 0xFA, 0x0D, 0x00, 0x00, 0x00, 0xFA, 0x0D, 0x00, 0x00,
    0x00, 0xFA, 0x0D, 0x00, 0x00, 0x00, 0xFA, 0xFF, 0xFF, 0x7D, 0x00, 0xFA, 0xCF, 0xEC, 0xFF, 0x07,
    0xFA, 0x0D, 0x00, 0xFC, 0x0C, 0xFA, 0x0D, 0x00, 0xFD, 0x0C, 0xFA, 0xCF, 0xEC, 0xFF, 0x06, 0xFA,
    0xFF, 0xFF, 0x6C, 0x00, 0xA1, 0xFE, 0xBE, 0x03, 0xF0, 0xEF, 0xFF, 0x3F, 0x30, 0x00, 0xE1, 0xAF,
    0x20, 0xBB, 0xEB, 0xEF, 0x30, 0xFF, 0xFF, 0xEF, 0x00, 0x00, 0xC0, 0xDF, 0x32, 0x00, 0xF4, 0x9F,
    0xF6, 0xEF, 0xFF, 0x2E, 0xC3, 0xFF, 0xAE, 0x02, 0xFA, 0x0D, 0x00, 0xD7, 0xFF, 0x3B, 0x00, 0xFA,
    0x0D, 0xB0, 0xFF, 0xFF, 0xFF, 0x03, 0xFA, 0x0D, 0xF4, 0xAF, 0x31, 0xFE, 0x0C, 0xFA, 0xEF, 0xFF,
    0x2F, 0x00, 0xF8, 0x0F, 0xFA, 0xFF, 0xFF, 0x1F, 0x00, 0xF7, 0x2F, 0xFA, 0x0D, 0xF6, 0x2F, 0x00,
    0xF8, 0x0F, 0xFA, 0x0D, 0xF1, 0xAF, 0x31, 0xFE, 0x0C, 0xFA, 0x0D, 0x80, 0xFF, 0xFF, 0xFF, 0x04,
    0xFA, 0x0D, 0x00, 0xD6, 0xFF, 0x3B, 0x00, 0x10, 0xEA, 0xFF, 0xFF, 0x0C, 0xE0, 0xFF, 0xCC, 0xFF,
    0x0C, 0xF4, 0x4F, 0x00, 0xFC, 0x0C, 0xF4, 0x5F, 0x00, 0xFC, 0x0C, 0xE0, 0xFF, 0xBB, 0xFE, 0x0C,
    0x20, 0xFD, 0xFF, 0xFF, 0x0C, 0x20, 0xFE, 0x07, 0xFC, 0x0C, 0xC0, 0xCF, 0x00, 0xFC, 0x0C, 0xF9,
    0x2F, 0x00, 0xFC, 0x0C, 0x00, 0x20, 0x00, 0x02, 0x00, 0x00, 0xFB, 0x66, 0xCF, 0x00, 0x00, 0xF9,
    0x44, 0xAF, 0x00, 0x00, 0x00, 0x00, 0x00, 0x00, 0x00, 0x00, 0x00, 0x00, 0x00, 0x00, 0xB4, 0xFF,
    0x7D, 0x00, 0x50, 0xFF, 0xDE, 0xFF, 0x09, 0xD0, 0xBF, 0x00, 0xF5, 0x1F, 0xF2, 0xCF, 0xAA, 0xFB,
    0x4F, 0xF3, 0xFF, 0xFF, 0xFF, 0x5F, 0xF2, 0x6F, 0x00, 0x00, 0x00, 0xD0, 0xDF, 0x02, 0x20, 0x05,
    0x40, 0xFF, 0xEF, 0xFF, 0x0C, 0x00, 0xA3, 0xFE, 0xCF, 0x06, 0xE4, 0xEE, 0xEE, 0xBE, 0xF5, 0xFF,
    0xFF, 0xDF, 0xE4, 0xEE, 0xEE, 0xEE, 0xEE, 0xEE, 0xEE, 0xEE, 0x04, 0xF5, 0xFF, 0xFF, 0xFF, 0xFF,
    0xFF, 0xFF, 0xFF, 0x05, 0xE4, 0xEE, 0xEE, 0xEE, 0xEE, 0xEE, 0xEE, 0xEE, 0x04, 0xF5, 0xFF, 0xFF,
    0xFF, 0xFF, 0xFF, 0xFF, 0xFF, 0x05, 0x20, 0x22, 0x22, 0x22, 0x00, 0xF0, 0xFF, 0xFF, 0xFF, 0x00,
    0x00, 0x00, 0x00, 0x00, 0x00, 0xF0, 0xFF, 0xFF, 0xFF, 0x00, 0x20, 0x22, 0x22, 0x22, 0x00, 0x80,
    0x5F, 0xF0, 0x2F, 0xF5, 0x0E, 0xFB, 0x0B, 0xF0, 0x6F, 0xF3, 0x1F, 0xF7, 0x0A, 0xFA, 0x04, 0xB0,
    0xBF, 0xE0, 0x6F, 0xF1, 0x0F, 0xF5, 0x09, 0xFB, 0x0B, 0xF5, 0x0E, 0xF0, 0x2F, 0x80, 0x5F, 0x80,
    0x5F, 0xA0, 0x3F, 0xF0, 0x2F, 0xF1, 0x0F, 0xF5, 0x0E, 0xF7, 0x0C, 0xFB, 0x0B, 0xFD, 0x09, 0xF0,
    0x6F, 0xF2, 0x4F, 0xF3, 0x1F, 0xF5, 0x0E, 0xF7, 0x0A, 0xF9, 0x08, 0xFA, 0x04, 0xFC, 0x02, 0xB0,
    0xBF, 0xD0, 0x9F, 0xE0, 0x6F, 0xF0, 0x4F, 0xF1, 0x0F, 0xF3, 0x0D, 0xF5, 0x09, 0xF7, 0x07, 0x00,
    0xFC, 0x06, 0x00, 0x00, 0xFA, 0x03, 0x00, 0x13, 0xF7, 0x21, 0x02, 0xFF, 0xFF, 0xFF, 0x0C, 0x9B,
    0xFB, 0xA8, 0x08, 0x00, 0xF7, 0x00, 0x00, 0x00, 0xF8, 0x01, 0x00, 0x00, 0xF8, 0x02, 0x00, 0x00,
    0xF9, 0x03, 0x00, 0x00, 0xFA, 0x04, 0x00, 0x00, 0xFB, 0x05, 0x00, 0x00, 0xFC, 0x05, 0x00, 0x00,
    0xFD, 0x06, 0x00, 0x00, 0xB0, 0x7F, 0x00, 0x00, 0x80, 0x5F, 0x00, 0x30, 0x61, 0x3F, 0x22, 0xF1,
    0xFF, 0xFF, 0xDF, 0xB0, 0xB9, 0x9F, 0x9A, 0x00, 0x80, 0x4F, 0x00, 0x00, 0xA0, 0x6F, 0x00, 0x00,
    0x80, 0x4F, 0x00, 0xB0, 0xB9, 0x9F, 0x9A, 0xF1, 0xFF, 0xFF, 0xDF, 0x30, 0x61, 0x3F, 0x22, 0x00,
    0x80, 0x5F, 0x00, 0x00, 0xB0, 0x7F, 0x00, 0x00, 0x42, 0x00, 0x90, 0xFF, 0x1E, 0xF1, 0xFF, 0x7F,
    0xF2, 0xFF, 0x9F, 0xF0, 0xFF, 0x6F, 0x50, 0xFE, 0x0A, 0x70, 0x6C, 0x00, 0xC9, 0x04, 0xA1, 0x2B,
    0xF0, 0xDF, 0x20, 0xFF, 0x0B, 0xF5, 0x8F, 0xA0, 0x8F, 0x00, 0xFC, 0x06, 0xD1, 0x4E, 0x40, 0xFD,
    0x2C, 0x00, 0x40, 0xBF, 0x00, 0x00, 0x00, 0x00, 0x00, 0xF1, 0xDF, 0xCF, 0x00, 0xD0, 0x2F, 0x00,
    0x00, 0x00, 0x00, 0x00, 0xF5, 0x0C, 0xFE, 0x02, 0xF6, 0x09, 0x00, 0x00, 0x00, 0x00, 0x00, 0xF7,
    0x0A, 0xFD, 0x04, 0xFE, 0x01, 0x00, 0x00, 0x00, 0x00, 0x00, 0xF7, 0x0A, 0xFD, 0x84, 0x8F, 0xFA,
    0x7E, 0x00, 0xE5, 0xCF, 0x02, 0xF5, 0x0C, 0xFE, 0xF4, 0x8E, 0xEF, 0xFF, 0x14, 0xFF, 0xFD, 0x0B,
    0xE0, 0xDF, 0xCF, 0xFA, 0xD5, 0x4F, 0xF7, 0x6A, 0xBF, 0xF0, 0x1F, 0x40, 0xFD, 0x5C, 0xCF, 0xF0,
    0x2F, 0xF5, 0x7C, 0x9F, 0xD0, 0x3F, 0x00, 0x00, 0xC0, 0x3F, 0xF0, 0x2F, 0xF5, 0x7C, 0x9F, 0xD0,
    0x3F, 0x00, 0x00, 0xF5, 0x0A, 0xD0, 0x4F, 0xF7, 0x5A, 0xBF, 0xF0, 0x1F, 0x00, 0x00, 0xFD, 0x02,
    0x70, 0xEF, 0xFF, 0x14, 0xFF, 0xFD, 0x0C, 0x00, 0x70, 0x8F, 0x00, 0x00, 0xF9, 0x8E, 0x00, 0xD4,
    0xCF, 0x02, 0x00, 0xF4, 0x0D, 0x00, 0xFD, 0x03, 0x60, 0x7F, 0x00, 0xE0, 0x0C, 0x00, 0x00, 0xF4,
    0x0D, 0xF8, 0x0A, 0x00, 0xFD, 0x13, 0xEF, 0x01, 0x60, 0x7F, 0xA0, 0x4F, 0x00, 0xE0, 0x0C, 0xF3,
    0x08, 0x00, 0x00, 0x90, 0x19, 0x00, 0xF6, 0x3F, 0x30, 0xFF, 0x06, 0xE1, 0xAF, 0x00, 0xE1, 0xAF,
    0x00, 0x30, 0xFF, 0x06, 0x00, 0xF6, 0x3F, 0x00, 0x90, 0x19, 0x70, 0x0C, 0x00, 0xD1, 0xAF, 0x00,
    0x30, 0xFF, 0x07, 0x00, 0xF6, 0x4F, 0x00, 0xF6, 0x4F, 0x30, 0xFF, 0x07, 0xD1, 0xAF, 0x00, 0x70,
    0x0C, 0x00, 0xF0, 0xDF, 0x20, 0xFF, 0x0B, 0xE0, 0xCF, 0x10, 0xFF, 0x0A, 0xD0, 0xBF, 0x00, 0xFF,
    0x09, 0xC0, 0xAF, 0x00, 0xFF, 0x08, 0xB0, 0x9F, 0x00, 0xFE, 0x07, 0xA0, 0x8F, 0x00, 0xFD, 0x06,
    0x90, 0x7F, 0x00, 0xFC, 0x05, 0x00, 0x00, 0x00, 0x00, 0x00, 0x00, 0x00, 0x00, 0x00, 0x00, 0x70,
    0x6C, 0x00, 0xC9, 0x04, 0xF0, 0xDF, 0x20, 0xFF, 0x0B, 0xA0, 0x8F, 0x00, 0xFC, 0x06, 0x00, 0x00,
    0x00, 0xC0, 0x2F, 0x00, 0x00, 0x00, 0xF5, 0x09, 0x00, 0x00, 0x00, 0xFE, 0x01, 0x00, 0x00, 0x70,
    0x7F, 0x00, 0x00, 0x00, 0xF1, 0x0E, 0x00, 0x00, 0x00, 0xF9, 0x05, 0x00, 0x00, 0x30, 0xCF, 0x00,
    0x00, 0x00, 0xB0, 0x3F, 0x00, 0x00, 0x00, 0xF4, 0x0A, 0x00, 0x00, 0x00, 0xFD, 0x02, 0x00, 0x00,
    0x60, 0x8F, 0x00, 0x00, 0x00, 0xE1, 0x1E, 0x00, 0x00, 0x00,
};
// GlyphProps[width, height, advance_x, left, top, compressed_size, data_offset, code_point]
const GFXglyph OpenSans8BGlyphs[] = {
    { 0, 0, 4, 0, 0, 0, 0 }, // ' '
    { 4, 12, 5, 0, 12, 24, 0 }, // '!'
    { 6, 4, 8, 1, 12, 12, 24 }, // '"'
    { 11, 12, 11, 0, 12, 72, 36 }, // '#'
    { 10, 14, 10, 0, 13, 70, 108 }, // '$'
    { 15, 12, 15, 0, 12, 96, 178 }, // '%'
    { 13, 12, 13, 0, 12, 84, 274 }, // '&'
    { 3, 4, 5, 1, 12, 8, 358 }, // '''
    { 6, 15, 6, 0, 12, 45, 366 }, // '('
    { 6, 15, 6, 0, 12, 45, 411 }, // ')'
    { 9, 9, 9, 0, 13, 45, 456 }, // '*'
    { 9, 10, 10, 0, 11, 50, 501 }, // '+'
    { 4, 4, 5, 0, 2, 8, 551 }, // ','
    { 5, 3, 5, 0, 7, 9, 559 }, // '-'
    { 4, 3, 5, 0, 3, 6, 568 }, // '.'
    { 7, 12, 7, 0, 12, 48, 574 }, // '/'
    { 10, 12, 10, 0, 12, 60, 622 }, // '0'
    { 7, 12, 10, 1, 12, 48, 682 }, // '1'
    { 10, 12, 10, 0, 12, 60, 730 }, // '2'
    { 10, 12, 10, 0, 12, 60, 790 }, // '3'
    { 10, 12, 10, 0, 12, 60, 850 }, // '4'
    { 9, 12, 10, 0, 12, 60, 910 }, // '5'
    { 10, 12, 10, 0, 12, 60, 970 }, // '6'
    { 10, 12, 10, 0, 12, 60, 1030 }, // '7'
    { 10, 12, 10, 0, 12, 60, 1090 }, // '8'
    { 10, 12, 10, 0, 12, 60, 1150 }, // '9'
    { 4, 9, 5, 0, 9, 18, 1210 }, // ':'
    { 4, 11, 5, 0, 9, 22, 1228 }, // ';'
    { 9, 9, 10, 0, 11, 45, 1250 }, // '<'
    { 9, 5, 10, 0, 8, 25, 1295 }, // '='
    { 9, 9, 10, 0, 11, 45, 1320 }, // '>'
    { 8, 12, 8, 0, 12, 48, 1365 }, // '?'
    { 15, 13, 15, 0, 12, 104, 1413 }, // '@'
    { 12, 12, 12, 0, 12, 72, 1517 }, // 'A'
    { 10, 12, 11, 1, 12, 60, 1589 }, // 'B'
    { 11, 12, 11, 0, 12, 72, 1649 }, // 'C'
    { 11, 12, 13, 1, 12, 72, 1721 }, // 'D'
    { 8, 12, 10, 1, 12, 48, 1793 }, // 'E'
    { 8, 12, 9, 1, 12, 48, 1841 }, // 'F'
    { 11, 12, 12, 0, 12, 72, 1889 }, // 'G'
    { 11, 12, 13, 1, 12, 72, 1961 }, // 'H'
    { 4, 12, 6, 1, 12, 24, 2033 }, // 'I'
    { 7, 16, 6, -2, 12, 64, 2057 }, // 'J'
    { 11, 12, 11, 1, 12, 72, 2121 }, // 'K'
    { 9, 12, 10, 1, 12, 60, 2193 }, // 'L'
    { 14, 12, 16, 1, 12, 84, 2253 }, // 'M'
    { 12, 12, 14, 1, 12, 72, 2337 }, // 'N'
    { 13, 12, 14, 0, 12, 84, 2409 }, // 'O'
    { 9, 12, 11, 1, 12, 60, 2493 }, // 'P'
    { 13, 15, 14, 0, 12, 105, 2553 }, // 'Q'
    { 11, 12, 11, 1, 12, 72, 2658 }, // 'R'
    { 9, 12, 9, 0, 12, 60, 2730 }, // 'S'
    { 10, 12, 10, 0, 12, 60, 2790 }, // 'T'
    { 11, 12, 13, 1, 12, 72, 2850 }, // 'U'
    { 12, 12, 11, 0, 12, 72, 2922 }, // 'V'
    { 17, 12, 16, 0, 12, 108, 2994 }, // 'W'
    { 12, 12, 11, 0, 12, 72, 3102 }, // 'X'
    { 11, 12, 11, 0, 12, 72, 3174 }, // 'Y'
    { 10, 12, 10, 0, 12, 60, 3246 }, // 'Z'
    { 5, 15, 6, 1, 12, 45, 3306 }, // '['
    { 7, 12, 7, 0, 12, 48, 3351 }, // '<backslash>'
    { 5, 15, 6, 0, 12, 45, 3399 }, // ']'
    { 10, 8, 10, 0, 12, 40, 3444 }, // '^'
    { 9, 2, 7, -1, -2, 10, 3484 }, // '_'
    { 6, 3, 6, 0, 13, 9, 3494 }, // '`'
    { 9, 9, 10, 0, 9, 45, 3503 }, // 'a'
    { 9, 13, 11, 1, 13, 65, 3548 }, // 'b'
    { 9, 9, 9, 0, 9, 45, 3613 }, // 'c'
    { 10, 13, 11, 0, 13, 65, 3658 }, // 'd'
    { 10, 9, 10, 0, 9, 45, 3723 }, // 'e'
    { 8, 13, 7, 0, 13, 52, 3768 }, // 'f'
    { 10, 13, 10, 0, 9, 65, 3820 }, // 'g'
    { 9, 13, 11, 1, 13, 65, 3885 }, // 'h'
    { 3, 13, 5, 1, 13, 26, 3950 }, // 'i'
    { 6, 17, 5, -2, 13, 51, 3976 }, // 'j'
    { 10, 13, 11, 1, 13, 65, 4027 }, // 'k'
    { 3, 13, 5, 1, 13, 26, 4092 }, // 'l'
    { 15, 9, 17, 1, 9, 72, 4118 }, // 'm'
    { 9, 9, 11, 1, 9, 45, 4190 }, // 'n'
    { 10, 9, 11, 0, 9, 45, 4235 }, // 'o'
    { 9, 13, 11, 1, 9, 65, 4280 }, // 'p'
    { 10, 13, 11, 0, 9, 65, 4345 }, // 'q'
    { 7, 9, 8, 1, 9, 36, 4410 }, // 'r'
    { 8, 9, 8, 0, 9, 36, 4446 }, // 's'
    { 7, 11, 7, 0, 11, 44, 4482 }, // 't'
    { 9, 9, 11, 1, 9, 45, 4526 }, // 'u'
    { 10, 9, 10, 0, 9, 45, 4571 }, // 'v'
    { 15, 9, 15, 0, 9, 72, 4616 }, // 'w'
    { 10, 9, 10, 0, 9, 45, 4688 }, // 'x'
    { 10, 13, 10, 0, 9, 65, 4733 }, // 'y'
    { 8, 9, 8, 0, 9, 36, 4798 }, // 'z'
    { 7, 15, 7, 0, 12, 60, 4834 }, // '{'
    { 3, 17, 9, 3, 13, 34, 4894 }, // '|'
    { 7, 15, 7, 0, 12, 60, 4928 }, // '}'
    { 9, 3, 10, 0, 8, 15, 4988 }, // '~'
    { 0, 0, 4, 0, 0, 0, 5003 }, // ' '
    { 4, 12, 5, 0, 9, 24, 5003 }, // '¡'
    { 8, 13, 10, 1, 12, 52, 5027 }, // '¢'
    { 10, 12, 10, 0, 12, 60, 5079 }, // '£'
    { 9, 10, 10, 0, 11, 50, 5139 }, // '¤'
    { 10, 12, 10, 0, 12, 60, 5189 }, // '¥'
    { 3, 17, 9, 3, 13, 34, 5249 }, // '¦'
    { 8, 13, 8, 0, 13, 52, 5283 }, // '§'
    { 7, 3, 10, 2, 14, 12, 5335 }, // '¨'
    { 14, 12, 14, 0, 12, 84, 5347 }, // '©'
    { 6, 6, 7, 0, 12, 18, 5431 }, // 'ª'
    { 10, 8, 10, 0, 9, 40, 5449 }, // '«'
    { 9, 5, 10, 0, 7, 25, 5489 }, // '¬'
    { 5, 3, 5, 0, 7, 9, 5514 }, // '­'
    { 14, 12, 14, 0, 12, 84, 5523 }, // '®'
    { 10, 2, 9, -1, 15, 10, 5607 }, // '¯'
    { 7, 6, 7, 0, 12, 24, 5617 }, // '°'
    { 9, 12, 10, 0, 12, 60, 5641 }, // '±'
    { 6, 7, 6, 0, 14, 21, 5701 }, // '²'
    { 6, 7, 6, 0, 14, 21, 5722 }, // '³'
    { 6, 3, 6, 0, 13, 9, 5743 }, // '´'
    { 9, 13, 11, 1, 9, 65, 5752 }, // 'µ'
    { 10, 15, 11, 0, 13, 75, 5817 }, // '¶'
    { 4, 3, 5, 0, 8, 6, 5892 }, // '·'
    { 5, 4, 3, -1, 0, 12, 5898 }, // '¸'
    { 5, 7, 6, 0, 14, 21, 5910 }, // '¹'
    { 7, 6, 7, 0, 12, 24, 5931 }, // 'º'
    { 10, 8, 10, 0, 9, 40, 5955 }, // '»'
    { 14, 12, 14, 0, 12, 84, 5995 }, // '¼'
    { 15, 13, 15, 0, 12, 104, 6079 }, // '½'
    { 15, 12, 14, 0, 12, 96, 6183 }, // '¾'
    { 9, 12, 8, 0, 9, 60, 6279 }, // '¿'
    { 12, 16, 12, 0, 16, 96, 6339 }, // 'À'
    { 12, 16, 12, 0, 16, 96, 6435 }, // 'Á'
    { 12, 16, 12, 0, 16, 96, 6531 }, // 'Â'
    { 12, 16, 12, 0, 16, 96, 6627 }, // 'Ã'
    { 12, 17, 12, 0, 17, 102, 6723 }, // 'Ä'
    { 12, 15, 12, 0, 15, 90, 6825 }, // 'Å'
    { 16, 12, 16, 0, 12, 96, 6915 }, // 'Æ'
    { 11, 16, 11, 0, 12, 96, 7011 }, // 'Ç'
    { 8, 16, 10, 1, 16, 64, 7107 }, // 'È'
    { 8, 16, 10, 1, 16, 64, 7171 }, // 'É'
    { 8, 16, 10, 1, 16, 64, 7235 }, // 'Ê'
    { 8, 17, 10, 1, 17, 68, 7299 }, // 'Ë'
    { 6, 16, 6, -1, 16, 48, 7367 }, // 'Ì'
    { 6, 16, 6, 1, 16, 48, 7415 }, // 'Í'
    { 8, 16, 6, -1, 16, 64, 7463 }, // 'Î'
    { 7, 17, 6, -1, 17, 68, 7527 }, // 'Ï'
    { 12, 12, 13, 0, 12, 72, 7595 }, // 'Ð'
    { 12, 16, 14, 1, 16, 96, 7667 }, // 'Ñ'
    { 13, 16, 14, 0, 16, 112, 7763 }, // 'Ò'
    { 13, 16, 14, 0, 16, 112, 7875 }, // 'Ó'
    { 13, 16, 14, 0, 16, 112, 7987 }, // 'Ô'
    { 13, 16, 14, 0, 16, 112, 8099 }, // 'Õ'
    { 13, 17, 14, 0, 17, 119, 8211 }, // 'Ö'
    { 8, 8, 10, 1, 10, 32, 8330 }, // '×'
    { 13, 14, 14, 0, 13, 98, 8362 }, // 'Ø'
    { 11, 16, 13, 1, 16, 96, 8460 }, // 'Ù'
    { 11, 16, 13, 1, 16, 96, 8556 }, // 'Ú'
    { 11, 16, 13, 1, 16, 96, 8652 }, // 'Û'
    { 11, 17, 13, 1, 17, 102, 8748 }, // 'Ü'
    { 11, 16, 11, 0, 16, 96, 8850 }, // 'Ý'
    { 9, 12, 11, 1, 12, 60, 8946 }, // 'Þ'
    { 11, 13, 12, 1, 13, 78, 9006 }, // 'ß'
    { 9, 13, 10, 0, 13, 65, 9084 }, // 'à'
    { 9, 13, 10, 0, 13, 65, 9149 }, // 'á'
    { 9, 13, 10, 0, 13, 65, 9214 }, // 'â'
    { 9, 13, 10, 0, 13, 65, 9279 }, // 'ã'
    { 9, 14, 10, 0, 14, 70, 9344 }, // 'ä'
    { 9, 14, 10, 0, 14, 70, 9414 }, // 'å'
    { 15, 9, 16, 0, 9, 72, 9484 }, // 'æ'
    { 9, 13, 9, 0, 9, 65, 9556 }, // 'ç'
    { 10, 13, 10, 0, 13, 65, 9621 }, // 'è'
    { 10, 13, 10, 0, 13, 65, 9686 }, // 'é'
    { 10, 13, 10, 0, 13, 65, 9751 }, // 'ê'
    { 10, 14, 10, 0, 14, 70, 9816 }, // 'ë'
    { 6, 13, 5, -1, 13, 39, 9886 }, // 'ì'
    { 5, 13, 5, 1, 13, 39, 9925 }, // 'í'
    { 8, 13, 5, -1, 13, 52, 9964 }, // 'î'
    { 7, 14, 5, -1, 14, 56, 10016 }, // 'ï'
    { 10, 13, 11, 0, 13, 65, 10072 }, // 'ð'
    { 9, 13, 11, 1, 13, 65, 10137 }, // 'ñ'
    { 10, 13, 11, 0, 13, 65, 10202 }, // 'ò'
    { 10, 13, 11, 0, 13, 65, 10267 }, // 'ó'
    { 10, 13, 11, 0, 13, 65, 10332 }, // 'ô'
    { 10, 13, 11, 0, 13, 65, 10397 }, // 'õ'
    { 10, 14, 11, 0, 14, 70, 10462 }, // 'ö'
    { 9, 10, 10, 0, 11, 50, 10532 }, // '÷'
    { 10, 11, 11, 0, 10, 55, 10582 }, // 'ø'
    { 9, 13, 11, 1, 13, 65, 10637 }, // 'ù'
    { 9, 13, 11, 1, 13, 65, 10702 }, // 'ú'
    { 9, 13, 11, 1, 13, 65, 10767 }, // 'û'
    { 9, 14, 11, 1, 14, 70, 10832 }, // 'ü'
    { 10, 17, 10, 0, 13, 85, 10902 }, // 'ý'
    { 9, 17, 11, 1, 13, 85, 10987 }, // 'þ'
    { 10, 18, 10, 0, 14, 90, 11072 }, // 'ÿ'
    { 8, 17, 10, 1, 17, 68, 11162 }, // 'Ё'
    { 12, 12, 12, 0, 12, 72, 11230 }, // 'А'
    { 10, 12, 11, 1, 12, 60, 11302 }, // 'Б'
    { 10, 12, 11, 1, 12, 60, 11362 }, // 'В'
    { 9, 12, 10, 1, 12, 60, 11422 }, // 'Г'
    { 13, 16, 13, 0, 12, 112, 11482 }, // 'Д'
    { 8, 12, 10, 1, 12, 48, 11594 }, // 'Е'
    { 17, 12, 16, 0, 12, 108, 11642 }, // 'Ж'
    { 11, 12, 11, 0, 12, 72, 11750 }, // 'З'
    { 12, 12, 14, 1, 12, 72, 11822 }, // 'И'
    { 12, 16, 14, 1, 16, 96, 11894 }, // 'Й'
    { 11, 12, 11, 1, 12, 72, 11990 }, // 'К'
    { 12, 12, 13, 0, 12, 72, 12062 }, // 'Л'
    { 14, 12, 16, 1, 12, 84, 12134 }, // 'М'
    { 11, 12, 13, 1, 12, 72, 12218 }, // 'Н'
    { 13, 12, 14, 0, 12, 84, 12290 }, // 'О'
    { 11, 12, 13, 1, 12, 72, 12374 }, // 'П'
    { 9, 12, 11, 1, 12, 60, 12446 }, // 'Р'
    { 11, 12, 11, 0, 12, 72, 12506 }, // 'С'
    { 10, 12, 10, 0, 12, 60, 12578 }, // 'Т'
    { 12, 12, 11, 0, 12, 72, 12638 }, // 'У'
    { 14, 12, 15, 0, 12, 84, 12710 }, // 'Ф'
    { 12, 12, 11, 0, 12, 72, 12794 }, // 'Х'
    { 12, 16, 13, 1, 12, 96, 12866 }, // 'Ц'
    { 11, 12, 12, 0, 12, 72, 12962 }, // 'Ч'
    { 16, 12, 18, 1, 12, 96, 13034 }, // 'Ш'
    { 18, 16, 19, 1, 12, 144, 13130 }, // 'Щ'
    { 12, 12, 12, 0, 12, 72, 13274 }, // 'Ъ'
    { 13, 12, 15, 1, 12, 84, 13346 }, // 'Ы'
    { 10, 12, 11, 1, 12, 60, 13430 }, // 'Ь'
    { 11, 12, 11, 0, 12, 72, 13490 }, // 'Э'
    { 17, 12, 18, 1, 12, 108, 13562 }, // 'Ю'
    { 11, 12, 11, -1, 12, 72, 13670 }, // 'Я'
    { 9, 9, 10, 0, 9, 45, 13742 }, // 'а'
    { 10, 13, 11, 0, 13, 65, 13787 }, // 'б'
    { 9, 9, 11, 1, 9, 45, 13852 }, // 'в'
    { 7, 9, 8, 1, 9, 36, 13897 }, // 'г'
    { 12, 12, 11, 0, 9, 72, 13933 }, // 'д'
    { 10, 9, 10, 0, 9, 45, 14005 }, // 'е'
    { 15, 9, 15, 0, 9, 72, 14050 }, // 'ж'
    { 9, 9, 9, 0, 9, 45, 14122 }, // 'з'
    { 10, 9, 12, 1, 9, 45, 14167 }, // 'и'
    { 10, 13, 12, 1, 13, 65, 14212 }, // 'й'
    { 10, 9, 11, 1, 9, 45, 14277 }, // 'к'
    { 10, 9, 11, 0, 9, 45, 14322 }, // 'л'
    { 13, 9, 14, 1, 9, 63, 14367 }, // 'м'
    { 9, 9, 11, 1, 9, 45, 14430 }, // 'н'
    { 10, 9, 11, 0, 9, 45, 14475 }, // 'о'
    { 9, 9, 11, 1, 9, 45, 14520 }, // 'п'
    { 9, 13, 11, 1, 9, 65, 14565 }, // 'р'
    { 9, 9, 9, 0, 9, 45, 14630 }, // 'с'
    { 9, 9, 9, 0, 9, 45, 14675 }, // 'т'
    { 10, 13, 10, 0, 9, 65, 14720 }, // 'у'
    { 14, 17, 14, 0, 13, 119, 14785 }, // 'ф'
    { 10, 9, 10, 0, 9, 45, 14904 }, // 'х'
    { 11, 12, 12, 1, 9, 72, 14949 }, // 'ц'
    { 9, 9, 11, 1, 9, 45, 15021 }, // 'ч'
    { 15, 9, 16, 1, 9, 72, 15066 }, // 'ш'
    { 16, 12, 17, 1, 9, 96, 15138 }, // 'щ'
    { 12, 9, 12, 0, 9, 54, 15234 }, // 'ъ'
    { 13, 9, 14, 1, 9, 63, 15288 }, // 'ы'
    { 9, 9, 10, 1, 9, 45, 15351 }, // 'ь'
    { 8, 9, 9, 0, 9, 36, 15396 }, // 'э'
    { 14, 9, 15, 1, 9, 63, 15432 }, // 'ю'
    { 9, 9, 10, 0, 9, 45, 15495 }, // 'я'
    { 10, 14, 10, 0, 14, 70, 15540 }, // 'ё'
    { 8, 2, 9, 0, 6, 8, 15610 }, // '–'
    { 17, 2, 17, 0, 6, 18, 15618 }, // '—'
    { 17, 2, 17, 0, 6, 18, 15636 }, // '―'
    { 9, 5, 7, -1, 0, 25, 15654 }, // '‗'
    { 4, 4, 4, 0, 12, 8, 15679 }, // '‘'
    { 4, 4, 4, 0, 12, 8, 15687 }, // '’'
    { 4, 4, 5, 0, 2, 8, 15695 }, // '‚'
    { 4, 4, 4, 0, 12, 8, 15703 }, // '‛'
    { 8, 4, 8, 0, 12, 16, 15711 }, // '“'
    { 8, 4, 8, 0, 12, 16, 15727 }, // '”'
    { 8, 4, 9, 0, 2, 16, 15743 }, // '„'
    { 7, 13, 9, 1, 13, 52, 15759 }, // '†'
    { 8, 13, 9, 0, 13, 52, 15811 }, // '‡'
    { 6, 6, 6, 0, 10, 18, 15863 }, // '•'
    { 14, 3, 15, 0, 3, 21, 15881 }, // '…'
    { 22, 12, 22, 0, 12, 132, 15902 }, // '‰'
    { 6, 4, 5, 0, 12, 12, 16034 }, // '′'
    { 10, 4, 9, 0, 12, 20, 16046 }, // '″'
    { 6, 8, 6, 0, 9, 24, 16066 }, // '‹'
    { 6, 8, 6, 0, 9, 24, 16090 }, // '›'
    { 9, 12, 10, 0, 12, 60, 16114 }, // '‼'
    { 10, 12, 2, -4, 12, 60, 16174 }, // '⁄'
};
const UnicodeInterval OpenSans8BIntervals[] = {
    { 0x20, 0x7E, 0x0 },
    { 0xA0, 0xFF, 0x5F },
    { 0x401, 0x401, 0xBF },
    { 0x410, 0x44F, 0xC0 },
    { 0x451, 0x451, 0x100 },
    { 0x2010, 0x205F, 0x101 },
};
const GFXfont OpenSans8B = {
    (uint8_t*)OpenSans8BBitmaps,
    (GFXglyph*)OpenSans8BGlyphs,
    (UnicodeInterval*)OpenSans8BIntervals,
    6,
    0,
    23,
    18,
    -5,
};
