#pragma once
#include "epd_driver.h"
const uint8_t OpenSans10BBitmaps[24640] = {
    0xFB, 0xCF, 0xFA, 0xBF, 0xF9, 0xAF, 0xF8, 0x9F, 0xF8, 0x8F, 0xF7, 0x7F, 0xF6, 0x6F, 0xF5, 0x5F,
    0xF4, 0x4F, 0x00, 0x00, 0x00, 0x00, 0x60, 0x06, 0xFA, 0xAF, 0xFC, 0xBF, 0xE5, 0x5E, 0xF9, 0x2F,
    0xF4, 0x8F, 0xF8, 0x1F, 0xF3, 0x6F, 0xF6, 0x0F, 0xF1, 0x5F, 0xF5, 0x0E, 0xF0, 0x4F, 0xF4, 0x0D,
    0xE0, 0x2F, 0x00, 0x00, 0xF2, 0x1F, 0xD0, 0x5F, 0x00, 0x00, 0x00, 0xF4, 0x0F, 0xF0, 0x3F, 0x00,
    0x00, 0x00, 0xF7, 0x0C, 0xF2, 0x0F, 0x00, 0x00, 0x00, 0xF9, 0x0A, 0xF5, 0x0D, 0x00, 0x10, 0x22,
    0xFC, 0x28, 0xF9, 0x2C, 0x02, 0xC0, 0xFF, 0xFF, 0xFF, 0xFF, 0xFF, 0x1F, 0xC0, 0xFF, 0xFF, 0xFF,
    0xFF, 0xFF, 0x1F, 0x00, 0x50, 0xEF, 0x10, 0xFF, 0x02, 0x00, 0x00, 0x90, 0xAF, 0x50, 0xEF, 0x00,
    0x00, 0xF8, 0xFF, 0xFF, 0xFF, 0xFF, 0xFF, 0x06, 0xF8, 0xFF, 0xFF, 0xFF, 0xFF, 0xFF, 0x06, 0x21,
    0xF4, 0x2F, 0xF2, 0x5F, 0x22, 0x00, 0x00, 0xF5, 0x0D, 0xF2, 0x1F, 0x00, 0x00, 0x00, 0xF9, 0x0A,
    0xF6, 0x0E, 0x00, 0x00, 0x00, 0xFC, 0x07, 0xF9, 0x0A, 0x00, 0x00, 0x00, 0x00, 0xB0, 0x0B, 0x00,
    0x00, 0x00, 0x00, 0xB0, 0x0B, 0x00, 0x00, 0x00, 0x92, 0xFE, 0xFF, 0x9D, 0x04, 0x50, 0xFF, 0xFF,
    0xFF, 0xFF, 0x0B, 0xE0, 0xFF, 0xDC, 0x9D, 0xFD, 0x05, 0xF1, 0xFF, 0xB0, 0x0B, 0x10, 0x00, 0xE0,
    0xFF, 0xCA, 0x0B, 0x00, 0x00, 0x60, 0xFF, 0xFF, 0x6E, 0x00, 0x00, 0x00, 0xD4, 0xFF, 0xFF, 0x7E,
    0x00, 0x00, 0x00, 0xD4, 0xFF, 0xFF, 0x09, 0x00, 0x00, 0xB0, 0x9C, 0xFF, 0x1F, 0x50, 0x00, 0xB0,
    0x0B, 0xFF, 0x2F, 0xF1, 0xBF, 0xD8, 0xBD, 0xFF, 0x0F, 0xF1, 0xFF, 0xFF, 0xFF, 0xFF, 0x05, 0x50,
    0xDA, 0xFF, 0xDF, 0x3A, 0x00, 0x00, 0x00, 0xB0, 0x0B, 0x00, 0x00, 0x00, 0x00, 0xB0, 0x0B, 0x00,
    0x00, 0x10, 0xFA, 0xCF, 0x03, 0x00, 0x00, 0xFE, 0x08, 0x00, 0x00, 0xB0, 0xFF, 0xFF, 0x1F, 0x00,
    0x70, 0xEF, 0x01, 0x00, 0x00, 0xF1, 0xAF, 0xF4, 0x7F, 0x00, 0xF1, 0x7F, 0x00, 0x00, 0x00, 0xF4,
    0x4F, 0xE0, 0xBF, 0x00, 0xF9, 0x0D, 0x00, 0x00, 0x00, 0xF5, 0x3F, 0xD0, 0xCF, 0x20, 0xFF, 0x05,
    0x00, 0x00, 0x00, 0xF4, 0x4F, 0xE0, 0xBF, 0xB0, 0xCF, 0x00, 0x00, 0x00, 0x00, 0xF1, 0xAF, 0xF4,
    0x7F, 0xF3, 0x3F, 0xD5, 0xEF, 0x08, 0x00, 0xA0, 0xFF, 0xFF, 0x1F, 0xFC, 0x3A, 0xFF, 0xFF, 0x8F,
    0x00, 0x00, 0xE9, 0xCF, 0x54, 0xFF, 0x92, 0xFF, 0xB4, 0xFF, 0x00, 0x00, 0x00, 0x00, 0xE0, 0x9F,
    0xC0, 0xCF, 0x60, 0xFF, 0x03, 0x00, 0x00, 0x00, 0xF7, 0x1E, 0xD0, 0xBF, 0x50, 0xFF, 0x04, 0x00,
    0x00, 0x10, 0xFF, 0x07, 0xC0, 0xCF, 0x60, 0xFF, 0x03, 0x00, 0x00, 0x90, 0xDF, 0x00, 0x90, 0xFF,
    0xB3, 0xFF, 0x00, 0x00, 0x00, 0xF2, 0x5F, 0x00, 0x20, 0xFF, 0xFF, 0x9F, 0x00, 0x00, 0x00, 0xFA,
    0x0C, 0x00, 0x00, 0xD4, 0xEF, 0x09, 0x00, 0x00, 0x30, 0xEA, 0xEF, 0x3A, 0x00, 0x00, 0x00, 0x00,
    0xF3, 0xFF, 0xFF, 0xFF, 0x03, 0x00, 0x00, 0x00, 0xFB, 0xBF, 0xC7, 0xFF, 0x09, 0x00, 0x00, 0x00,
    0xFD, 0x0F, 0x30, 0xFF, 0x0A, 0x00, 0x00, 0x00, 0xFB, 0x4F, 0x90, 0xFF, 0x07, 0x00, 0x00, 0x00,
    0xF4, 0xEF, 0xFC, 0xDF, 0x00, 0x00, 0x00, 0x00, 0xA0, 0xFF, 0xFF, 0x1B, 0x00, 0x00, 0x00, 0x00,
    0xF8, 0xFF, 0xFF, 0x02, 0x40, 0xFF, 0x0F, 0x70, 0xFF, 0xCF, 0xFF, 0x2E, 0xA0, 0xFF, 0x0A, 0xF0,
    0xFF, 0x07, 0xF9, 0xEF, 0xF5, 0xFF, 0x03, 0xF2, 0xFF, 0x02, 0x90, 0xFF, 0xFF, 0xAF, 0x00, 0xF1,
    0xFF, 0x07, 0x00, 0xF9, 0xFF, 0x1E, 0x00, 0xC0, 0xFF, 0xCF, 0xBA, 0xFF, 0xFF, 0x4F, 0x00, 0x20,
    0xFE, 0xFF, 0xFF, 0xFF, 0xFD, 0xFF, 0x04, 0x00, 0x81, 0xFD, 0xEF, 0x5B, 0x80, 0xFF, 0x4F, 0xF9,
    0x2F, 0xF8, 0x1F, 0xF6, 0x0F, 0xF5, 0x0E, 0xF4, 0x0D, 0x00, 0x70, 0xFF, 0x02, 0x00, 0xF2, 0x8F,
    0x00, 0x00, 0xFB, 0x1F, 0x00, 0x20, 0xFF, 0x09, 0x00, 0x70, 0xFF, 0x04, 0x00, 0xC0, 0xFF, 0x00,
    0x00, 0xF0, 0xCF, 0x00, 0x00, 0xF1, 0xAF, 0x00, 0x00, 0xF2, 0x9F, 0x00, 0x00, 0xF2, 0x9F, 0x00,
    0x00, 0xF1, 0xAF, 0x00, 0x00, 0xF0, 0xCF, 0x00, 0x00, 0xC0, 0xFF, 0x00, 0x00, 0x80, 0xFF, 0x03,
    0x00, 0x20, 0xFF, 0x09, 0x00, 0x00, 0xFB, 0x0E, 0x00, 0x00, 0xF3, 0x8F, 0x00, 0x00, 0x70, 0xFF,
    0x02, 0xE1, 0x9F, 0x00, 0x00, 0x60, 0xFF, 0x04, 0x00, 0x00, 0xFE, 0x0D, 0x00, 0x00, 0xF7, 0x4F,
    0x00, 0x00, 0xF2, 0x9F, 0x00, 0x00, 0xD0, 0xEF, 0x00, 0x00, 0xA0, 0xFF, 0x01, 0x00, 0x80, 0xFF,
    0x03, 0x00, 0x70, 0xFF, 0x04, 0x00, 0x70, 0xFF, 0x04, 0x00, 0x80, 0xFF, 0x03, 0x00, 0xA0, 0xFF,
    0x01, 0x00, 0xD0, 0xEF, 0x00, 0x00, 0xF1, 0xAF, 0x00, 0x00, 0xF7, 0x4F, 0x00, 0x00, 0xFD, 0x0D,
    0x00, 0x60, 0xFF, 0x04, 0x00, 0xE1, 0x9F, 0x00, 0x00, 0x00, 0x00, 0xF9, 0x0F, 0x00, 0x00, 0x00,
    0x00, 0xF7, 0x0E, 0x00, 0x00, 0x10, 0x00, 0xF5, 0x0C, 0x00, 0x01, 0xF1, 0x8D, 0xF7, 0x6C, 0xFA,
    0x08, 0xF3, 0xFF, 0xFF, 0xFF, 0xFF, 0x0A, 0x72, 0xA8, 0xFF, 0xCF, 0x79, 0x05, 0x00, 0x80, 0xFF,
    0xDF, 0x00, 0x00, 0x00, 0xF4, 0x6F, 0xFE, 0x0A, 0x00, 0x00, 0xFD, 0x0E, 0xF7, 0x5F, 0x00, 0x00,
    0x91, 0x07, 0xD0, 0x05, 0x00, 0x00, 0x00, 0x00, 0x00, 0x00, 0x00, 0x00, 0x00, 0x30, 0x03, 0x00,
    0x00, 0x00, 0x00, 0xF2, 0x1F, 0x00, 0x00, 0x00, 0x00, 0xF2, 0x1F, 0x00, 0x00, 0x00, 0x00, 0xF2,
    0x1F, 0x00, 0x00, 0x30, 0x33, 0xF5, 0x5F, 0x33, 0x03, 0xF1, 0xFF, 0xFF, 0xFF, 0xFF, 0x1F, 0xF1,
    0xFF, 0xFF, 0xFF, 0xFF, 0x1F, 0x00, 0x00, 0xF2, 0x1F, 0x00, 0x00, 0x00, 0x00, 0xF2, 0x1F, 0x00,
    0x00, 0x00, 0x00, 0xF2, 0x1F, 0x00, 0x00, 0x00, 0x00, 0xF1, 0x1F, 0x00, 0x00, 0x60, 0xFF, 0x09,
    0x90, 0xFF, 0x05, 0xC0, 0xEF, 0x00, 0xF0, 0x8F, 0x00, 0xF3, 0x2F, 0x00, 0x93, 0x99, 0x99, 0x01,
    0xF6, 0xFF, 0xFF, 0x02, 0xF6, 0xFF, 0xFF, 0x02, 0x60, 0x06, 0xFA, 0xAF, 0xFC, 0xBF, 0xE5, 0x5E,
    0x00, 0x00, 0x70, 0xFF, 0x06, 0x00, 0x00, 0xD0, 0xFF, 0x00, 0x00, 0x00, 0xF3, 0xAF, 0x00, 0x00,
    0x00, 0xF9, 0x4F, 0x00, 0x00, 0x00, 0xFE, 0x0E, 0x00, 0x00, 0x50, 0xFF, 0x08, 0x00, 0x00, 0xB0,
    0xFF, 0x02, 0x00, 0x00, 0xF1, 0xCF, 0x00, 0x00, 0x00, 0xF7, 0x6F, 0x00, 0x00, 0x00, 0xFD, 0x1F,
    0x00, 0x00, 0x20, 0xFF, 0x0A, 0x00, 0x00, 0x80, 0xFF, 0x04, 0x00, 0x00, 0xE0, 0xEF, 0x00, 0x00,
    0x00, 0xF4, 0x8F, 0x00, 0x00, 0x00, 0xFA, 0x2F, 0x00, 0x00, 0x00, 0x00, 0x70, 0xFD, 0xCF, 0x06,
    0x00, 0x00, 0xFA, 0xFF, 0xFF, 0x8F, 0x00, 0x50, 0xFF, 0xAF, 0xFB, 0xFF, 0x04, 0xB0, 0xFF, 0x08,
    0x80, 0xFF, 0x0A, 0xF0, 0xFF, 0x02, 0x30, 0xFF, 0x0F, 0xF1, 0xFF, 0x00, 0x00, 0xFF, 0x1F, 0xF3,
    0xEF, 0x00, 0x00, 0xFF, 0x3F, 0xF3, 0xEF, 0x00, 0x00, 0xFE, 0x3F, 0xF3, 0xEF, 0x00, 0x00, 0xFF,
    0x3F, 0xF1, 0xFF, 0x00, 0x00, 0xFF, 0x2F, 0xF0, 0xFF, 0x02, 0x20, 0xFF, 0x0F, 0xB0, 0xFF, 0x08,
    0x80, 0xFF, 0x0B, 0x40, 0xFF, 0xAF, 0xFA, 0xFF, 0x05, 0x00, 0xF9, 0xFF, 0xFF, 0xAF, 0x00, 0x00,
    0x60, 0xFC, 0xDF, 0x06, 0x00, 0x00, 0x00, 0xF8, 0xAF, 0x00, 0xA0, 0xFF, 0xAF, 0x10, 0xFC, 0xFF,
    0xAF, 0xE2, 0xFF, 0xFC, 0xAF, 0xF6, 0x7F, 0xF7, 0xAF, 0x90, 0x05, 0xF7, 0xAF, 0x00, 0x00, 0xF8,
    0xAF, 0x00, 0x00, 0xF8, 0xAF, 0x00, 0x00, 0xF8, 0xAF, 0x00, 0x00, 0xF8, 0xAF, 0x00, 0x00, 0xF8,
    0xAF, 0x00, 0x00, 0xF8, 0xAF, 0x00, 0x00, 0xF8, 0xAF, 0x00, 0x00, 0xF8, 0xAF, 0x00, 0x00, 0xF8,
    0xAF, 0x00, 0x81, 0xFD, 0xDF, 0x18, 0x00, 0x60, 0xFF, 0xFF, 0xFF, 0xDF, 0x01, 0xD0, 0xFF, 0xAE,
    0xFB, 0xFF, 0x09, 0x20, 0x7E, 0x00, 0x70, 0xFF, 0x0D, 0x00, 0x00, 0x00, 0x40, 0xFF, 0x0D, 0x00,
    0x00, 0x00, 0x70, 0xFF, 0x0A, 0x00, 0x00, 0x00, 0xE1, 0xFF, 0x04, 0x00, 0x00, 0x10, 0xFD, 0x9F,
    0x00, 0x00, 0x00, 0xC0, 0xFF, 0x0B, 0x00, 0x00, 0x00, 0xFC, 0xAF, 0x00, 0x00, 0x00, 0xC0, 0xFF,
    0x09, 0x00, 0x00, 0x00, 0xFC, 0x8F, 0x00, 0x00, 0x00, 0xC0, 0xFF, 0xAF, 0xAA, 0xAA, 0x3A, 0xF2,
    0xFF, 0xFF, 0xFF, 0xFF, 0x5F, 0xF2, 0xFF, 0xFF, 0xFF, 0xFF, 0x5F, 0x00, 0xB6, 0xFE, 0xDF, 0x18,
    0x00, 0xE0, 0xFF, 0xFF, 0xFF, 0xFF, 0x02, 0x70, 0xFF, 0x9A, 0xFB, 0xFF, 0x0A, 0x00, 0x07, 0x00,
    0x70, 0xFF, 0x0B, 0x00, 0x00, 0x00, 0x80, 0xFF, 0x07, 0x00, 0x60, 0x87, 0xFB, 0xAF, 0x00, 0x00,
    0xE0, 0xFF, 0xEF, 0x06, 0x00, 0x00, 0xE0, 0xFF, 0xFF, 0xBF, 0x01, 0x00, 0x00, 0x10, 0xD4, 0xFF,
    0x0B, 0x00, 0x00, 0x00, 0x30, 0xFF, 0x1F, 0x00, 0x00, 0x00, 0x30, 0xFF, 0x2F, 0x31, 0x00, 0x00,
    0x90, 0xFF, 0x0F, 0xF3, 0xAD, 0x88, 0xFC, 0xFF, 0x09, 0xF3, 0xFF, 0xFF, 0xFF, 0xCF, 0x01, 0x70,
    0xEB, 0xFF, 0xBE, 0x06, 0x00, 0x00, 0x00, 0x00, 0xF6, 0xDF, 0x00, 0x00, 0x00, 0x20, 0xFF, 0xDF,
    0x00, 0x00, 0x00, 0xB0, 0xFF, 0xDF, 0x00, 0x00, 0x00, 0xF6, 0xFF, 0xDF, 0x00, 0x00, 0x20, 0xFF,
    0xF8, 0xDF, 0x00, 0x00, 0xC0, 0xCF, 0xF3, 0xDF, 0x00, 0x00, 0xF6, 0x2F, 0xF3, 0xDF, 0x00, 0x20,
    0xFF, 0x07, 0xF4, 0xDF, 0x00, 0xC0, 0xCF, 0x00, 0xF4, 0xDF, 0x00, 0xF6, 0xAF, 0x77, 0xF9, 0xEF,
    0x47, 0xFA, 0xFF, 0xFF, 0xFF, 0xFF, 0xAF, 0xFA, 0xFF, 0xFF, 0xFF, 0xFF, 0xAF, 0x00, 0x00, 0x00,
    0xF4, 0xDF, 0x00, 0x00, 0x00, 0x00, 0xF4, 0xDF, 0x00, 0x00, 0x00, 0x00, 0xF4, 0xDF, 0x00, 0xF2,
    0xFF, 0xFF, 0xFF, 0x0F, 0x00, 0xF3, 0xFF, 0xFF, 0xFF, 0x0F, 0x00, 0xF4, 0xEF, 0xAA, 0xAA, 0x0A,
    0x00, 0xF6, 0x9F, 0x00, 0x00, 0x00, 0x00, 0xF7, 0x7F, 0x00, 0x00, 0x00, 0x00, 0xF8, 0xEF, 0xFF,
    0x9D, 0x01, 0x00, 0xF9, 0xFF, 0xFF, 0xFF, 0x1E, 0x00, 0xC4, 0x9B, 0xD9, 0xFF, 0x9F, 0x00, 0x00,
    0x00, 0x00, 0xF9, 0xEF, 0x00, 0x00, 0x00, 0x00, 0xF3, 0xFF, 0x00, 0x00, 0x00, 0x00, 0xF3, 0xFF,
    0x00, 0x05, 0x00, 0x00, 0xFA, 0xCF, 0x00, 0xFF, 0x9B, 0xD9, 0xFF, 0x5F, 0x00, 0xFF, 0xFF, 0xFF,
    0xFF, 0x09, 0x00, 0xB6, 0xFE, 0xEF, 0x4A, 0x00, 0x00, 0x00, 0x00, 0xA4, 0xFD, 0xFF, 0x03, 0x00,
    0xA0, 0xFF, 0xFF, 0xFF, 0x04, 0x00, 0xFA, 0xFF, 0x8B, 0x98, 0x02, 0x40, 0xFF, 0x1D, 0x00, 0x00,
    0x00, 0xA0, 0xFF, 0x02, 0x00, 0x00, 0x00, 0xF0, 0xDF, 0xB2, 0xFF, 0x4C, 0x00, 0xF1, 0xCF, 0xFE,
    0xFF, 0xFF, 0x05, 0xF3, 0xFF, 0x8F, 0xD7, 0xFF, 0x0E, 0xF4, 0xFF, 0x03, 0x10, 0xFF, 0x3F, 0xF3,
    0xEF, 0x00, 0x00, 0xFC, 0x5F, 0xF1, 0xFF, 0x00, 0x00, 0xFD, 0x4F, 0xD0, 0xFF, 0x07, 0x20, 0xFF,
    0x1F, 0x50, 0xFF, 0xAF, 0xE9, 0xFF, 0x0B, 0x00, 0xF9, 0xFF, 0xFF, 0xEF, 0x01, 0x00, 0x50, 0xFC,
    0xDF, 0x18, 0x00, 0xF7, 0xFF, 0xFF, 0xFF, 0xFF, 0x5F, 0xF7, 0xFF, 0xFF, 0xFF, 0xFF, 0x5F, 0xA4,
    0xAA, 0xAA, 0xBA, 0xFF, 0x1F, 0x00, 0x00, 0x00, 0x60, 0xFF, 0x0A, 0x00, 0x00, 0x00, 0xD0, 0xFF,
    0x03, 0x00, 0x00, 0x00, 0xF5, 0xCF, 0x00, 0x00, 0x00, 0x00, 0xFC, 0x5F, 0x00, 0x00, 0x00, 0x40,
    0xFF, 0x0E, 0x00, 0x00, 0x00, 0xB0, 0xFF, 0x07, 0x00, 0x00, 0x00, 0xF2, 0xFF, 0x01, 0x00, 0x00,
    0x00, 0xF9, 0x9F, 0x00, 0x00, 0x00, 0x10, 0xFF, 0x2F, 0x00, 0x00, 0x00, 0x80, 0xFF, 0x0B, 0x00,
    0x00, 0x00, 0xF0, 0xFF, 0x04, 0x00, 0x00, 0x00, 0xF7, 0xDF, 0x00, 0x00, 0x00, 0x00, 0x81, 0xFD,
    0xDF, 0x18, 0x00, 0x20, 0xFE, 0xFF, 0xFF, 0xEF, 0x02, 0x90, 0xFF, 0x6D, 0xD6, 0xFF, 0x0A, 0xC0,
    0xFF, 0x03, 0x30, 0xFF, 0x0C, 0xA0, 0xFF, 0x06, 0x60, 0xFF, 0x0A, 0x30, 0xFF, 0x7F, 0xF7, 0xFF,
    0x02, 0x00, 0xF5, 0xFF, 0xFF, 0x3D, 0x00, 0x00, 0xD3, 0xFF, 0xFF, 0x1B, 0x00, 0x40, 0xFF, 0xAF,
    0xFC, 0xEF, 0x03, 0xE0, 0xFF, 0x04, 0x70, 0xFF, 0x0D, 0xF3, 0xBF, 0x00, 0x00, 0xFC, 0x3F, 0xF3,
    0xDF, 0x00, 0x00, 0xFD, 0x3F, 0xF0, 0xFF, 0x5B, 0xB5, 0xFF, 0x0E, 0x50, 0xFF, 0xFF, 0xFF, 0xFF,
    0x04, 0x00, 0xA3, 0xFE, 0xDF, 0x29, 0x00, 0x00, 0x81, 0xFD, 0xBF, 0x05, 0x00, 0x20, 0xFE, 0xFF,
    0xFF, 0x9F, 0x00, 0xB0, 0xFF, 0x9E, 0xFA, 0xFF, 0x05, 0xF1, 0xFF, 0x02, 0x70, 0xFF, 0x0C, 0xF4,
    0xDF, 0x00, 0x00, 0xFF, 0x1F, 0xF5, 0xCF, 0x00, 0x00, 0xFE, 0x3F, 0xF3, 0xFF, 0x01, 0x40, 0xFF,
    0x4F, 0xE0, 0xFF, 0x7D, 0xF9, 0xFF, 0x3F, 0x50, 0xFF, 0xFF, 0xEF, 0xFC, 0x1F, 0x00, 0xC4, 0xFF,
    0x2B, 0xFD, 0x0F, 0x00, 0x00, 0x00, 0x20, 0xFF, 0x0A, 0x00, 0x00, 0x00, 0xD1, 0xFF, 0x04, 0x20,
    0x78, 0xB8, 0xFF, 0xAF, 0x00, 0x40, 0xFF, 0xFF, 0xFF, 0x0A, 0x00, 0x30, 0xFF, 0xDF, 0x4A, 0x00,
    0x00, 0xE5, 0x5E, 0xFC, 0xBF, 0xFA, 0x9F, 0x60, 0x06, 0x00, 0x00, 0x00, 0x00, 0x00, 0x00, 0x00,
    0x00, 0x60, 0x06, 0xFA, 0xAF, 0xFC, 0xBF, 0xE5, 0x5E, 0x50, 0xEE, 0x05, 0xC0, 0xFF, 0x0B, 0xA0,
    0xFF, 0x09, 0x00, 0x66, 0x00, 0x00, 0x00, 0x00, 0x00, 0x00, 0x00, 0x00, 0x00, 0x00, 0x00, 0x00,
    0x00, 0x00, 0x00, 0x00, 0x00, 0x00, 0x00, 0x60, 0xFF, 0x09, 0x90, 0xFF, 0x05, 0xC0, 0xEF, 0x00,
    0xF0, 0x8F, 0x00, 0xF3, 0x2F, 0x00, 0x00, 0x00, 0x00, 0x00, 0x30, 0x1B, 0x00, 0x00, 0x00, 0x30,
    0xFB, 0x1F, 0x00, 0x00, 0x30, 0xFB, 0xFF, 0x0B, 0x00, 0x30, 0xFB, 0xFF, 0x3A, 0x00, 0x30, 0xFB,
    0xFF, 0x29, 0x00, 0x00, 0xF1, 0xFF, 0x1A, 0x00, 0x00, 0x00, 0xC0, 0xFF, 0xBF, 0x05, 0x00, 0x00,
    0x00, 0xA3, 0xFF, 0xEF, 0x18, 0x00, 0x00, 0x00, 0x82, 0xFF, 0xFF, 0x0B, 0x00, 0x00, 0x00, 0x60,
    0xFD, 0x1F, 0x00, 0x00, 0x00, 0x00, 0x40, 0x1B, 0x30, 0x33, 0x33, 0x33, 0x33, 0x03, 0xF1, 0xFF,
    0xFF, 0xFF, 0xFF, 0x1F, 0xF1, 0xFF, 0xFF, 0xFF, 0xFF, 0x1F, 0x00, 0x00, 0x00, 0x00, 0x00, 0x00,
    0x00, 0x00, 0x00, 0x00, 0x00, 0x00, 0xF1, 0xFF, 0xFF, 0xFF, 0xFF, 0x1F, 0xF1, 0xFF, 0xFF, 0xFF,
    0xFF, 0x1F, 0x40, 0x44, 0x44, 0x44, 0x44, 0x04, 0xB1, 0x03, 0x00, 0x00, 0x00, 0x00, 0xF1, 0xBF,
    0x03, 0x00, 0x00, 0x00, 0xB0, 0xFF, 0xBF, 0x03, 0x00, 0x00, 0x00, 0xA3, 0xFF, 0xBF, 0x03, 0x00,
    0x00, 0x00, 0x92, 0xFF, 0xBF, 0x03, 0x00, 0x00, 0x00, 0xA1, 0xFF, 0x1F, 0x00, 0x00, 0x50, 0xFB,
    0xFF, 0x0C, 0x00, 0x81, 0xFE, 0xFF, 0x3A, 0x00, 0xB0, 0xFF, 0xEF, 0x18, 0x00, 0x00, 0xF1, 0xDF,
    0x06, 0x00, 0x00, 0x00, 0xB1, 0x04, 0x00, 0x00, 0x00, 0x00, 0x50, 0xEB, 0xFF, 0x7D, 0x00, 0xFB,
    0xFF, 0xFF, 0xFF, 0x0B, 0xF5, 0xAE, 0xA8, 0xFF, 0x5F, 0x50, 0x00, 0x00, 0xF8, 0x8F, 0x00, 0x00,
    0x00, 0xF9, 0x6F, 0x00, 0x00, 0x70, 0xFF, 0x1E, 0x00, 0x00, 0xFB, 0xEF, 0x03, 0x00, 0xA0, 0xFF,
    0x1C, 0x00, 0x00, 0xF1, 0xCF, 0x00, 0x00, 0x00, 0xF2, 0x8F, 0x00, 0x00, 0x00, 0x00, 0x00, 0x00,
    0x00, 0x00, 0x50, 0x27, 0x00, 0x00, 0x00, 0xF5, 0xEF, 0x00, 0x00, 0x00, 0xF7, 0xFF, 0x00, 0x00,
    0x00, 0xD2, 0x9F, 0x00, 0x00, 0x00, 0x00, 0x50, 0xEA, 0xFF, 0xAE, 0x05, 0x00, 0x00, 0x00, 0x40,
    0xFD, 0xFF, 0xFF, 0xFF, 0xCF, 0x02, 0x00, 0x00, 0xF5, 0xCF, 0x15, 0x00, 0x61, 0xFE, 0x1E, 0x00,
    0x30, 0xFF, 0x08, 0x00, 0x00, 0x00, 0xD1, 0xBF, 0x00, 0xD0, 0xAF, 0x00, 0xD7, 0xFF, 0xBE, 0x34,
    0xFF, 0x03, 0xF4, 0x1F, 0xC0, 0xFF, 0xEE, 0xFF, 0x08, 0xFC, 0x08, 0xF9, 0x0A, 0xF8, 0x4F, 0x00,
    0xFD, 0x07, 0xF8, 0x0B, 0xFD, 0x07, 0xFE, 0x08, 0x00, 0xFE, 0x06, 0xF7, 0x0C, 0xFE, 0x15, 0xFF,
    0x05, 0x00, 0xFF, 0x06, 0xF8, 0x0B, 0xFE, 0x05, 0xFF, 0x05, 0x20, 0xFF, 0x05, 0xFA, 0x08, 0xFD,
    0x07, 0xFD, 0x0B, 0x90, 0xFF, 0x17, 0xFF, 0x03, 0xFA, 0x0A, 0xF5, 0xFF, 0xFF, 0xFE, 0xFF, 0xBF,
    0x00, 0xF5, 0x2F, 0x50, 0xFD, 0x9E, 0x80, 0xFF, 0x09, 0x00, 0xD0, 0xCF, 0x01, 0x00, 0x00, 0x00,
    0x00, 0x00, 0x00, 0x30, 0xFF, 0x6E, 0x02, 0x00, 0x62, 0x2A, 0x00, 0x00, 0x00, 0xD3, 0xFF, 0xFF,
    0xFF, 0xFF, 0x2F, 0x00, 0x00, 0x00, 0x00, 0xA5, 0xFD, 0xFF, 0x9D, 0x05, 0x00, 0x00, 0x00, 0x00,
    0xE0, 0xFF, 0x5F, 0x00, 0x00, 0x00, 0x00, 0x00, 0xF3, 0xFF, 0xBF, 0x00, 0x00, 0x00, 0x00, 0x00,
    0xF9, 0xDF, 0xFF, 0x01, 0x00, 0x00, 0x00, 0x00, 0xFE, 0x6E, 0xFF, 0x06, 0x00, 0x00, 0x00, 0x40,
    0xFF, 0x19, 0xFF, 0x0C, 0x00, 0x00, 0x00, 0xA0, 0xFF, 0x04, 0xFB, 0x1F, 0x00, 0x00, 0x00, 0xF0,
    0xEF, 0x00, 0xF6, 0x7F, 0x00, 0x00, 0x00, 0xF5, 0x9F, 0x00, 0xF1, 0xDF, 0x00, 0x00, 0x00, 0xFB,
    0xCF, 0xAA, 0xFA, 0xFF, 0x02, 0x00, 0x10, 0xFF, 0xFF, 0xFF, 0xFF, 0xFF, 0x08, 0x00, 0x60, 0xFF,
    0xFF, 0xFF, 0xFF, 0xFF, 0x0E, 0x00, 0xC0, 0xFF, 0x06, 0x00, 0x00, 0xFE, 0x3F, 0x00, 0xF1, 0xFF,
    0x01, 0x00, 0x00, 0xF9, 0x9F, 0x00, 0xF7, 0xDF, 0x00, 0x00, 0x00, 0xF5, 0xEF, 0x00, 0xFD, 0x8F,
    0x00, 0x00, 0x00, 0xF1, 0xFF, 0x04, 0xF1, 0xFF, 0xFF, 0xEF, 0x7B, 0x00, 0xF1, 0xFF, 0xFF, 0xFF,
    0xFF, 0x1D, 0xF1, 0xFF, 0x99, 0xDA, 0xFF, 0x7F, 0xF1, 0xFF, 0x01, 0x00, 0xFC, 0x9F, 0xF1, 0xFF,
    0x01, 0x00, 0xFC, 0x7F, 0xF1, 0xFF, 0x88, 0xC8, 0xFF, 0x1E, 0xF1, 0xFF, 0xFF, 0xFF, 0xCF, 0x02,
    0xF1, 0xFF, 0xFF, 0xFF, 0xFF, 0x1D, 0xF1, 0xFF, 0x01, 0x30, 0xFD, 0xAF, 0xF1, 0xFF, 0x01, 0x00,
    0xF6, 0xEF, 0xF1, 0xFF, 0x01, 0x00, 0xF5, 0xFF, 0xF1, 0xFF, 0x01, 0x00, 0xFB, 0xEF, 0xF1, 0xFF,
    0xAA, 0xDA, 0xFF, 0x8F, 0xF1, 0xFF, 0xFF, 0xFF, 0xFF, 0x0C, 0xF1, 0xFF, 0xFF, 0xEF, 0x6C, 0x00,
    0x00, 0x10, 0xD8, 0xFF, 0xBE, 0x06, 0x00, 0xF5, 0xFF, 0xFF, 0xFF, 0x7F, 0x40, 0xFF, 0xFF, 0xAB,
    0xFD, 0x1F, 0xE0, 0xFF, 0x1D, 0x00, 0x20, 0x06, 0xF5, 0xFF, 0x02, 0x00, 0x00, 0x00, 0xF9, 0xCF,
    0x00, 0x00, 0x00, 0x00, 0xFB, 0x8F, 0x00, 0x00, 0x00, 0x00, 0xFC, 0x8F, 0x00, 0x00, 0x00, 0x00,
    0xFB, 0x8F, 0x00, 0x00, 0x00, 0x00, 0xF9, 0xBF, 0x00, 0x00, 0x00, 0x00, 0xF6, 0xFF, 0x01, 0x00,
    0x00, 0x00, 0xF1, 0xFF, 0x1B, 0x00, 0x00, 0x03, 0x70, 0xFF, 0xFF, 0xAB, 0xFB, 0x1F, 0x00, 0xF9,
    0xFF, 0xFF, 0xFF, 0x1F, 0x00, 0x30, 0xEA, 0xFF, 0xBE, 0x07, 0xF1, 0xFF, 0xFF, 0xDF, 0x39, 0x00,
    0x00, 0xF1, 0xFF, 0xFF, 0xFF, 0xFF, 0x0A, 0x00, 0xF1, 0xFF, 0x99, 0xDA, 0xFF, 0xCF, 0x00, 0xF1,
    0xFF, 0x01, 0x00, 0xF6, 0xFF, 0x07, 0xF1, 0xFF, 0x01, 0x00, 0x90, 0xFF, 0x0E, 0xF1, 0xFF, 0x01,
    0x00, 0x30, 0xFF, 0x2F, 0xF1, 0xFF, 0x01, 0x00, 0x00, 0xFF, 0x4F, 0xF1, 0xFF, 0x01, 0x00, 0x00,
    0xFF, 0x5F, 0xF1, 0xFF, 0x01, 0x00, 0x00, 0xFF, 0x4F, 0xF1, 0xFF, 0x01, 0x00, 0x40, 0xFF, 0x1F,
    0xF1, 0xFF, 0x01, 0x00, 0xA0, 0xFF, 0x0D, 0xF1, 0xFF, 0x01, 0x00, 0xF8, 0xFF, 0x06, 0xF1, 0xFF,
    0xAA, 0xEB, 0xFF, 0xBF, 0x00, 0xF1, 0xFF, 0xFF, 0xFF, 0xFF, 0x09, 0x00, 0xF1, 0xFF, 0xFF, 0xCE,
    0x28, 0x00, 0x00, 0xF1, 0xFF, 0xFF, 0xFF, 0x8F, 0xF1, 0xFF, 0xFF, 0xFF, 0x8F, 0xF1, 0xFF, 0x99,
    0x99, 0x49, 0xF1, 0xFF, 0x01, 0x00, 0x00, 0xF1, 0xFF, 0x01, 0x00, 0x00, 0xF1, 0xFF, 0x9A, 0x99,
    0x19, 0xF1, 0xFF, 0xFF, 0xFF, 0x2F, 0xF1, 0xFF, 0xFF, 0xFF, 0x2F, 0xF1, 0xFF, 0x01, 0x00, 0x00,
    0xF1, 0xFF, 0x01, 0x00, 0x00, 0xF1, 0xFF, 0x01, 0x00, 0x00, 0xF1, 0xFF, 0x01, 0x00, 0x00, 0xF1,
    0xFF, 0xAA, 0xAA, 0x5A, 0xF1, 0xFF, 0xFF, 0xFF, 0x8F, 0xF1, 0xFF, 0xFF, 0xFF, 0x8F, 0xF1, 0xFF,
    0xFF, 0xFF, 0x7F, 0xF1, 0xFF, 0xFF, 0xFF, 0x7F, 0xF1, 0xFF, 0x99, 0x99, 0x49, 0xF1, 0xFF, 0x00,
    0x00, 0x00, 0xF1, 0xFF, 0x00, 0x00, 0x00, 0xF1, 0xFF, 0x00, 0x00, 0x00, 0xF1, 0xFF, 0x99, 0x99,
    0x09, 0xF1, 0xFF, 0xFF, 0xFF, 0x1F, 0xF1, 0xFF, 0xFF, 0xFF, 0x1F, 0xF1, 0xFF, 0x00, 0x00, 0x00,
    0xF1, 0xFF, 0x00, 0x00, 0x00, 0xF1, 0xFF, 0x00, 0x00, 0x00, 0xF1, 0xFF, 0x00, 0x00, 0x00, 0xF1,
    0xFF, 0x00, 0x00, 0x00, 0xF1, 0xFF, 0x00, 0x00, 0x00, 0x00, 0x00, 0xB6, 0xFE, 0xEF, 0x7B, 0x01,
    0x00, 0xD3, 0xFF, 0xFF, 0xFF, 0xFF, 0x04, 0x30, 0xFF, 0xFF, 0xAE, 0xCA, 0xDF, 0x00, 0xD0, 0xFF,
    0x5F, 0x00, 0x00, 0x31, 0x00, 0xF4, 0xFF, 0x05, 0x00, 0x00, 0x00, 0x00, 0xF9, 0xDF, 0x00, 0x00,
    0x00, 0x00, 0x00, 0xFB, 0x9F, 0x00, 0x00, 0x00, 0x00, 0x00, 0xFC, 0x7F, 0x00, 0xF6, 0xFF, 0xFF,
    0x08, 0xFB, 0x8F, 0x00, 0xF6, 0xFF, 0xFF, 0x08, 0xF9, 0xBF, 0x00, 0xA4, 0xDA, 0xFF, 0x08, 0xF6,
    0xFF, 0x02, 0x00, 0x90, 0xFF, 0x08, 0xF0, 0xFF, 0x1C, 0x00, 0x90, 0xFF, 0x08, 0x60, 0xFF, 0xFF,
    0xAB, 0xEB, 0xFF, 0x08, 0x00, 0xF7, 0xFF, 0xFF, 0xFF, 0xFF, 0x08, 0x00, 0x20, 0xD9, 0xFF, 0xDF,
    0x7B, 0x02, 0xF1, 0xFF, 0x01, 0x00, 0x00, 0xFF, 0x2F, 0xF1, 0xFF, 0x01, 0x00, 0x00, 0xFF, 0x2F,
    0xF1, 0xFF, 0x01, 0x00, 0x00, 0xFF, 0x2F, 0xF1, 0xFF, 0x01, 0x00, 0x00, 0xFF, 0x2F, 0xF1, 0xFF,
    0x01, 0x00, 0x00, 0xFF, 0x2F, 0xF1, 0xFF, 0x01, 0x00, 0x00, 0xFF, 0x2F, 0xF1, 0xFF, 0xAA, 0xAA,
    0xAA, 0xFF, 0x2F, 0xF1, 0xFF, 0xFF, 0xFF, 0xFF, 0xFF, 0x2F, 0xF1, 0xFF, 0xFF, 0xFF, 0xFF, 0xFF,
    0x2F, 0xF1, 0xFF, 0x01, 0x00, 0x00, 0xFF, 0x2F, 0xF1, 0xFF, 0x01, 0x00, 0x00, 0xFF, 0x2F, 0xF1,
    0xFF, 0x01, 0x00, 0x00, 0xFF, 0x2F, 0xF1, 0xFF, 0x01, 0x00, 0x00, 0xFF, 0x2F, 0xF1, 0xFF, 0x01,
    0x00, 0x00, 0xFF, 0x2F, 0xF1, 0xFF, 0x01, 0x00, 0x00, 0xFF, 0x2F, 0xF1, 0xFF, 0x01, 0xF1, 0xFF,
    0x01, 0xF1, 0xFF, 0x01, 0xF1, 0xFF, 0x01, 0xF1, 0xFF, 0x01, 0xF1, 0xFF, 0x01, 0xF1, 0xFF, 0x01,
    0xF1, 0xFF, 0x01, 0xF1, 0xFF, 0x01, 0xF1, 0xFF, 0x01, 0xF1, 0xFF, 0x01, 0xF1, 0xFF, 0x01, 0xF1,
    0xFF, 0x01, 0xF1, 0xFF, 0x01, 0xF1, 0xFF, 0x01, 0x00, 0x10, 0xFF, 0x1F, 0x00, 0x10, 0xFF, 0x1F,
    0x00, 0x10, 0xFF, 0x1F, 0x00, 0x10, 0xFF, 0x1F, 0x00, 0x10, 0xFF, 0x1F, 0x00, 0x10, 0xFF, 0x1F,
    0x00, 0x10, 0xFF, 0x1F, 0x00, 0x10, 0xFF, 0x1F, 0x00, 0x10, 0xFF, 0x1F, 0x00, 0x10, 0xFF, 0x1F,
    0x00, 0x10, 0xFF, 0x1F, 0x00, 0x10, 0xFF, 0x1F, 0x00, 0x10, 0xFF, 0x1F, 0x00, 0x10, 0xFF, 0x1F,
    0x00, 0x20, 0xFF, 0x0F, 0x00, 0x70, 0xFF, 0x0E, 0xB7, 0xFB, 0xFF, 0x09, 0xF9, 0xFF, 0xEF, 0x01,
    0xF7, 0xEF, 0x19, 0x00, 0xF1, 0xFF, 0x01, 0x00, 0xE1, 0xFF, 0x08, 0xF1, 0xFF, 0x01, 0x00, 0xFC,
    0xBF, 0x00, 0xF1, 0xFF, 0x01, 0x90, 0xFF, 0x1D, 0x00, 0xF1, 0xFF, 0x01, 0xF6, 0xFF, 0x02, 0x00,
    0xF1, 0xFF, 0x31, 0xFF, 0x5F, 0x00, 0x00, 0xF1, 0xFF, 0xE2, 0xFF, 0x09, 0x00, 0x00, 0xF1, 0xFF,
    0xFB, 0xDF, 0x00, 0x00, 0x00, 0xF1, 0xFF, 0xFF, 0xFF, 0x03, 0x00, 0x00, 0xF1, 0xFF, 0xEF, 0xFF,
    0x0D, 0x00, 0x00, 0xF1, 0xFF, 0x25, 0xFF, 0x7F, 0x00, 0x00, 0xF1, 0xFF, 0x01, 0xF7, 0xFF, 0x02,
    0x00, 0xF1, 0xFF, 0x01, 0xD0, 0xFF, 0x0B, 0x00, 0xF1, 0xFF, 0x01, 0x30, 0xFF, 0x6F, 0x00, 0xF1,
    0xFF, 0x01, 0x00, 0xF9, 0xEF, 0x01, 0xF1, 0xFF, 0x01, 0x00, 0xE1, 0xFF, 0x0A, 0xF1, 0xFF, 0x01,
    0x00, 0x00, 0x00, 0xF1, 0xFF, 0x01, 0x00, 0x00, 0x00, 0xF1, 0xFF, 0x01, 0x00, 0x00, 0x00, 0xF1,
    0xFF, 0x01, 0x00, 0x00, 0x00, 0xF1, 0xFF, 0x01, 0x00, 0x00, 0x00, 0xF1, 0xFF, 0x01, 0x00, 0x00,
    0x00, 0xF1, 0xFF, 0x01, 0x00, 0x00, 0x00, 0xF1, 0xFF, 0x01, 0x00, 0x00, 0x00, 0xF1, 0xFF, 0x01,
    0x00, 0x00, 0x00, 0xF1, 0xFF, 0x01, 0x00, 0x00, 0x00, 0xF1, 0xFF, 0x01, 0x00, 0x00, 0x00, 0xF1,
    0xFF, 0x01, 0x00, 0x00, 0x00, 0xF1, 0xFF, 0xAA, 0xAA, 0xAA, 0x01, 0xF1, 0xFF, 0xFF, 0xFF, 0xFF,
    0x02, 0xF1, 0xFF, 0xFF, 0xFF, 0xFF, 0x02, 0xF1, 0xFF, 0x5F, 0x00, 0x00, 0x00, 0xF9, 0xFF, 0x0E,
    0xF1, 0xFF, 0xAF, 0x00, 0x00, 0x00, 0xFE, 0xFF, 0x0E, 0xF1, 0xFF, 0xFF, 0x00, 0x00, 0x30, 0xFF,
    0xFF, 0x0E, 0xF1, 0xDF, 0xFF, 0x04, 0x00, 0x80, 0xEF, 0xFF, 0x0E, 0xF1, 0xAF, 0xFF, 0x09, 0x00,
    0xE0, 0x9F, 0xFF, 0x0E, 0xF1, 0xAF, 0xFA, 0x0E, 0x00, 0xF3, 0x4F, 0xFF, 0x0E, 0xF1, 0xBF, 0xF5,
    0x3F, 0x00, 0xF8, 0x0E, 0xFF, 0x0E, 0xF1, 0xBF, 0xF1, 0x8F, 0x00, 0xFD, 0x09, 0xFF, 0x0E, 0xF1,
    0xBF, 0xC0, 0xDF, 0x30, 0xFF, 0x04, 0xFF, 0x0E, 0xF1, 0xBF, 0x70, 0xFF, 0x82, 0xEF, 0x00, 0xFF,
    0x0E, 0xF1, 0xBF, 0x20, 0xFF, 0xD7, 0xAF, 0x00, 0xFF, 0x0E, 0xF1, 0xBF, 0x00, 0xFD, 0xFE, 0x4F,
    0x00, 0xFF, 0x0E, 0xF1, 0xBF, 0x00, 0xF8, 0xFF, 0x0F, 0x00, 0xFF, 0x0E, 0xF1, 0xBF, 0x00, 0xF3,
    0xFF, 0x0A, 0x00, 0xFF, 0x0E, 0xF1, 0xBF, 0x00, 0xE0, 0xFF, 0x04, 0x00, 0xFF, 0x0E, 0xF1, 0xFF,
    0x3F, 0x00, 0x00, 0xA0, 0xFF, 0x03, 0xF1, 0xFF, 0xCF, 0x00, 0x00, 0xA0, 0xFF, 0x03, 0xF1, 0xFF,
    0xFF, 0x05, 0x00, 0xA0, 0xFF, 0x03, 0xF1, 0xFF, 0xFF, 0x0E, 0x00, 0xA0, 0xFF, 0x03, 0xF1, 0x9F,
    0xFD, 0x8F, 0x00, 0xA0, 0xFF, 0x03, 0xF1, 0xAF, 0xF5, 0xFF, 0x01, 0xA0, 0xFF, 0x03, 0xF1, 0xAF,
    0xB0, 0xFF, 0x0A, 0xA0, 0xFF, 0x03, 0xF1, 0xBF, 0x20, 0xFF, 0x3F, 0xA0, 0xFF, 0x03, 0xF1, 0xBF,
    0x00, 0xF9, 0xDF, 0xA0, 0xFF, 0x03, 0xF1, 0xBF, 0x00, 0xF1, 0xFF, 0x96, 0xFF, 0x03, 0xF1, 0xBF,
    0x00, 0x70, 0xFF, 0x9E, 0xFF, 0x03, 0xF1, 0xBF, 0x00, 0x00, 0xFD, 0xFF, 0xFF, 0x03, 0xF1, 0xBF,
    0x00, 0x00, 0xF4, 0xFF, 0xFF, 0x03, 0xF1, 0xBF, 0x00, 0x00, 0xB0, 0xFF, 0xFF, 0x03, 0xF1, 0xBF,
    0x00, 0x00, 0x20, 0xFF, 0xFF, 0x03, 0x00, 0x20, 0xD9, 0xFF, 0xCE, 0x17, 0x00, 0x00, 0x00, 0xF7,
    0xFF, 0xFF, 0xFF, 0xEF, 0x03, 0x00, 0x60, 0xFF, 0xFF, 0xAB, 0xFC, 0xFF, 0x2F, 0x00, 0xE0, 0xFF,
    0x1D, 0x00, 0x30, 0xFF, 0xBF, 0x00, 0xF5, 0xFF, 0x02, 0x00, 0x00, 0xF7, 0xFF, 0x01, 0xF9, 0xCF,
    0x00, 0x00, 0x00, 0xF1, 0xFF, 0x05, 0xFB, 0x9F, 0x00, 0x00, 0x00, 0xE0, 0xFF, 0x07, 0xFC, 0x8F,
    0x00, 0x00, 0x00, 0xD0, 0xFF, 0x07, 0xFB, 0x9F, 0x00, 0x00, 0x00, 0xE0, 0xFF, 0x07, 0xF9, 0xCF,
    0x00, 0x00, 0x00, 0xF1, 0xFF, 0x05, 0xF5, 0xFF, 0x02, 0x00, 0x00, 0xF6, 0xFF, 0x01, 0xE0, 0xFF,
    0x1D, 0x00, 0x40, 0xFF, 0xAF, 0x00, 0x60, 0xFF, 0xFF, 0xBC, 0xFD, 0xFF, 0x2F, 0x00, 0x00, 0xF7,
    0xFF, 0xFF, 0xFF, 0xEF, 0x03, 0x00, 0x00, 0x20, 0xD9, 0xFF, 0xCE, 0x07, 0x00, 0x00, 0xF1, 0xFF,
    0xFF, 0xDF, 0x18, 0x00, 0xF1, 0xFF, 0xFF, 0xFF, 0xEF, 0x02, 0xF1, 0xFF, 0x99, 0xFB, 0xFF, 0x0C,
    0xF1, 0xFF, 0x01, 0x50, 0xFF, 0x1F, 0xF1, 0xFF, 0x01, 0x00, 0xFF, 0x3F, 0xF1, 0xFF, 0x01, 0x00,
    0xFF, 0x3F, 0xF1, 0xFF, 0x01, 0x80, 0xFF, 0x0F, 0xF1, 0xFF, 0xAA, 0xFD, 0xFF, 0x0A, 0xF1, 0xFF,
    0xFF, 0xFF, 0xDF, 0x01, 0xF1, 0xFF, 0xFF, 0xCF, 0x07, 0x00, 0xF1, 0xFF, 0x01, 0x00, 0x00, 0x00,
    0xF1, 0xFF, 0x01, 0x00, 0x00, 0x00, 0xF1, 0xFF, 0x01, 0x00, 0x00, 0x00, 0xF1, 0xFF, 0x01, 0x00,
    0x00, 0x00, 0xF1, 0xFF, 0x01, 0x00, 0x00, 0x00, 0x00, 0x20, 0xD9, 0xFF, 0xCE, 0x17, 0x00, 0x00,
    0x00, 0xF7, 0xFF, 0xFF, 0xFF, 0xEF, 0x04, 0x00, 0x60, 0xFF, 0xFF, 0xAB, 0xFC, 0xFF, 0x2F, 0x00,
    0xE0, 0xFF, 0x1D, 0x00, 0x30, 0xFF, 0xBF, 0x00, 0xF5, 0xFF, 0x02, 0x00, 0x00, 0xF7, 0xFF, 0x01,
    0xF9, 0xCF, 0x00, 0x00, 0x00, 0xF1, 0xFF, 0x05, 0xFB, 0x9F, 0x00, 0x00, 0x00, 0xE0, 0xFF, 0x07,
    0xFC, 0x8F, 0x00, 0x00, 0x00, 0xD0, 0xFF, 0x07, 0xFB, 0x9F, 0x00, 0x00, 0x00, 0xE0, 0xFF, 0x07,
    0xF9, 0xCF, 0x00, 0x00, 0x00, 0xF1, 0xFF, 0x05, 0xF5, 0xFF, 0x02, 0x00, 0x00, 0xF6, 0xFF, 0x01,
    0xE0, 0xFF, 0x1D, 0x00, 0x40, 0xFF, 0xBF, 0x00, 0x60, 0xFF, 0xFF, 0xBC, 0xFD, 0xFF, 0x2F, 0x00,
    0x00, 0xF7, 0xFF, 0xFF, 0xFF, 0xEF, 0x03, 0x00, 0x00, 0x20, 0xD9, 0xFF, 0xFF, 0x2F, 0x00, 0x00,
    0x00, 0x00, 0x00, 0x10, 0xFD, 0xDF, 0x01, 0x00, 0x00, 0x00, 0x00, 0x00, 0xE2, 0xFF, 0x1D, 0x00,
    0x00, 0x00, 0x00, 0x00, 0x20, 0xFF, 0xDF, 0x01, 0xF1, 0xFF, 0xFF, 0xCF, 0x28, 0x00, 0x00, 0xF1,
    0xFF, 0xFF, 0xFF, 0xFF, 0x04, 0x00, 0xF1, 0xFF, 0x99, 0xFB, 0xFF, 0x0E, 0x00, 0xF1, 0xFF, 0x01,
    0x40, 0xFF, 0x2F, 0x00, 0xF1, 0xFF, 0x01, 0x00, 0xFF, 0x3F, 0x00, 0xF1, 0xFF, 0x01, 0x50, 0xFF,
    0x1F, 0x00, 0xF1, 0xFF, 0x99, 0xFC, 0xFF, 0x09, 0x00, 0xF1, 0xFF, 0xFF, 0xFF, 0x9F, 0x00, 0x00,
    0xF1, 0xFF, 0xFF, 0xFF, 0x0B, 0x00, 0x00, 0xF1, 0xFF, 0x01, 0xFE, 0x4F, 0x00, 0x00, 0xF1, 0xFF,
    0x01, 0xF5, 0xEF, 0x00, 0x00, 0xF1, 0xFF, 0x01, 0xC0, 0xFF, 0x09, 0x00, 0xF1, 0xFF, 0x01, 0x20,
    0xFF, 0x3F, 0x00, 0xF1, 0xFF, 0x01, 0x00, 0xF8, 0xDF, 0x00, 0xF1, 0xFF, 0x01, 0x00, 0xE0, 0xFF,
    0x08, 0x00, 0x70, 0xFC, 0xEF, 0x6B, 0x00, 0x00, 0xFD, 0xFF, 0xFF, 0xFF, 0x07, 0x80, 0xFF, 0xBF,
    0xDA, 0xFF, 0x01, 0xC0, 0xFF, 0x06, 0x00, 0x51, 0x00, 0xD0, 0xFF, 0x05, 0x00, 0x00, 0x00, 0xA0,
    0xFF, 0x6F, 0x00, 0x00, 0x00, 0x20, 0xFF, 0xFF, 0x6E, 0x00, 0x00, 0x00, 0xD3, 0xFF, 0xFF, 0x3D,
    0x00, 0x00, 0x00, 0xD6, 0xFF, 0xFF, 0x02, 0x00, 0x00, 0x00, 0xF6, 0xFF, 0x08, 0x00, 0x00, 0x00,
    0x70, 0xFF, 0x0B, 0xA0, 0x03, 0x00, 0x90, 0xFF, 0x0A, 0xF0, 0xEF, 0xAB, 0xFC, 0xFF, 0x05, 0xF0,
    0xFF, 0xFF, 0xFF, 0xAF, 0x00, 0x50, 0xDA, 0xFF, 0xBE, 0x05, 0x00, 0xF9, 0xFF, 0xFF, 0xFF, 0xFF,
    0xBF, 0xF9, 0xFF, 0xFF, 0xFF, 0xFF, 0xBF, 0xA5, 0xAA, 0xFD, 0xEF, 0xAA, 0x7A, 0x00, 0x00, 0xF8,
    0xAF, 0x00, 0x00, 0x00, 0x00, 0xF8, 0xAF, 0x00, 0x00, 0x00, 0x00, 0xF8, 0xAF, 0x00, 0x00, 0x00,
    0x00, 0xF8, 0xAF, 0x00, 0x00, 0x00, 0x00, 0xF8, 0xAF, 0x00, 0x00, 0x00, 0x00, 0xF8, 0xAF, 0x00,
    0x00, 0x00, 0x00, 0xF8, 0xAF, 0x00, 0x00, 0x00, 0x00, 0xF8, 0xAF, 0x00, 0x00, 0x00, 0x00, 0xF8,
    0xAF, 0x00, 0x00, 0x00, 0x00, 0xF8, 0xAF, 0x00, 0x00, 0x00, 0x00, 0xF8, 0xAF, 0x00, 0x00, 0x00,
    0x00, 0xF8, 0xAF, 0x00, 0x00, 0xF3, 0xFF, 0x00, 0x00, 0x10, 0xFF, 0x1F, 0xF3, 0xFF, 0x00, 0x00,
    0x10, 0xFF, 0x1F, 0xF3, 0xFF, 0x00, 0x00, 0x10, 0xFF, 0x1F, 0xF3, 0xFF, 0x00, 0x00, 0x10, 0xFF,
    0x1F, 0xF3, 0xFF, 0x00, 0x00, 0x10, 0xFF, 0x1F, 0xF3, 0xFF, 0x00, 0x00, 0x10, 0xFF, 0x1F, 0xF3,
    0xFF, 0x00, 0x00, 0x10, 0xFF, 0x1F, 0xF3, 0xFF, 0x00, 0x00, 0x10, 0xFF, 0x1F, 0xF3, 0xFF, 0x00,
    0x00, 0x10, 0xFF, 0x1F, 0xF3, 0xFF, 0x00, 0x00, 0x10, 0xFF, 0x1F, 0xF2, 0xFF, 0x02, 0x00, 0x40,
    0xFF, 0x0F, 0xE0, 0xFF, 0x0A, 0x00, 0xC0, 0xFF, 0x0C, 0x70, 0xFF, 0xEF, 0xBB, 0xFE, 0xFF, 0x04,
    0x00, 0xF9, 0xFF, 0xFF, 0xFF, 0x7F, 0x00, 0x00, 0x40, 0xEB, 0xFF, 0x9D, 0x02, 0x00, 0xFD, 0x5F,
    0x00, 0x00, 0x00, 0xFB, 0x7F, 0xF7, 0xAF, 0x00, 0x00, 0x10, 0xFF, 0x2F, 0xF2, 0xFF, 0x00, 0x00,
    0x50, 0xFF, 0x0C, 0xD0, 0xFF, 0x05, 0x00, 0xA0, 0xFF, 0x07, 0x70, 0xFF, 0x0A, 0x00, 0xF0, 0xFF,
    0x01, 0x20, 0xFF, 0x0E, 0x00, 0xF5, 0xCF, 0x00, 0x00, 0xFC, 0x4F, 0x00, 0xFA, 0x6F, 0x00, 0x00,
    0xF7, 0x9F, 0x00, 0xFE, 0x1F, 0x00, 0x00, 0xF1, 0xEF, 0x40, 0xFF, 0x0C, 0x00, 0x00, 0xC0, 0xFF,
    0x82, 0xFF, 0x06, 0x00, 0x00, 0x60, 0xFF, 0xD7, 0xFF, 0x01, 0x00, 0x00, 0x10, 0xFF, 0xFB, 0xBF,
    0x00, 0x00, 0x00, 0x00, 0xFC, 0xFF, 0x6F, 0x00, 0x00, 0x00, 0x00, 0xF6, 0xFF, 0x1F, 0x00, 0x00,
    0x00, 0x00, 0xF1, 0xFF, 0x0B, 0x00, 0x00, 0xFE, 0x3F, 0x00, 0x00, 0xF7, 0xCF, 0x00, 0x00, 0xF0,
    0xFF, 0x02, 0xF9, 0x7F, 0x00, 0x00, 0xFB, 0xFF, 0x00, 0x00, 0xF2, 0xEF, 0x00, 0xF5, 0xBF, 0x00,
    0x00, 0xFF, 0xFF, 0x04, 0x00, 0xF6, 0xAF, 0x00, 0xF1, 0xFF, 0x00, 0x40, 0xFF, 0xFF, 0x09, 0x00,
    0xFA, 0x6F, 0x00, 0xD0, 0xFF, 0x02, 0x80, 0xFF, 0xFB, 0x0D, 0x00, 0xFE, 0x2F, 0x00, 0x90, 0xFF,
    0x06, 0xC0, 0xCF, 0xF8, 0x1F, 0x10, 0xFF, 0x0E, 0x00, 0x50, 0xFF, 0x0A, 0xF0, 0x9F, 0xF4, 0x5F,
    0x50, 0xFF, 0x0A, 0x00, 0x10, 0xFF, 0x0E, 0xF4, 0x5F, 0xF1, 0x9F, 0x90, 0xFF, 0x06, 0x00, 0x00,
    0xFD, 0x1F, 0xF9, 0x1F, 0xC0, 0xDF, 0xC0, 0xFF, 0x02, 0x00, 0x00, 0xF9, 0x5F, 0xFC, 0x0D, 0x80,
    0xFF, 0xF1, 0xEF, 0x00, 0x00, 0x00, 0xF5, 0x8F, 0xFF, 0x09, 0x40, 0xFF, 0xF7, 0xAF, 0x00, 0x00,
    0x00, 0xF1, 0xDF, 0xFF, 0x05, 0x00, 0xFF, 0xFD, 0x6F, 0x00, 0x00, 0x00, 0xD0, 0xFF, 0xFF, 0x01,
    0x00, 0xFC, 0xFF, 0x2F, 0x00, 0x00, 0x00, 0x80, 0xFF, 0xDF, 0x00, 0x00, 0xF8, 0xFF, 0x0D, 0x00,
    0x00, 0x00, 0x40, 0xFF, 0x9F, 0x00, 0x00, 0xF4, 0xFF, 0x09, 0x00, 0x00, 0xF5, 0xFF, 0x02, 0x00,
    0x10, 0xFF, 0x5F, 0xB0, 0xFF, 0x0B, 0x00, 0xA0, 0xFF, 0x0B, 0x20, 0xFF, 0x5F, 0x00, 0xF3, 0xFF,
    0x01, 0x00, 0xF7, 0xEF, 0x00, 0xFD, 0x6F, 0x00, 0x00, 0xC0, 0xFF, 0x68, 0xFF, 0x0C, 0x00, 0x00,
    0x20, 0xFF, 0xEF, 0xFF, 0x02, 0x00, 0x00, 0x00, 0xF8, 0xFF, 0x8F, 0x00, 0x00, 0x00, 0x00, 0xF3,
    0xFF, 0x1F, 0x00, 0x00, 0x00, 0x00, 0xFC, 0xFF, 0xAF, 0x00, 0x00, 0x00, 0x70, 0xFF, 0xEC, 0xFF,
    0x05, 0x00, 0x00, 0xF2, 0xFF, 0x63, 0xFF, 0x1E, 0x00, 0x00, 0xFB, 0x9F, 0x00, 0xFC, 0xAF, 0x00,
    0x60, 0xFF, 0x0E, 0x00, 0xF2, 0xFF, 0x05, 0xF1, 0xFF, 0x05, 0x00, 0x80, 0xFF, 0x1E, 0xFA, 0xBF,
    0x00, 0x00, 0x00, 0xFE, 0xAF, 0xFB, 0xBF, 0x00, 0x00, 0x90, 0xFF, 0x0D, 0xF3, 0xFF, 0x03, 0x00,
    0xF1, 0xFF, 0x04, 0xA0, 0xFF, 0x0B, 0x00, 0xF9, 0xCF, 0x00, 0x20, 0xFF, 0x3F, 0x10, 0xFF, 0x3F,
    0x00, 0x00, 0xF9, 0xBF, 0x90, 0xFF, 0x0A, 0x00, 0x00, 0xF1, 0xFF, 0xF5, 0xFF, 0x02, 0x00, 0x00,
    0x80, 0xFF, 0xFF, 0x9F, 0x00, 0x00, 0x00, 0x00, 0xFE, 0xFF, 0x1F, 0x00, 0x00, 0x00, 0x00, 0xF7,
    0xFF, 0x07, 0x00, 0x00, 0x00, 0x00, 0xF0, 0xFF, 0x02, 0x00, 0x00, 0x00, 0x00, 0xF0, 0xFF, 0x02,
    0x00, 0x00, 0x00, 0x00, 0xF0, 0xFF, 0x02, 0x00, 0x00, 0x00, 0x00, 0xF0, 0xFF, 0x02, 0x00, 0x00,
    0x00, 0x00, 0xF0, 0xFF, 0x02, 0x00, 0x00, 0x00, 0x00, 0xF0, 0xFF, 0x02, 0x00, 0x00, 0xF4, 0xFF,
    0xFF, 0xFF, 0xFF, 0x7F, 0xF4, 0xFF, 0xFF, 0xFF, 0xFF, 0x7F, 0xA3, 0xAA, 0xAA, 0xCA, 0xFF, 0x2F,
    0x00, 0x00, 0x00, 0xD0, 0xFF, 0x07, 0x00, 0x00, 0x00, 0xF9, 0xCF, 0x00, 0x00, 0x00, 0x50, 0xFF,
    0x2F, 0x00, 0x00, 0x00, 0xE1, 0xFF, 0x05, 0x00, 0x00, 0x00, 0xFB, 0xAF, 0x00, 0x00, 0x00, 0x60,
    0xFF, 0x1E, 0x00, 0x00, 0x00, 0xF2, 0xFF, 0x04, 0x00, 0x00, 0x00, 0xFC, 0x9F, 0x00, 0x00, 0x00,
    0x70, 0xFF, 0x0D, 0x00, 0x00, 0x00, 0xF3, 0xFF, 0xAC, 0xAA, 0xAA, 0x6A, 0xF8, 0xFF, 0xFF, 0xFF,
    0xFF, 0xAF, 0xF8, 0xFF, 0xFF, 0xFF, 0xFF, 0xAF, 0xF8, 0xFF, 0x6F, 0xF8, 0xFF, 0x6F, 0xF8, 0x4F,
    0x12, 0xF8, 0x2F, 0x00, 0xF8, 0x2F, 0x00, 0xF8, 0x2F, 0x00, 0xF8, 0x2F, 0x00, 0xF8, 0x2F, 0x00,
    0xF8, 0x2F, 0x00, 0xF8, 0x2F, 0x00, 0xF8, 0x2F, 0x00, 0xF8, 0x2F, 0x00, 0xF8, 0x2F, 0x00, 0xF8,
    0x2F, 0x00, 0xF8, 0x2F, 0x00, 0xF8, 0x4F, 0x12, 0xF8, 0xFF, 0x6F, 0xF8, 0xFF, 0x6F, 0xFB, 0x2F,
    0x00, 0x00, 0x00, 0xF5, 0x8F, 0x00, 0x00, 0x00, 0xE0, 0xEF, 0x00, 0x00, 0x00, 0x90, 0xFF, 0x04,
    0x00, 0x00, 0x30, 0xFF, 0x0A, 0x00, 0x00, 0x00, 0xFD, 0x0F, 0x00, 0x00, 0x00, 0xF7, 0x6F, 0x00,
    0x00, 0x00, 0xF1, 0xCF, 0x00, 0x00, 0x00, 0xB0, 0xFF, 0x02, 0x00, 0x00, 0x50, 0xFF, 0x08, 0x00,
    0x00, 0x00, 0xFE, 0x0D, 0x00, 0x00, 0x00, 0xF9, 0x4F, 0x00, 0x00, 0x00, 0xF3, 0x9F, 0x00, 0x00,
    0x00, 0xD0, 0xFF, 0x00, 0x00, 0x00, 0x70, 0xFF, 0x05, 0xF7, 0xFF, 0x7F, 0xF7, 0xFF, 0x7F, 0x21,
    0xF5, 0x7F, 0x00, 0xF3, 0x7F, 0x00, 0xF3, 0x7F, 0x00, 0xF3, 0x7F, 0x00, 0xF3, 0x7F, 0x00, 0xF3,
    0x7F, 0x00, 0xF3, 0x7F, 0x00, 0xF3, 0x7F, 0x00, 0xF3, 0x7F, 0x00, 0xF3, 0x7F, 0x00, 0xF3, 0x7F,
    0x00, 0xF3, 0x7F, 0x00, 0xF3, 0x7F, 0x21, 0xF5, 0x7F, 0xF7, 0xFF, 0x7F, 0xF7, 0xFF, 0x7F, 0x00,
    0x00, 0xF4, 0x0B, 0x00, 0x00, 0x00, 0x00, 0xFB, 0x3F, 0x00, 0x00, 0x00, 0x20, 0xFF, 0xBF, 0x00,
    0x00, 0x00, 0x90, 0xCF, 0xFF, 0x03, 0x00, 0x00, 0xF1, 0x3F, 0xF9, 0x0B, 0x00, 0x00, 0xF7, 0x0C,
    0xF2, 0x4F, 0x00, 0x00, 0xFE, 0x06, 0xA0, 0xCF, 0x00, 0x60, 0xEF, 0x00, 0x20, 0xFF, 0x04, 0xD0,
    0x8F, 0x00, 0x00, 0xFA, 0x0C, 0xF4, 0x2F, 0x00, 0x00, 0xF2, 0x4F, 0xF0, 0xFF, 0xFF, 0xFF, 0xAF,
    0x70, 0x77, 0x77, 0x77, 0x47, 0xB0, 0xFF, 0x0B, 0x00, 0x00, 0xF7, 0x9F, 0x00, 0x00, 0x30, 0xFD,
    0x07, 0x00, 0x93, 0xFD, 0xEF, 0x3B, 0x00, 0x00, 0xFD, 0xFF, 0xFF, 0xFF, 0x04, 0x00, 0xE5, 0x69,
    0xC5, 0xFF, 0x0D, 0x00, 0x00, 0x00, 0x20, 0xFF, 0x1F, 0x00, 0x00, 0x00, 0x00, 0xFF, 0x1F, 0x00,
    0x93, 0xEC, 0xFF, 0xFF, 0x1F, 0x60, 0xFF, 0xFF, 0xDE, 0xFF, 0x1F, 0xF0, 0xFF, 0x09, 0x00, 0xFF,
    0x1F, 0xF1, 0xFF, 0x02, 0x30, 0xFF, 0x1F, 0xF0, 0xFF, 0x4A, 0xE6, 0xFF, 0x1F, 0x90, 0xFF, 0xFF,
    0xEF, 0xFB, 0x1F, 0x00, 0xE8, 0xEF, 0x1A, 0xF4, 0x1F, 0xF5, 0xCF, 0x00, 0x00, 0x00, 0x00, 0xF5,
    0xCF, 0x00, 0x00, 0x00, 0x00, 0xF5, 0xCF, 0x00, 0x00, 0x00, 0x00, 0xF5, 0xCF, 0x00, 0x00, 0x00,
    0x00, 0xF5, 0xBF, 0xB2, 0xFF, 0x2B, 0x00, 0xF5, 0xDF, 0xFF, 0xFF, 0xFF, 0x02, 0xF5, 0xFF, 0x9E,
    0xF9, 0xFF, 0x0B, 0xF5, 0xFF, 0x03, 0x50, 0xFF, 0x1F, 0xF5, 0xDF, 0x00, 0x00, 0xFF, 0x4F, 0xF5,
    0xCF, 0x00, 0x00, 0xFD, 0x5F, 0xF5, 0xCF, 0x00, 0x00, 0xFE, 0x5F, 0xF5, 0xEF, 0x00, 0x00, 0xFF,
    0x3F, 0xF5, 0xFF, 0x04, 0x60, 0xFF, 0x0F, 0xF5, 0xFF, 0x9F, 0xFA, 0xFF, 0x0A, 0xF5, 0xCF, 0xFF,
    0xFF, 0xEF, 0x02, 0xF5, 0x3F, 0xC3, 0xFF, 0x2B, 0x00, 0x00, 0x40, 0xEB, 0xFF, 0x7C, 0x00, 0x00,
    0xF8, 0xFF, 0xFF, 0xDF, 0x00, 0x40, 0xFF, 0xCF, 0xA8, 0x7E, 0x00, 0xB0, 0xFF, 0x0B, 0x00, 0x00,
    0x00, 0xE0, 0xFF, 0x04, 0x00, 0x00, 0x00, 0xF0, 0xFF, 0x02, 0x00, 0x00, 0x00, 0xF0, 0xFF, 0x02,
    0x00, 0x00, 0x00, 0xF0, 0xFF, 0x04, 0x00, 0x00, 0x00, 0xC0, 0xFF, 0x0B, 0x00, 0x30, 0x00, 0x60,
    0xFF, 0xCF, 0x98, 0xCD, 0x00, 0x00, 0xFB, 0xFF, 0xFF, 0xCF, 0x00, 0x00, 0x60, 0xFC, 0xEF, 0x4B,
    0x00, 0x00, 0x00, 0x00, 0x00, 0xF7, 0xAF, 0x00, 0x00, 0x00, 0x00, 0xF7, 0xAF, 0x00, 0x00, 0x00,
    0x00, 0xF7, 0xAF, 0x00, 0x00, 0x00, 0x00, 0xF7, 0xAF, 0x00, 0x90, 0xFE, 0x6D, 0xF6, 0xAF, 0x00,
    0xFC, 0xFF, 0xFF, 0xFC, 0xAF, 0x60, 0xFF, 0xBF, 0xC8, 0xFF, 0xAF, 0xC0, 0xFF, 0x0A, 0x00, 0xFC,
    0xAF, 0xF0, 0xFF, 0x04, 0x00, 0xF6, 0xAF, 0xF0, 0xFF, 0x02, 0x00, 0xF4, 0xAF, 0xF0, 0xFF, 0x02,
    0x00, 0xF4, 0xAF, 0xF0, 0xFF, 0x04, 0x00, 0xF6, 0xAF, 0xC0, 0xFF, 0x0A, 0x00, 0xFB, 0xAF, 0x60,
    0xFF, 0xBF, 0xB8, 0xFF, 0xAF, 0x00, 0xFC, 0xFF, 0xFF, 0xFA, 0xAF, 0x00, 0x90, 0xFE, 0x5D, 0xE0,
    0xAF, 0x00, 0x40, 0xEB, 0xEF, 0x2A, 0x00, 0x00, 0xF7, 0xFF, 0xFF, 0xFF, 0x03, 0x30, 0xFF, 0x7F,
    0x83, 0xFF, 0x0D, 0xA0, 0xFF, 0x08, 0x00, 0xFB, 0x4F, 0xE0, 0xFF, 0x14, 0x11, 0xF8, 0x6F, 0xF0,
    0xFF, 0xFF, 0xFF, 0xFF, 0x7F, 0xF0, 0xFF, 0xFF, 0xFF, 0xFF, 0x8F, 0xF0, 0xFF, 0x02, 0x00, 0x00,
    0x00, 0xB0, 0xFF, 0x09, 0x00, 0x00, 0x01, 0x30, 0xFF, 0xAF, 0x55, 0xB7, 0x0D, 0x00, 0xF6, 0xFF,
    0xFF, 0xFF, 0x0D, 0x00, 0x30, 0xEA, 0xFF, 0xBE, 0x05, 0x00, 0x60, 0xFD, 0xEF, 0x0A, 0x00, 0xF6,
    0xFF, 0xFF, 0x0B, 0x00, 0xFC, 0xDF, 0x97, 0x04, 0x00, 0xFD, 0x4F, 0x00, 0x00, 0xA2, 0xFF, 0xFF,
    0xFF, 0x00, 0xF9, 0xFF, 0xFF, 0xFF, 0x00, 0x53, 0xFE, 0x8F, 0x55, 0x00, 0x00, 0xFD, 0x4F, 0x00,
    0x00, 0x00, 0xFD, 0x4F, 0x00, 0x00, 0x00, 0xFD, 0x4F, 0x00, 0x00, 0x00, 0xFD, 0x4F, 0x00, 0x00,
    0x00, 0xFD, 0x4F, 0x00, 0x00, 0x00, 0xFD, 0x4F, 0x00, 0x00, 0x00, 0xFD, 0x4F, 0x00, 0x00, 0x00,
    0xFD, 0x4F, 0x00, 0x00, 0x00, 0xFD, 0x4F, 0x00, 0x00, 0x00, 0xA3, 0xFE, 0xDF, 0xCC, 0x8C, 0x40,
    0xFF, 0xEF, 0xFF, 0xFF, 0x8F, 0xD0, 0xFF, 0x05, 0xF2, 0xFF, 0x02, 0xF0, 0xFF, 0x00, 0xB0, 0xFF,
    0x04, 0xF0, 0xFF, 0x00, 0xB0, 0xFF, 0x04, 0xC0, 0xFF, 0x06, 0xF2, 0xFF, 0x01, 0x30, 0xFF, 0xEF,
    0xFF, 0x7F, 0x00, 0x00, 0xF9, 0xFF, 0xBE, 0x04, 0x00, 0x70, 0xFF, 0x02, 0x00, 0x00, 0x00, 0x70,
    0xFF, 0xFF, 0xFF, 0xAE, 0x02, 0x10, 0xFD, 0xFF, 0xFF, 0xFF, 0x1E, 0xE3, 0xDF, 0x88, 0x98, 0xFF,
    0x5F, 0xFC, 0x1E, 0x00, 0x00, 0xF5, 0x7F, 0xFE, 0x0D, 0x00, 0x00, 0xF6, 0x5F, 0xFC, 0x7F, 0x01,
    0x72, 0xFF, 0x0E, 0xF4, 0xFF, 0xFF, 0xFF, 0xEF, 0x03, 0x30, 0xEA, 0xFF, 0xCE, 0x17, 0x00, 0xF5,
    0xCF, 0x00, 0x00, 0x00, 0x00, 0xF5, 0xCF, 0x00, 0x00, 0x00, 0x00, 0xF5, 0xCF, 0x00, 0x00, 0x00,
    0x00, 0xF5, 0xCF, 0x00, 0x00, 0x00, 0x00, 0xF5, 0xBF, 0xB2, 0xFF, 0x6D, 0x00, 0xF5, 0xCF, 0xFF,
    0xFF, 0xFF, 0x07, 0xF5, 0xFF, 0x9F, 0xE8, 0xFF, 0x0F, 0xF5, 0xFF, 0x05, 0x30, 0xFF, 0x2F, 0xF5,
    0xFF, 0x00, 0x00, 0xFF, 0x3F, 0xF5, 0xCF, 0x00, 0x00, 0xFE, 0x3F, 0xF5, 0xCF, 0x00, 0x00, 0xFE,
    0x3F, 0xF5, 0xCF, 0x00, 0x00, 0xFE, 0x3F, 0xF5, 0xCF, 0x00, 0x00, 0xFE, 0x3F, 0xF5, 0xCF, 0x00,
    0x00, 0xFE, 0x3F, 0xF5, 0xCF, 0x00, 0x00, 0xFE, 0x3F, 0xF5, 0xCF, 0x00, 0x00, 0xFE, 0x3F, 0x00,
    0x00, 0xE3, 0x8F, 0xF7, 0xEF, 0xE2, 0x7F, 0x00, 0x00, 0xF5, 0xCF, 0xF5, 0xCF, 0xF5, 0xCF, 0xF5,
    0xCF, 0xF5, 0xCF, 0xF5, 0xCF, 0xF5, 0xCF, 0xF5, 0xCF, 0xF5, 0xCF, 0xF5, 0xCF, 0xF5, 0xCF, 0xF5,
    0xCF, 0x00, 0x00, 0x00, 0x00, 0x00, 0x30, 0xFE, 0x08, 0x00, 0x70, 0xFF, 0x0E, 0x00, 0x20, 0xFE,
    0x07, 0x00, 0x00, 0x00, 0x00, 0x00, 0x50, 0xFF, 0x0C, 0x00, 0x50, 0xFF, 0x0C, 0x00, 0x50, 0xFF,
    0x0C, 0x00, 0x50, 0xFF, 0x0C, 0x00, 0x50, 0xFF, 0x0C, 0x00, 0x50, 0xFF, 0x0C, 0x00, 0x50, 0xFF,
    0x0C, 0x00, 0x50, 0xFF, 0x0C, 0x00, 0x50, 0xFF, 0x0C, 0x00, 0x50, 0xFF, 0x0C, 0x00, 0x50, 0xFF,
    0x0C, 0x00, 0x50, 0xFF, 0x0C, 0x00, 0x50, 0xFF, 0x0C, 0x00, 0x70, 0xFF, 0x0B, 0x93, 0xF9, 0xFF,
    0x08, 0xF5, 0xFF, 0xFF, 0x02, 0xE4, 0xFF, 0x3B, 0x00, 0xF5, 0xCF, 0x00, 0x00, 0x00, 0x00, 0x00,
    0xF5, 0xCF, 0x00, 0x00, 0x00, 0x00, 0x00, 0xF5, 0xCF, 0x00, 0x00, 0x00, 0x00, 0x00, 0xF5, 0xCF,
    0x00, 0x00, 0x00, 0x00, 0x00, 0xF5, 0xCF, 0x00, 0x30, 0xFF, 0x5F, 0x00, 0xF5, 0xCF, 0x00, 0xE2,
    0xFF, 0x06, 0x00, 0xF5, 0xCF, 0x10, 0xFE, 0x8F, 0x00, 0x00, 0xF5, 0xBF, 0xC0, 0xFF, 0x0A, 0x00,
    0x00, 0xF5, 0xBF, 0xFA, 0xCF, 0x00, 0x00, 0x00, 0xF5, 0xEF, 0xFF, 0x6F, 0x00, 0x00, 0x00, 0xF5,
    0xFF, 0xFF, 0xFF, 0x02, 0x00, 0x00, 0xF5, 0xFF, 0xAA, 0xFF, 0x0C, 0x00, 0x00, 0xF5, 0xCF, 0x10,
    0xFE, 0x8F, 0x00, 0x00, 0xF5, 0xCF, 0x00, 0xF4, 0xFF, 0x04, 0x00, 0xF5, 0xCF, 0x00, 0x90, 0xFF,
    0x1E, 0x00, 0xF5, 0xCF, 0x00, 0x00, 0xFE, 0xAF, 0x00, 0xF5, 0xCF, 0xF5, 0xCF, 0xF5, 0xCF, 0xF5,
    0xCF, 0xF5, 0xCF, 0xF5, 0xCF, 0xF5, 0xCF, 0xF5, 0xCF, 0xF5, 0xCF, 0xF5, 0xCF, 0xF5, 0xCF, 0xF5,
    0xCF, 0xF5, 0xCF, 0xF5, 0xCF, 0xF5, 0xCF, 0xF5, 0xCF, 0xF5, 0x2F, 0xC4, 0xFF, 0x5C, 0x30, 0xFB,
    0xDF, 0x06, 0x00, 0xF5, 0xAF, 0xFF, 0xFF, 0xFF, 0xF8, 0xFF, 0xFF, 0x6F, 0x00, 0xF5, 0xFF, 0x9F,
    0xF9, 0xFF, 0xFF, 0x89, 0xFE, 0xDF, 0x00, 0xF5, 0xFF, 0x04, 0x70, 0xFF, 0x6F, 0x00, 0xF5, 0xFF,
    0x00, 0xF5, 0xEF, 0x00, 0x40, 0xFF, 0x1F, 0x00, 0xF1, 0xFF, 0x00, 0xF5, 0xCF, 0x00, 0x30, 0xFF,
    0x0E, 0x00, 0xF1, 0xFF, 0x00, 0xF5, 0xCF, 0x00, 0x30, 0xFF, 0x0E, 0x00, 0xF1, 0xFF, 0x00, 0xF5,
    0xCF, 0x00, 0x30, 0xFF, 0x0E, 0x00, 0xF1, 0xFF, 0x00, 0xF5, 0xCF, 0x00, 0x30, 0xFF, 0x0E, 0x00,
    0xF1, 0xFF, 0x00, 0xF5, 0xCF, 0x00, 0x30, 0xFF, 0x0E, 0x00, 0xF1, 0xFF, 0x00, 0xF5, 0xCF, 0x00,
    0x30, 0xFF, 0x0E, 0x00, 0xF1, 0xFF, 0x00, 0xF5, 0xCF, 0x00, 0x30, 0xFF, 0x0E, 0x00, 0xF1, 0xFF,
    0x00, 0xF5, 0x2F, 0xB3, 0xFF, 0x6D, 0x00, 0xF5, 0xAF, 0xFF, 0xFF, 0xFF, 0x07, 0xF5, 0xFF, 0x9F,
    0xE8, 0xFF, 0x0F, 0xF5, 0xFF, 0x05, 0x30, 0xFF, 0x2F, 0xF5, 0xFF, 0x00, 0x00, 0xFF, 0x3F, 0xF5,
    0xCF, 0x00, 0x00, 0xFE, 0x3F, 0xF5, 0xCF, 0x00, 0x00, 0xFE, 0x3F, 0xF5, 0xCF, 0x00, 0x00, 0xFE,
    0x3F, 0xF5, 0xCF, 0x00, 0x00, 0xFE, 0x3F, 0xF5, 0xCF, 0x00, 0x00, 0xFE, 0x3F, 0xF5, 0xCF, 0x00,
    0x00, 0xFE, 0x3F, 0xF5, 0xCF, 0x00, 0x00, 0xFE, 0x3F, 0x00, 0x40, 0xEB, 0xEF, 0x3A, 0x00, 0x00,
    0x00, 0xF7, 0xFF, 0xFF, 0xFF, 0x06, 0x00, 0x30, 0xFF, 0xBF, 0xB8, 0xFF, 0x3F, 0x00, 0xA0, 0xFF,
    0x0A, 0x00, 0xFA, 0xAF, 0x00, 0xE0, 0xFF, 0x04, 0x00, 0xF4, 0xEF, 0x00, 0xF0, 0xFF, 0x02, 0x00,
    0xF2, 0xFF, 0x00, 0xF0, 0xFF, 0x02, 0x00, 0xF2, 0xFF, 0x00, 0xE0, 0xFF, 0x04, 0x00, 0xF4, 0xEF,
    0x00, 0xA0, 0xFF, 0x0A, 0x00, 0xFA, 0xAF, 0x00, 0x30, 0xFF, 0xBF, 0xB8, 0xFF, 0x3F, 0x00, 0x00,
    0xF6, 0xFF, 0xFF, 0xFF, 0x07, 0x00, 0x00, 0x30, 0xEA, 0xEF, 0x4B, 0x00, 0x00, 0xF5, 0x5F, 0xB2,
    0xFF, 0x2B, 0x00, 0xF5, 0xBF, 0xFE, 0xFF, 0xFF, 0x02, 0xF5, 0xFF, 0x9E, 0xF9, 0xFF, 0x0B, 0xF5,
    0xFF, 0x03, 0x50, 0xFF, 0x1F, 0xF5, 0xDF, 0x00, 0x00, 0xFF, 0x4F, 0xF5, 0xCF, 0x00, 0x00, 0xFD,
    0x5F, 0xF5, 0xCF, 0x00, 0x00, 0xFD, 0x5F, 0xF5, 0xEF, 0x00, 0x00, 0xFF, 0x3F, 0xF5, 0xFF, 0x04,
    0x50, 0xFF, 0x0F, 0xF5, 0xFF, 0x9F, 0xF9, 0xFF, 0x0A, 0xF5, 0xDF, 0xFF, 0xFF, 0xEF, 0x02, 0xF5,
    0xBF, 0xC3, 0xFF, 0x2B, 0x00, 0xF5, 0xCF, 0x00, 0x00, 0x00, 0x00, 0xF5, 0xCF, 0x00, 0x00, 0x00,
    0x00, 0xF5, 0xCF, 0x00, 0x00, 0x00, 0x00, 0xF5, 0xCF, 0x00, 0x00, 0x00, 0x00, 0xF5, 0xCF, 0x00,
    0x00, 0x00, 0x00, 0x00, 0x90, 0xFE, 0x6D, 0xF1, 0xAF, 0x00, 0xFC, 0xFF, 0xFF, 0xFB, 0xAF, 0x60,
    0xFF, 0xBF, 0xC8, 0xFF, 0xAF, 0xC0, 0xFF, 0x0A, 0x00, 0xFC, 0xAF, 0xF0, 0xFF, 0x04, 0x00, 0xF6,
    0xAF, 0xF0, 0xFF, 0x02, 0x00, 0xF4, 0xAF, 0xF0, 0xFF, 0x02, 0x00, 0xF4, 0xAF, 0xF0, 0xFF, 0x04,
    0x00, 0xF5, 0xAF, 0xC0, 0xFF, 0x09, 0x00, 0xFA, 0xAF, 0x70, 0xFF, 0xAF, 0xB7, 0xFF, 0xAF, 0x00,
    0xFC, 0xFF, 0xFF, 0xFC, 0xAF, 0x00, 0x91, 0xFE, 0x5D, 0xF7, 0xAF, 0x00, 0x00, 0x00, 0x00, 0xF7,
    0xAF, 0x00, 0x00, 0x00, 0x00, 0xF7, 0xAF, 0x00, 0x00, 0x00, 0x00, 0xF7, 0xAF, 0x00, 0x00, 0x00,
    0x00, 0xF7, 0xAF, 0x00, 0x00, 0x00, 0x00, 0xF7, 0xAF, 0xF5, 0x1F, 0x91, 0xFF, 0x00, 0xF5, 0x6F,
    0xFD, 0xFF, 0x00, 0xF5, 0xFF, 0xFF, 0xDF, 0x00, 0xF5, 0xFF, 0x2C, 0x00, 0x00, 0xF5, 0xFF, 0x01,
    0x00, 0x00, 0xF5, 0xCF, 0x00, 0x00, 0x00, 0xF5, 0xCF, 0x00, 0x00, 0x00, 0xF5, 0xCF, 0x00, 0x00,
    0x00, 0xF5, 0xCF, 0x00, 0x00, 0x00, 0xF5, 0xCF, 0x00, 0x00, 0x00, 0xF5, 0xCF, 0x00, 0x00, 0x00,
    0xF5, 0xCF, 0x00, 0x00, 0x00, 0x00, 0xB5, 0xFE, 0xCE, 0x17, 0x80, 0xFF, 0xFF, 0xFF, 0x4F, 0xF0,
    0xFF, 0x58, 0xB7, 0x0D, 0xF0, 0xFF, 0x04, 0x00, 0x00, 0xD0, 0xFF, 0xAF, 0x03, 0x00, 0x40, 0xFF,
    0xFF, 0xCF, 0x02, 0x00, 0x91, 0xFF, 0xFF, 0x2F, 0x00, 0x00, 0x81, 0xFF, 0x8F, 0x10, 0x00, 0x00,
    0xF8, 0xAF, 0xF0, 0x6B, 0x54, 0xFD, 0x7F, 0xF0, 0xFF, 0xFF, 0xFF, 0x1D, 0x80, 0xFC, 0xFF, 0x8D,
    0x01, 0x00, 0xF2, 0x1F, 0x00, 0x00, 0x00, 0xF9, 0x1F, 0x00, 0x00, 0x91, 0xFF, 0xFF, 0xFF, 0x05,
    0xF8, 0xFF, 0xFF, 0xFF, 0x05, 0x52, 0xFF, 0x6F, 0x55, 0x01, 0x00, 0xFF, 0x1F, 0x00, 0x00, 0x00,
    0xFF, 0x1F, 0x00, 0x00, 0x00, 0xFF, 0x1F, 0x00, 0x00, 0x00, 0xFF, 0x1F, 0x00, 0x00, 0x00, 0xFF,
    0x1F, 0x00, 0x00, 0x00, 0xFF, 0x2F, 0x00, 0x00, 0x00, 0xFD, 0xDF, 0x97, 0x05, 0x00, 0xF8, 0xFF,
    0xFF, 0x07, 0x00, 0x80, 0xFE, 0xCF, 0x03, 0xF6, 0xBF, 0x00, 0x00, 0xFF, 0x2F, 0xF6, 0xBF, 0x00,
    0x00, 0xFF, 0x2F, 0xF6, 0xBF, 0x00, 0x00, 0xFF, 0x2F, 0xF6, 0xBF, 0x00, 0x00, 0xFF, 0x2F, 0xF6,
    0xBF, 0x00, 0x00, 0xFF, 0x2F, 0xF6, 0xBF, 0x00, 0x00, 0xFF, 0x2F, 0xF6, 0xBF, 0x00, 0x00, 0xFF,
    0x2F, 0xF6, 0xBF, 0x00, 0x20, 0xFF, 0x2F, 0xF5, 0xEF, 0x00, 0x80, 0xFF, 0x2F, 0xF2, 0xFF, 0x8C,
    0xFA, 0xFF, 0x2F, 0xA0, 0xFF, 0xFF, 0xEF, 0xFB, 0x2F, 0x00, 0xE8, 0xEF, 0x2A, 0xF5, 0x2F, 0xFD,
    0x6F, 0x00, 0x00, 0xF7, 0xCF, 0xF7, 0xCF, 0x00, 0x00, 0xFD, 0x6F, 0xF1, 0xFF, 0x01, 0x20, 0xFF,
    0x1F, 0xB0, 0xFF, 0x06, 0x70, 0xFF, 0x0A, 0x50, 0xFF, 0x0B, 0xC0, 0xFF, 0x05, 0x00, 0xFF, 0x1F,
    0xF1, 0xEF, 0x00, 0x00, 0xFA, 0x5F, 0xF6, 0x9F, 0x00, 0x00, 0xF4, 0xAF, 0xFB, 0x3F, 0x00, 0x00,
    0xE0, 0xDF, 0xFE, 0x0D, 0x00, 0x00, 0x80, 0xFF, 0xFF, 0x07, 0x00, 0x00, 0x20, 0xFF, 0xFF, 0x02,
    0x00, 0x00, 0x00, 0xFC, 0xCF, 0x00, 0x00, 0xFA, 0x7F, 0x00, 0xD0, 0xFF, 0x0D, 0x00, 0xF6, 0xAF,
    0xF6, 0xBF, 0x00, 0xF1, 0xFF, 0x1F, 0x00, 0xFB, 0x5F, 0xF1, 0xFF, 0x00, 0xF5, 0xFE, 0x5F, 0x00,
    0xFE, 0x1F, 0xD0, 0xFF, 0x03, 0xF9, 0xCB, 0x8F, 0x30, 0xFF, 0x0C, 0x90, 0xFF, 0x07, 0xFD, 0x87,
    0xCF, 0x70, 0xFF, 0x08, 0x40, 0xFF, 0x1A, 0xFF, 0x54, 0xFF, 0xB0, 0xFF, 0x04, 0x00, 0xFF, 0x4E,
    0xFF, 0x10, 0xFF, 0xE3, 0xFF, 0x00, 0x00, 0xFC, 0x7F, 0xDF, 0x00, 0xFE, 0xF7, 0xBF, 0x00, 0x00,
    0xF7, 0xBF, 0x9F, 0x00, 0xFA, 0xFC, 0x6F, 0x00, 0x00, 0xF3, 0xFF, 0x6F, 0x00, 0xF7, 0xFF, 0x2F,
    0x00, 0x00, 0xE0, 0xFF, 0x2F, 0x00, 0xF4, 0xFF, 0x0E, 0x00, 0x00, 0xA0, 0xFF, 0x0E, 0x00, 0xF0,
    0xFF, 0x09, 0x00, 0xF6, 0xFF, 0x02, 0x10, 0xFE, 0x8F, 0x00, 0xC0, 0xFF, 0x0B, 0x90, 0xFF, 0x0D,
    0x00, 0x20, 0xFF, 0x4F, 0xF2, 0xFF, 0x04, 0x00, 0x00, 0xF8, 0xDF, 0xFB, 0xAF, 0x00, 0x00, 0x00,
    0xD0, 0xFF, 0xFF, 0x1E, 0x00, 0x00, 0x00, 0x40, 0xFF, 0xFF, 0x06, 0x00, 0x00, 0x00, 0x60, 0xFF,
    0xFF, 0x08, 0x00, 0x00, 0x00, 0xF1, 0xFF, 0xFF, 0x2F, 0x00, 0x00, 0x00, 0xFA, 0xBF, 0xF9, 0xCF,
    0x00, 0x00, 0x50, 0xFF, 0x2F, 0xE1, 0xFF, 0x06, 0x00, 0xE0, 0xFF, 0x08, 0x60, 0xFF, 0x1F, 0x00,
    0xF9, 0xEF, 0x00, 0x00, 0xFC, 0xBF, 0x00, 0xFC, 0x9F, 0x00, 0x00, 0xF9, 0xCF, 0xF6, 0xEF, 0x00,
    0x00, 0xFE, 0x6F, 0xF1, 0xFF, 0x03, 0x30, 0xFF, 0x1F, 0xA0, 0xFF, 0x09, 0x80, 0xFF, 0x0A, 0x40,
    0xFF, 0x0E, 0xD0, 0xFF, 0x05, 0x00, 0xFD, 0x3F, 0xF2, 0xEF, 0x00, 0x00, 0xF7, 0x8F, 0xF7, 0x9F,
    0x00, 0x00, 0xF1, 0xCF, 0xFC, 0x3F, 0x00, 0x00, 0xB0, 0xFF, 0xFF, 0x0D, 0x00, 0x00, 0x50, 0xFF,
    0xFF, 0x07, 0x00, 0x00, 0x00, 0xFE, 0xFF, 0x02, 0x00, 0x00, 0x00, 0xF9, 0xCF, 0x00, 0x00, 0x00,
    0x00, 0xFB, 0x6F, 0x00, 0x00, 0x00, 0x40, 0xFF, 0x0F, 0x00, 0x00, 0x82, 0xF9, 0xFF, 0x08, 0x00,
    0x00, 0xF4, 0xFF, 0xCF, 0x00, 0x00, 0x00, 0xF3, 0xDF, 0x07, 0x00, 0x00, 0x00, 0xF2, 0xFF, 0xFF,
    0xFF, 0x7F, 0xF2, 0xFF, 0xFF, 0xFF, 0x7F, 0x60, 0x66, 0x96, 0xFF, 0x2F, 0x00, 0x00, 0xD0, 0xFF,
    0x06, 0x00, 0x00, 0xF9, 0xCF, 0x00, 0x00, 0x40, 0xFF, 0x2F, 0x00, 0x00, 0xE0, 0xFF, 0x06, 0x00,
    0x00, 0xF9, 0xBF, 0x00, 0x00, 0x40, 0xFF, 0x1E, 0x00, 0x00, 0xE1, 0xFF, 0x6A, 0x66, 0x36, 0xF6,
    0xFF, 0xFF, 0xFF, 0xAF, 0xF7, 0xFF, 0xFF, 0xFF, 0xAF, 0x00, 0x20, 0xEA, 0x7F, 0x00, 0xD0, 0xFF,
    0x7F, 0x00, 0xF0, 0xFF, 0x27, 0x00, 0xF1, 0xAF, 0x00, 0x00, 0xF1, 0xAF, 0x00, 0x00, 0xF1, 0xAF,
    0x00, 0x00, 0xF3, 0xAF, 0x00, 0x95, 0xFE, 0x6F, 0x00, 0xFB, 0xCF, 0x05, 0x00, 0xFB, 0xFF, 0x1C,
    0x00, 0x20, 0xFA, 0x8F, 0x00, 0x00, 0xF1, 0xAF, 0x00, 0x00, 0xF1, 0xAF, 0x00, 0x00, 0xF1, 0xAF,
    0x00, 0x00, 0xF1, 0xBF, 0x00, 0x00, 0xF0, 0xFF, 0x27, 0x00, 0xC0, 0xFF, 0x7F, 0x00, 0x10, 0xDA,
    0x7F, 0xF5, 0x0E, 0xF5, 0x0E, 0xF5, 0x0E, 0xF5, 0x0E, 0xF5, 0x0E, 0xF5, 0x0E, 0xF5, 0x0E, 0xF5,
    0x0E, 0xF5, 0x0E, 0xF5, 0x0E, 0xF5, 0x0E, 0xF5, 0x0E, 0xF5, 0x0E, 0xF5, 0x0E, 0xF5, 0x0E, 0xF5,
    0x0E, 0xF5, 0x0E, 0xF5, 0x0E, 0xF5, 0x0E, 0xF5, 0x0E, 0xF5, 0x0E, 0xF2, 0xBE, 0x04, 0x00, 0xF2,
    0xFF, 0x1F, 0x00, 0x60, 0xFD, 0x5F, 0x00, 0x00, 0xF6, 0x5F, 0x00, 0x00, 0xF6, 0x5F, 0x00, 0x00,
    0xF6, 0x5F, 0x00, 0x00, 0xF5, 0x7F, 0x00, 0x00, 0xF2, 0xFF, 0x7A, 0x00, 0x20, 0xFA, 0xFF, 0x00,
    0x90, 0xFF, 0xFF, 0x00, 0xF4, 0xDF, 0x03, 0x00, 0xF6, 0x6F, 0x00, 0x00, 0xF6, 0x5F, 0x00, 0x00,
    0xF6, 0x5F, 0x00, 0x00, 0xF6, 0x5F, 0x00, 0x60, 0xFD, 0x4F, 0x00, 0xF2, 0xFF, 0x1F, 0x00, 0xF2,
    0xBE, 0x04, 0x00, 0xA0, 0xFE, 0xCF, 0x59, 0x54, 0x1B, 0xF1, 0xFF, 0xFF, 0xFF, 0xFF, 0x1F, 0xB1,
    0x45, 0x95, 0xFC, 0xEF, 0x0A, 0xE5, 0x5E, 0xFC, 0xBF, 0xFA, 0xAF, 0x60, 0x06, 0x00, 0x00, 0x00,
    0x00, 0xF4, 0x3F, 0xF5, 0x4F, 0xF6, 0x5F, 0xF7, 0x6F, 0xF8, 0x7F, 0xF9, 0x8F, 0xF9, 0x9F, 0xFA,
    0x9F, 0xFB, 0xAF, 0xFC, 0xBF, 0x00, 0x00, 0xF3, 0x09, 0x00, 0x00, 0x00, 0xF3, 0x09, 0x00, 0x00,
    0x91, 0xFD, 0xEF, 0x3A, 0x20, 0xFE, 0xFF, 0xFF, 0x6F, 0xD0, 0xFF, 0x9F, 0xB8, 0x0E, 0xF3, 0xFF,
    0x03, 0x00, 0x00, 0xF6, 0xDF, 0x00, 0x00, 0x00, 0xF8, 0xBF, 0x00, 0x00, 0x00, 0xF8, 0xBF, 0x00,
    0x00, 0x00, 0xF6, 0xDF, 0x00, 0x00, 0x00, 0xF3, 0xFF, 0x04, 0x00, 0x10, 0xD0, 0xFF, 0xAF, 0xB9,
    0x5F, 0x30, 0xFE, 0xFF, 0xFF, 0x5F, 0x00, 0x91, 0xFD, 0xEF, 0x19, 0x00, 0x00, 0xF3, 0x09, 0x00,
    0x00, 0x00, 0xF3, 0x09, 0x00, 0x00, 0x00, 0xC6, 0xFF, 0xBE, 0x06, 0x00, 0x90, 0xFF, 0xFF, 0xFF,
    0x0E, 0x00, 0xF1, 0xFF, 0x9C, 0xEA, 0x08, 0x00, 0xF4, 0xDF, 0x00, 0x00, 0x00, 0x00, 0xF5, 0xCF,
    0x00, 0x00, 0x00, 0x40, 0xF7, 0xDF, 0x44, 0x24, 0x00, 0xF2, 0xFF, 0xFF, 0xFF, 0xAF, 0x00, 0xF2,
    0xFF, 0xFF, 0xFF, 0xAF, 0x00, 0x00, 0xF5, 0xCF, 0x00, 0x00, 0x00, 0x00, 0xF5, 0xCF, 0x00, 0x00,
    0x00, 0x00, 0xF6, 0xAF, 0x00, 0x00, 0x00, 0x00, 0xFD, 0x3F, 0x00, 0x00, 0x00, 0xE1, 0xFF, 0xAD,
    0xAA, 0xAA, 0x6A, 0xF2, 0xFF, 0xFF, 0xFF, 0xFF, 0x9F, 0xF2, 0xFF, 0xFF, 0xFF, 0xFF, 0x9F, 0xB0,
    0x02, 0x00, 0x20, 0x0B, 0xF9, 0xBD, 0xFF, 0xDA, 0x9F, 0xE1, 0xFF, 0xFF, 0xFF, 0x1E, 0xB0, 0xCF,
    0x33, 0xFC, 0x0B, 0xF0, 0x2F, 0x00, 0xF2, 0x0F, 0xF0, 0x2F, 0x00, 0xF2, 0x0F, 0xB0, 0xCF, 0x33,
    0xFC, 0x0B, 0xE1, 0xFF, 0xFF, 0xFF, 0x1D, 0xF9, 0xBD, 0xFF, 0xEA, 0x9F, 0xB0, 0x02, 0x00, 0x20,
    0x0B, 0x00, 0x00, 0x00, 0x00, 0x00, 0xFA, 0x8F, 0x00, 0x00, 0xF8, 0xAF, 0xF2, 0xFF, 0x01, 0x10,
    0xFF, 0x1F, 0x90, 0xFF, 0x07, 0x70, 0xFF, 0x08, 0x10, 0xFF, 0x0E, 0xE0, 0xEF, 0x01, 0x00, 0xF8,
    0x6F, 0xF7, 0x7F, 0x00, 0x00, 0xE0, 0xEF, 0xFE, 0x0D, 0x00, 0x00, 0x70, 0xFF, 0xFF, 0x05, 0x00,
    0x00, 0xDD, 0xFF, 0xFF, 0xDD, 0x00, 0x00, 0xFF, 0xFF, 0xFF, 0xFF, 0x00, 0x00, 0x00, 0xF7, 0x7F,
    0x00, 0x00, 0x00, 0xFF, 0xFF, 0xFF, 0xFF, 0x00, 0x00, 0xDD, 0xFE, 0xEF, 0xDD, 0x00, 0x00, 0x00,
    0xF7, 0x7F, 0x00, 0x00, 0x00, 0x00, 0xF7, 0x7F, 0x00, 0x00, 0x00, 0x00, 0xF7, 0x7F, 0x00, 0x00,
    0xF5, 0x0E, 0xF5, 0x0E, 0xF5, 0x0E, 0xF5, 0x0E, 0xF5, 0x0E, 0xF5, 0x0E, 0xF5, 0x0E, 0xF5, 0x0E,
    0x51, 0x05, 0x00, 0x00, 0x00, 0x00, 0x00, 0x00, 0x51, 0x05, 0xF5, 0x0E, 0xF5, 0x0E, 0xF5, 0x0E,
    0xF5, 0x0E, 0xF5, 0x0E, 0xF5, 0x0E, 0xF5, 0x0E, 0xF5, 0x0E, 0x40, 0xEB, 0xEF, 0x6B, 0x00, 0xF5,
    0xFF, 0xFF, 0xDF, 0x00, 0xFB, 0x1D, 0x10, 0x57, 0x00, 0xFA, 0x2E, 0x00, 0x00, 0x00, 0xF3, 0xFF,
    0x3A, 0x00, 0x00, 0xB0, 0xFF, 0xFF, 0x1A, 0x00, 0xF7, 0x3D, 0xF8, 0xBF, 0x00, 0xFB, 0x09, 0x50,
    0xFF, 0x01, 0xFA, 0x2E, 0x30, 0xFF, 0x02, 0xF3, 0xFF, 0xC9, 0xCF, 0x00, 0x20, 0xFB, 0xFF, 0x3F,
    0x00, 0x00, 0x20, 0xFA, 0xDF, 0x00, 0x00, 0x00, 0x70, 0xFF, 0x02, 0x5A, 0x01, 0x90, 0xFF, 0x01,
    0xFE, 0xFF, 0xFF, 0x9F, 0x00, 0xB5, 0xFE, 0xCF, 0x06, 0x00, 0x80, 0x3B, 0x60, 0x5B, 0xF1, 0xBF,
    0xF0, 0xDF, 0xC0, 0x6F, 0xA0, 0x8F, 0x00, 0x00, 0xA5, 0xFE, 0xCF, 0x18, 0x00, 0x00, 0x00, 0xC2,
    0xBF, 0x56, 0x95, 0xFE, 0x07, 0x00, 0x20, 0xCE, 0x02, 0x00, 0x00, 0x90, 0x8F, 0x00, 0xC0, 0x0D,
    0x30, 0xFB, 0xCF, 0x05, 0xF8, 0x04, 0xF5, 0x03, 0xF4, 0x9F, 0xC8, 0x05, 0xC0, 0x0D, 0xCB, 0x00,
    0xFD, 0x02, 0x00, 0x00, 0x50, 0x2F, 0x8E, 0x20, 0xAF, 0x00, 0x00, 0x00, 0x10, 0x6F, 0x7F, 0x30,
    0x9F, 0x00, 0x00, 0x00, 0x00, 0x7F, 0x8E, 0x20, 0xAF, 0x00, 0x00, 0x00, 0x10, 0x6F, 0xCB, 0x00,
    0xEE, 0x01, 0x00, 0x00, 0x50, 0x3F, 0xF6, 0x03, 0xF5, 0x8E, 0xB8, 0x05, 0xC0, 0x0D, 0xD0, 0x0C,
    0x50, 0xFC, 0xCF, 0x03, 0xF7, 0x05, 0x30, 0xCF, 0x02, 0x00, 0x00, 0x80, 0x9F, 0x00, 0x00, 0xD2,
    0xBF, 0x57, 0x96, 0xFE, 0x08, 0x00, 0x00, 0x00, 0xB5, 0xFE, 0xDF, 0x28, 0x00, 0x00, 0x60, 0xFC,
    0xCF, 0x03, 0xC0, 0xAD, 0xFB, 0x0E, 0x10, 0x42, 0xF5, 0x2F, 0xC1, 0xEF, 0xFC, 0x2F, 0xF7, 0x0B,
    0xF0, 0x2F, 0xF6, 0x9E, 0xFD, 0x2F, 0xA0, 0xEF, 0x69, 0x2F, 0x00, 0x00, 0x8B, 0x01, 0x80, 0x1A,
    0x00, 0x00, 0x80, 0xFF, 0x09, 0xF5, 0xCF, 0x00, 0x00, 0xF5, 0xDF, 0x20, 0xFF, 0x2F, 0x00, 0x20,
    0xFF, 0x3F, 0xD0, 0xFF, 0x05, 0x00, 0xD0, 0xFF, 0x06, 0xFA, 0x9F, 0x00, 0x00, 0xD0, 0xFF, 0x06,
    0xFB, 0x9F, 0x00, 0x00, 0x20, 0xFF, 0x3F, 0xD1, 0xFF, 0x05, 0x00, 0x00, 0xF5, 0xDF, 0x20, 0xFF,
    0x2F, 0x00, 0x00, 0x80, 0xFF, 0x09, 0xF5, 0xCF, 0x00, 0x00, 0x00, 0x8B, 0x01, 0x80, 0x1A, 0x00,
    0xF1, 0xFF, 0xFF, 0xFF, 0xFF, 0x1F, 0xF1, 0xFF, 0xFF, 0xFF, 0xFF, 0x1F, 0x30, 0x33, 0x33, 0x33,
    0xF5, 0x1F, 0x00, 0x00, 0x00, 0x00, 0xF2, 0x1F, 0x00, 0x00, 0x00, 0x00, 0xF2, 0x1F, 0x00, 0x00,
    0x00, 0x00, 0xF2, 0x1F, 0x93, 0x99, 0x99, 0x01, 0xF6, 0xFF, 0xFF, 0x02, 0xF6, 0xFF, 0xFF, 0x02,
    0x00, 0x00, 0xA5, 0xFE, 0xCF, 0x18, 0x00, 0x00, 0x00, 0xC2, 0xBF, 0x56, 0x95, 0xFE, 0x07, 0x00,
    0x20, 0xCE, 0x02, 0x00, 0x00, 0x90, 0x8F, 0x00, 0xC0, 0x0D, 0xF4, 0xFF, 0x9E, 0x00, 0xF8, 0x04,
    0xF5, 0x03, 0xF4, 0x7B, 0xFA, 0x09, 0xC0, 0x0D, 0xCB, 0x00, 0xF4, 0x07, 0xE0, 0x0D, 0x50, 0x2F,
    0x8E, 0x00, 0xF4, 0x07, 0xF1, 0x0B, 0x10, 0x6F, 0x7F, 0x00, 0xF4, 0xCE, 0xEF, 0x02, 0x00, 0x7F,
    0x8E, 0x00, 0xF4, 0xAC, 0x8F, 0x00, 0x10, 0x6F, 0xCB, 0x00, 0xF4, 0x07, 0xFB, 0x02, 0x50, 0x3F,
    0xF6, 0x03, 0xF4, 0x07, 0xF2, 0x0B, 0xC0, 0x0D, 0xD0, 0x0C, 0xF4, 0x07, 0x80, 0x5F, 0xF7, 0x05,
    0x30, 0xCF, 0x02, 0x00, 0x00, 0x80, 0x9F, 0x00, 0x00, 0xD2, 0xBF, 0x57, 0x96, 0xFE, 0x08, 0x00,
    0x00, 0x00, 0xB5, 0xFE, 0xDF, 0x28, 0x00, 0x00, 0x10, 0x11, 0x11, 0x11, 0x11, 0x01, 0xF1, 0xFF,
    0xFF, 0xFF, 0xFF, 0x9F, 0xF1, 0xFF, 0xFF, 0xFF, 0xFF, 0x9F, 0x00, 0xE7, 0xDF, 0x07, 0x00, 0x80,
    0xFF, 0xFF, 0x8F, 0x00, 0xF0, 0x4F, 0x50, 0xFF, 0x00, 0xF2, 0x0F, 0x00, 0xFF, 0x02, 0xF0, 0x5F,
    0x50, 0xFF, 0x00, 0x90, 0xFF, 0xFF, 0x8F, 0x00, 0x00, 0xE7, 0xEF, 0x07, 0x00, 0x00, 0x00, 0x30,
    0x03, 0x00, 0x00, 0x00, 0x00, 0xF2, 0x1F, 0x00, 0x00, 0x00, 0x00, 0xF2, 0x1F, 0x00, 0x00, 0x00,
    0x00, 0xF2, 0x1F, 0x00, 0x00, 0x30, 0x33, 0xF5, 0x5F, 0x33, 0x03, 0xF1, 0xFF, 0xFF, 0xFF, 0xFF,
    0x1F, 0xF1, 0xFF, 0xFF, 0xFF, 0xFF, 0x1F, 0x00, 0x00, 0xF2, 0x1F, 0x00, 0x00, 0x00, 0x00, 0xF2,
    0x1F, 0x00, 0x00, 0x00, 0x00, 0xF2, 0x1F, 0x00, 0x00, 0x00, 0x00, 0xF1, 0x1F, 0x00, 0x00, 0x40,
    0x44, 0x44, 0x44, 0x44, 0x04, 0xF1, 0xFF, 0xFF, 0xFF, 0xFF, 0x1F, 0xF1, 0xFF, 0xFF, 0xFF, 0xFF,
    0x1F, 0x50, 0xFC, 0xBF, 0x01, 0xF4, 0xFF, 0xFF, 0x0B, 0x80, 0x05, 0xFA, 0x0E, 0x00, 0x00, 0xFB,
    0x0B, 0x00, 0x80, 0xFF, 0x03, 0x00, 0xF8, 0x4F, 0x00, 0x90, 0xEF, 0x14, 0x01, 0xF6, 0xFF, 0xFF,
    0x3F, 0xF7, 0xFF, 0xFF, 0x3F, 0x60, 0xFD, 0xAF, 0x01, 0xF2, 0xCF, 0xFF, 0x0A, 0x40, 0x01, 0xF7,
    0x0C, 0x00, 0xAA, 0xDF, 0x03, 0x00, 0xFF, 0xCF, 0x03, 0x00, 0x00, 0xF7, 0x0E, 0x33, 0x00, 0xF4,
    0x1F, 0xF6, 0xCD, 0xFF, 0x0C, 0xA2, 0xFE, 0xAE, 0x01, 0x00, 0xF2, 0xFF, 0x05, 0x10, 0xFE, 0x3D,
    0x00, 0xD0, 0xAF, 0x00, 0x00, 0xF5, 0xCF, 0x00, 0x00, 0xFE, 0x3F, 0xF5, 0xCF, 0x00, 0x00, 0xFE,
    0x3F, 0xF5, 0xCF, 0x00, 0x00, 0xFE, 0x3F, 0xF5, 0xCF, 0x00, 0x00, 0xFE, 0x3F, 0xF5, 0xCF, 0x00,
    0x00, 0xFE, 0x3F, 0xF5, 0xCF, 0x00, 0x00, 0xFE, 0x3F, 0xF5, 0xCF, 0x00, 0x00, 0xFF, 0x3F, 0xF5,
    0xCF, 0x00, 0x10, 0xFF, 0x3F, 0xF5, 0xFF, 0x01, 0x70, 0xFF, 0x3F, 0xF5, 0xFF, 0x8D, 0xFA, 0xFF,
    0x3F, 0xF5, 0xFF, 0xFF, 0xFF, 0xFB, 0x3F, 0xF5, 0xCF, 0xFB, 0x4D, 0xF4, 0x3F, 0xF5, 0xBF, 0x00,
    0x00, 0x00, 0x00, 0xF5, 0xCF, 0x00, 0x00, 0x00, 0x00, 0xF5, 0xCF, 0x00, 0x00, 0x00, 0x00, 0xF5,
    0xCF, 0x00, 0x00, 0x00, 0x00, 0xF5, 0xCF, 0x00, 0x00, 0x00, 0x00, 0x00, 0xD8, 0xFF, 0xFF, 0xFF,
    0x0F, 0xC0, 0xFF, 0xFF, 0xFF, 0xFF, 0x0F, 0xF5, 0xFF, 0xFF, 0xAF, 0xB0, 0x0F, 0xFA, 0xFF, 0xFF,
    0x9F, 0xB0, 0x0F, 0xFC, 0xFF, 0xFF, 0x9F, 0xB0, 0x0F, 0xFD, 0xFF, 0xFF, 0x9F, 0xB0, 0x0F, 0xFC,
    0xFF, 0xFF, 0x9F, 0xB0, 0x0F, 0xFA, 0xFF, 0xFF, 0x9F, 0xB0, 0x0F, 0xF6, 0xFF, 0xFF, 0x9F, 0xB0,
    0x0F, 0xD0, 0xFF, 0xFF, 0x9F, 0xB0, 0x0F, 0x10, 0xE9, 0xEF, 0x9F, 0xB0, 0x0F, 0x00, 0x00, 0x00,
    0x9F, 0xB0, 0x0F, 0x00, 0x00, 0x00, 0x9F, 0xB0, 0x0F, 0x00, 0x00, 0x00, 0x9F, 0xB0, 0x0F, 0x00,
    0x00, 0x00, 0x9F, 0xB0, 0x0F, 0x00, 0x00, 0x00, 0x9F, 0xB0, 0x0F, 0x00, 0x00, 0x00, 0x9F, 0xB0,
    0x0F, 0x00, 0x00, 0x00, 0x9F, 0xB0, 0x0F, 0x00, 0x00, 0x00, 0x9F, 0xB0, 0x0F, 0x60, 0x06, 0xFA,
    0xAF, 0xFC, 0xBF, 0xE5, 0x5E, 0x50, 0xDF, 0x00, 0x70, 0xFF, 0x0D, 0x00, 0xF4, 0x4F, 0xC5, 0xFD,
    0x1F, 0xF5, 0xDF, 0x06, 0x00, 0x90, 0xFF, 0x10, 0xFC, 0xFF, 0xC0, 0xCF, 0xFF, 0x20, 0x75, 0xFF,
    0x00, 0x70, 0xFF, 0x00, 0x70, 0xFF, 0x00, 0x70, 0xFF, 0x00, 0x70, 0xFF, 0x00, 0x70, 0xFF, 0x20,
    0xFB, 0xBF, 0x02, 0xE0, 0xDF, 0xFC, 0x1E, 0xF4, 0x0D, 0xB0, 0x7F, 0xF6, 0x0A, 0x80, 0x8F, 0xF4,
    0x0D, 0xB0, 0x7F, 0xD0, 0xCF, 0xFB, 0x1F, 0x10, 0xFA, 0xBF, 0x03, 0x20, 0x7A, 0x00, 0x81, 0x0A,
    0x00, 0x00, 0xD0, 0xFF, 0x04, 0xFB, 0x7F, 0x00, 0x00, 0x30, 0xFF, 0x1E, 0xE1, 0xFF, 0x03, 0x00,
    0x00, 0xF7, 0xCF, 0x40, 0xFF, 0x1E, 0x00, 0x00, 0xB0, 0xFF, 0x09, 0xF8, 0xCF, 0x00, 0x00, 0xB0,
    0xFF, 0x09, 0xF8, 0xCF, 0x00, 0x00, 0xF7, 0xCF, 0x40, 0xFF, 0x1E, 0x00, 0x30, 0xFF, 0x2E, 0xE1,
    0xFF, 0x04, 0x00, 0xD0, 0xFF, 0x04, 0xFB, 0x7F, 0x00, 0x00, 0x20, 0x7A, 0x00, 0x81, 0x0A, 0x00,
    0x00, 0x00, 0xE3, 0x8F, 0x00, 0x00, 0xA0, 0xCF, 0x00, 0x00, 0x60, 0xFF, 0x8F, 0x00, 0x00, 0xF3,
    0x3F, 0x00, 0x00, 0xF4, 0xED, 0x8F, 0x00, 0x00, 0xFC, 0x0A, 0x00, 0x00, 0x70, 0xE1, 0x8F, 0x00,
    0x50, 0xFF, 0x02, 0x00, 0x00, 0x00, 0xF0, 0x8F, 0x00, 0xE0, 0x8F, 0x00, 0x00, 0x00, 0x00, 0xF0,
    0x8F, 0x00, 0xF7, 0x1E, 0x00, 0x00, 0x00, 0x00, 0xF0, 0x8F, 0x10, 0xFF, 0x07, 0xC0, 0xFF, 0x00,
    0x00, 0xF0, 0x8F, 0x90, 0xDF, 0x00, 0xF8, 0xFF, 0x00, 0x00, 0xF0, 0x8F, 0xF2, 0x5F, 0x40, 0xDF,
    0xFF, 0x00, 0x00, 0x00, 0x00, 0xFA, 0x0C, 0xE1, 0x7C, 0xFF, 0x00, 0x00, 0x00, 0x30, 0xFF, 0x03,
    0xFB, 0x72, 0xFF, 0x00, 0x00, 0x00, 0xC0, 0xAF, 0x50, 0xEF, 0xDB, 0xFF, 0x2B, 0x00, 0x00, 0xF5,
    0x2F, 0x60, 0xFF, 0xFF, 0xFF, 0x3F, 0x00, 0x00, 0xFD, 0x09, 0x00, 0x00, 0x70, 0xFF, 0x00, 0x00,
    0x70, 0xEF, 0x01, 0x00, 0x00, 0x70, 0xFF, 0x00, 0x00, 0xE3, 0x8F, 0x00, 0x00, 0xA0, 0xCF, 0x00,
    0x00, 0x60, 0xFF, 0x8F, 0x00, 0x00, 0xF3, 0x3F, 0x00, 0x00, 0xF4, 0xED, 0x8F, 0x00, 0x00, 0xFC,
    0x0A, 0x00, 0x00, 0x70, 0xE1, 0x8F, 0x00, 0x50, 0xFF, 0x02, 0x00, 0x00, 0x00, 0xF0, 0x8F, 0x00,
    0xE0, 0x8F, 0x00, 0x00, 0x00, 0x00, 0xF0, 0x8F, 0x00, 0xF7, 0x1E, 0x00, 0x00, 0x00, 0x00, 0xF0,
    0x8F, 0x10, 0xFF, 0x27, 0xEA, 0xDF, 0x05, 0x00, 0xF0, 0x8F, 0x90, 0xDF, 0xD0, 0xFF, 0xFF, 0x2F,
    0x00, 0xF0, 0x8F, 0xF2, 0x5F, 0x30, 0x19, 0xF3, 0x5F, 0x00, 0x00, 0x00, 0xFB, 0x0C, 0x00, 0x00,
    0xF5, 0x2F, 0x00, 0x00, 0x30, 0xFF, 0x03, 0x00, 0x30, 0xFE, 0x08, 0x00, 0x00, 0xC0, 0xAF, 0x00,
    0x00, 0xF3, 0x9F, 0x00, 0x00, 0x00, 0xF5, 0x2F, 0x00, 0x40, 0xFF, 0x18, 0x01, 0x00, 0x00, 0xFE,
    0x08, 0x00, 0xF0, 0xFF, 0xFF, 0x9F, 0x00, 0x70, 0xEF, 0x01, 0x00, 0xF0, 0xFF, 0xFF, 0x9F, 0x30,
    0xFB, 0xCF, 0x04, 0x00, 0x00, 0xFE, 0x08, 0x00, 0xC0, 0xDF, 0xFE, 0x0F, 0x00, 0x80, 0xEF, 0x00,
    0x00, 0x20, 0x03, 0xF2, 0x1F, 0x00, 0xF1, 0x6F, 0x00, 0x00, 0x00, 0xA7, 0xED, 0x06, 0x00, 0xF9,
    0x0D, 0x00, 0x00, 0x00, 0xFB, 0xDF, 0x06, 0x20, 0xFF, 0x04, 0x00, 0x00, 0x00, 0x00, 0xF3, 0x3F,
    0xB0, 0xBF, 0x00, 0x00, 0x00, 0x50, 0x00, 0xE0, 0x6F, 0xF4, 0x3F, 0x80, 0xFF, 0x04, 0xF1, 0xCE,
    0xFE, 0x2F, 0xFD, 0x0A, 0xF3, 0xFF, 0x04, 0x80, 0xFD, 0xCF, 0x64, 0xFF, 0x11, 0xCE, 0xFF, 0x04,
    0x00, 0x00, 0x00, 0xE0, 0x8F, 0xA0, 0x4F, 0xFF, 0x04, 0x00, 0x00, 0x00, 0xF7, 0x0E, 0xF6, 0x26,
    0xFF, 0x04, 0x00, 0x00, 0x10, 0xFF, 0x06, 0xFF, 0xCB, 0xFF, 0x6C, 0x00, 0x00, 0x90, 0xDF, 0x10,
    0xFF, 0xFF, 0xFF, 0x9F, 0x00, 0x00, 0xF2, 0x4F, 0x00, 0x00, 0x20, 0xFF, 0x04, 0x00, 0x00, 0xFB,
    0x0B, 0x00, 0x00, 0x20, 0xFF, 0x04, 0x00, 0x00, 0xF8, 0x2D, 0x00, 0x00, 0x00, 0x00, 0xFF, 0x8F,
    0x00, 0x00, 0x00, 0x00, 0xFD, 0x6F, 0x00, 0x00, 0x00, 0x00, 0x71, 0x05, 0x00, 0x00, 0x00, 0x00,
    0x00, 0x00, 0x00, 0x00, 0x00, 0x00, 0x00, 0x00, 0x00, 0x00, 0x00, 0x00, 0xF7, 0x3F, 0x00, 0x00,
    0x00, 0x00, 0xFB, 0x2F, 0x00, 0x00, 0x00, 0xB1, 0xFF, 0x0B, 0x00, 0x00, 0x20, 0xFE, 0xBF, 0x01,
    0x00, 0x00, 0xE0, 0xFF, 0x08, 0x00, 0x00, 0x00, 0xF5, 0xBF, 0x00, 0x00, 0x00, 0x00, 0xF6, 0x9F,
    0x00, 0x00, 0x05, 0x00, 0xF3, 0xFF, 0x8A, 0xEA, 0x6F, 0x00, 0xA0, 0xFF, 0xFF, 0xFF, 0xCF, 0x00,
    0x00, 0xC7, 0xFF, 0xBE, 0x06, 0x00, 0x00, 0x60, 0xFF, 0x2F, 0x00, 0x00, 0x00, 0x00, 0x00, 0x00,
    0xD3, 0xEF, 0x01, 0x00, 0x00, 0x00, 0x00, 0x00, 0x00, 0xFA, 0x0D, 0x00, 0x00, 0x00, 0x00, 0x00,
    0x00, 0x00, 0x00, 0x00, 0x00, 0x00, 0x00, 0x00, 0x00, 0x00, 0x00, 0x00, 0x00, 0x00, 0x00, 0x00,
    0xE0, 0xFF, 0x5F, 0x00, 0x00, 0x00, 0x00, 0x00, 0xF3, 0xFF, 0xBF, 0x00, 0x00, 0x00, 0x00, 0x00,
    0xF9, 0xDF, 0xFF, 0x01, 0x00, 0x00, 0x00, 0x00, 0xFE, 0x6E, 0xFF, 0x06, 0x00, 0x00, 0x00, 0x40,
    0xFF, 0x19, 0xFF, 0x0C, 0x00, 0x00, 0x00, 0xA0, 0xFF, 0x04, 0xFB, 0x1F, 0x00, 0x00, 0x00, 0xF0,
    0xEF, 0x00, 0xF6, 0x7F, 0x00, 0x00, 0x00, 0xF5, 0x9F, 0x00, 0xF1, 0xDF, 0x00, 0x00, 0x00, 0xFB,
    0xCF, 0xAA, 0xFA, 0xFF, 0x02, 0x00, 0x10, 0xFF, 0xFF, 0xFF, 0xFF, 0xFF, 0x08, 0x00, 0x60, 0xFF,
    0xFF, 0xFF, 0xFF, 0xFF, 0x0E, 0x00, 0xC0, 0xFF, 0x06, 0x00, 0x00, 0xFE, 0x3F, 0x00, 0xF1, 0xFF,
    0x01, 0x00, 0x00, 0xF9, 0x9F, 0x00, 0xF7, 0xDF, 0x00, 0x00, 0x00, 0xF5, 0xEF, 0x00, 0xFD, 0x8F,
    0x00, 0x00, 0x00, 0xF1, 0xFF, 0x04, 0x00, 0x00, 0x00, 0x90, 0xFF, 0x1C, 0x00, 0x00, 0x00, 0x00,
    0x00, 0xF7, 0x9F, 0x00, 0x00, 0x00, 0x00, 0x00, 0x60, 0xEF, 0x04, 0x00, 0x00, 0x00, 0x00, 0x00,
    0x00, 0x00, 0x00, 0x00, 0x00, 0x00, 0x00, 0x00, 0x00, 0x00, 0x00, 0x00, 0x00, 0x00, 0x00, 0x00,
    0xE0, 0xFF, 0x5F, 0x00, 0x00, 0x00, 0x00, 0x00, 0xF3, 0xFF, 0xBF, 0x00, 0x00, 0x00, 0x00, 0x00,
    0xF9, 0xDF, 0xFF, 0x01, 0x00, 0x00, 0x00, 0x00, 0xFE, 0x6E, 0xFF, 0x06, 0x00, 0x00, 0x00, 0x40,
    0xFF, 0x19, 0xFF, 0x0C, 0x00, 0x00, 0x00, 0xA0, 0xFF, 0x04, 0xFB, 0x1F, 0x00, 0x00, 0x00, 0xF0,
    0xEF, 0x00, 0xF6, 0x7F, 0x00, 0x00, 0x00, 0xF5, 0x9F, 0x00, 0xF1, 0xDF, 0x00, 0x00, 0x00, 0xFB,
    0xCF, 0xAA, 0xFA, 0xFF, 0x02, 0x00, 0x10, 0xFF, 0xFF, 0xFF, 0xFF, 0xFF, 0x08, 0x00, 0x60, 0xFF,
    0xFF, 0xFF, 0xFF, 0xFF, 0x0E, 0x00, 0xC0, 0xFF, 0x06, 0x00, 0x00, 0xFE, 0x3F, 0x00, 0xF1, 0xFF,
    0x01, 0x00, 0x00, 0xF9, 0x9F, 0x00, 0xF7, 0xDF, 0x00, 0x00, 0x00, 0xF5, 0xEF, 0x00, 0xFD, 0x8F,
    0x00, 0x00, 0x00, 0xF1, 0xFF, 0x04, 0x00, 0x00, 0xD1, 0xFF, 0x8F, 0x00, 0x00, 0x00, 0x00, 0x10,
    0xFC, 0xAE, 0xFF, 0x07, 0x00, 0x00, 0x00, 0xC0, 0xAF, 0x01, 0xE5, 0x6F, 0x00, 0x00, 0x00, 0x00,
    0x00, 0x00, 0x00, 0x00, 0x00, 0x00, 0x00, 0x00, 0x00, 0x00, 0x00, 0x00, 0x00, 0x00, 0x00, 0x00,
    0xE0, 0xFF, 0x5F, 0x00, 0x00, 0x00, 0x00, 0x00, 0xF3, 0xFF, 0xBF, 0x00, 0x00, 0x00, 0x00, 0x00,
    0xF9, 0xDF, 0xFF, 0x01, 0x00, 0x00, 0x00, 0x00, 0xFE, 0x6E, 0xFF, 0x06, 0x00, 0x00, 0x00, 0x40,
    0xFF, 0x19, 0xFF, 0x0C, 0x00, 0x00, 0x00, 0xA0, 0xFF, 0x04, 0xFB, 0x1F, 0x00, 0x00, 0x00, 0xF0,
    0xEF, 0x00, 0xF6, 0x7F, 0x00, 0x00, 0x00, 0xF5, 0x9F, 0x00, 0xF1, 0xDF, 0x00, 0x00, 0x00, 0xFB,
    0xCF, 0xAA, 0xFA, 0xFF, 0x02, 0x00, 0x10, 0xFF, 0xFF, 0xFF, 0xFF, 0xFF, 0x08, 0x00, 0x60, 0xFF,
    0xFF, 0xFF, 0xFF, 0xFF, 0x0E, 0x00, 0xC0, 0xFF, 0x06, 0x00, 0x00, 0xFE, 0x3F, 0x00, 0xF1, 0xFF,
    0x01, 0x00, 0x00, 0xF9, 0x9F, 0x00, 0xF7, 0xDF, 0x00, 0x00, 0x00, 0xF5, 0xEF, 0x00, 0xFD, 0x8F,
    0x00, 0x00, 0x00, 0xF1, 0xFF, 0x04, 0x00, 0x10, 0xFA, 0x8E, 0x62, 0x6F, 0x00, 0x00, 0x00, 0x90,
    0xFF, 0xFF, 0xFF, 0x1F, 0x00, 0x00, 0x00, 0xF0, 0x2C, 0xB4, 0xDF, 0x04, 0x00, 0x00, 0x00, 0x00,
    0x00, 0x00, 0x00, 0x00, 0x00, 0x00, 0x00, 0x00, 0x00, 0x00, 0x00, 0x00, 0x00, 0x00, 0x00, 0x00,
    0xE0, 0xFF, 0x5F, 0x00, 0x00, 0x00, 0x00, 0x00, 0xF3, 0xFF, 0xBF, 0x00, 0x00, 0x00, 0x00, 0x00,
    0xF9, 0xDF, 0xFF, 0x01, 0x00, 0x00, 0x00, 0x00, 0xFE, 0x6E, 0xFF, 0x06, 0x00, 0x00, 0x00, 0x40,
    0xFF, 0x19, 0xFF, 0x0C, 0x00, 0x00, 0x00, 0xA0, 0xFF, 0x04, 0xFB, 0x1F, 0x00, 0x00, 0x00, 0xF0,
    0xEF, 0x00, 0xF6, 0x7F, 0x00, 0x00, 0x00, 0xF5, 0x9F, 0x00, 0xF1, 0xDF, 0x00, 0x00, 0x00, 0xFB,
    0xCF, 0xAA, 0xFA, 0xFF, 0x02, 0x00, 0x10, 0xFF, 0xFF, 0xFF, 0xFF, 0xFF, 0x08, 0x00, 0x60, 0xFF,
    0xFF, 0xFF, 0xFF, 0xFF, 0x0E, 0x00, 0xC0, 0xFF, 0x06, 0x00, 0x00, 0xFE, 0x3F, 0x00, 0xF1, 0xFF,
    0x01, 0x00, 0x00, 0xF9, 0x9F, 0x00, 0xF7, 0xDF, 0x00, 0x00, 0x00, 0xF5, 0xEF, 0x00, 0xFD, 0x8F,
    0x00, 0x00, 0x00, 0xF1, 0xFF, 0x04, 0x00, 0x00, 0xB9, 0x02, 0xB8, 0x03, 0x00, 0x00, 0x00, 0x40,
    0xFF, 0x19, 0xFF, 0x0B, 0x00, 0x00, 0x00, 0x10, 0xFD, 0x04, 0xFC, 0x06, 0x00, 0x00, 0x00, 0x00,
    0x00, 0x00, 0x00, 0x00, 0x00, 0x00, 0x00, 0x00, 0x00, 0x00, 0x00, 0x00, 0x00, 0x00, 0x00, 0x00,
    0xE0, 0xFF, 0x5F, 0x00, 0x00, 0x00, 0x00, 0x00, 0xF3, 0xFF, 0xBF, 0x00, 0x00, 0x00, 0x00, 0x00,
    0xF9, 0xDF, 0xFF, 0x01, 0x00, 0x00, 0x00, 0x00, 0xFE, 0x6E, 0xFF, 0x06, 0x00, 0x00, 0x00, 0x40,
    0xFF, 0x19, 0xFF, 0x0C, 0x00, 0x00, 0x00, 0xA0, 0xFF, 0x04, 0xFB, 0x1F, 0x00, 0x00, 0x00, 0xF0,
    0xEF, 0x00, 0xF6, 0x7F, 0x00, 0x00, 0x00, 0xF5, 0x9F, 0x00, 0xF1, 0xDF, 0x00, 0x00, 0x00, 0xFB,
    0xCF, 0xAA, 0xFA, 0xFF, 0x02, 0x00, 0x10, 0xFF, 0xFF, 0xFF, 0xFF, 0xFF, 0x08, 0x00, 0x60, 0xFF,
    0xFF, 0xFF, 0xFF, 0xFF, 0x0E, 0x00, 0xC0, 0xFF, 0x06, 0x00, 0x00, 0xFE, 0x3F, 0x00, 0xF1, 0xFF,
    0x01, 0x00, 0x00, 0xF9, 0x9F, 0x00, 0xF7, 0xDF, 0x00, 0x00, 0x00, 0xF5, 0xEF, 0x00, 0xFD, 0x8F,
    0x00, 0x00, 0x00, 0xF1, 0xFF, 0x04, 0x00, 0x00, 0x60, 0xFE, 0x1B, 0x00, 0x00, 0x00, 0x00, 0x00,
    0xF2, 0x8C, 0xAF, 0x00, 0x00, 0x00, 0x00, 0x00, 0xF4, 0x04, 0xCD, 0x00, 0x00, 0x00, 0x00, 0x00,
    0xF2, 0x8C, 0xAF, 0x00, 0x00, 0x00, 0x00, 0x00, 0xE0, 0xFF, 0x5F, 0x00, 0x00, 0x00, 0x00, 0x00,
    0xF3, 0xFF, 0xBF, 0x00, 0x00, 0x00, 0x00, 0x00, 0xF9, 0xDF, 0xFF, 0x01, 0x00, 0x00, 0x00, 0x00,
    0xFE, 0x6E, 0xFF, 0x06, 0x00, 0x00, 0x00, 0x40, 0xFF, 0x19, 0xFF, 0x0C, 0x00, 0x00, 0x00, 0xA0,
    0xFF, 0x04, 0xFB, 0x1F, 0x00, 0x00, 0x00, 0xF0, 0xEF, 0x00, 0xF6, 0x7F, 0x00, 0x00, 0x00, 0xF5,
    0x9F, 0x00, 0xF1, 0xDF, 0x00, 0x00, 0x00, 0xFB, 0xCF, 0xAA, 0xFA, 0xFF, 0x02, 0x00, 0x10, 0xFF,
    0xFF, 0xFF, 0xFF, 0xFF, 0x08, 0x00, 0x60, 0xFF, 0xFF, 0xFF, 0xFF, 0xFF, 0x0E, 0x00, 0xC0, 0xFF,
    0x06, 0x00, 0x00, 0xFE, 0x3F, 0x00, 0xF1, 0xFF, 0x01, 0x00, 0x00, 0xF9, 0x9F, 0x00, 0xF7, 0xDF,
    0x00, 0x00, 0x00, 0xF5, 0xEF, 0x00, 0xFD, 0x8F, 0x00, 0x00, 0x00, 0xF1, 0xFF, 0x04, 0x00, 0x00,
    0x00, 0xF8, 0xFF, 0xFF, 0xFF, 0xFF, 0xFF, 0x0C, 0x00, 0x00, 0x00, 0xFE, 0xFF, 0xFF, 0xFF, 0xFF,
    0xFF, 0x0C, 0x00, 0x00, 0x60, 0xFF, 0xCD, 0xFF, 0x9F, 0x99, 0x99, 0x07, 0x00, 0x00, 0xD0, 0xFF,
    0x32, 0xFF, 0x0F, 0x00, 0x00, 0x00, 0x00, 0x00, 0xF4, 0xAF, 0x30, 0xFF, 0x0F, 0x00, 0x00, 0x00,
    0x00, 0x00, 0xFB, 0x3F, 0x30, 0xFF, 0x9F, 0x99, 0x99, 0x03, 0x00, 0x30, 0xFF, 0x0C, 0x30, 0xFF,
    0xFF, 0xFF, 0xFF, 0x06, 0x00, 0xA0, 0xFF, 0x04, 0x30, 0xFF, 0xFF, 0xFF, 0xFF, 0x06, 0x00, 0xF1,
    0xFF, 0xAA, 0xBA, 0xFF, 0x0F, 0x00, 0x00, 0x00, 0x00, 0xF8, 0xFF, 0xFF, 0xFF, 0xFF, 0x0F, 0x00,
    0x00, 0x00, 0x00, 0xFE, 0xFF, 0xFF, 0xFF, 0xFF, 0x0F, 0x00, 0x00, 0x00, 0x60, 0xFF, 0x09, 0x00,
    0x30, 0xFF, 0x0F, 0x00, 0x00, 0x00, 0xD0, 0xFF, 0x03, 0x00, 0x30, 0xFF, 0xAF, 0xAA, 0xAA, 0x07,
    0xF5, 0xDF, 0x00, 0x00, 0x30, 0xFF, 0xFF, 0xFF, 0xFF, 0x0C, 0xFC, 0x6F, 0x00, 0x00, 0x30, 0xFF,
    0xFF, 0xFF, 0xFF, 0x0C, 0x00, 0x10, 0xD8, 0xFF, 0xBE, 0x06, 0x00, 0xF5, 0xFF, 0xFF, 0xFF, 0x7F,
    0x40, 0xFF, 0xFF, 0xAB, 0xFD, 0x1F, 0xE0, 0xFF, 0x1D, 0x00, 0x20, 0x06, 0xF5, 0xFF, 0x02, 0x00,
    0x00, 0x00, 0xF9, 0xCF, 0x00, 0x00, 0x00, 0x00, 0xFB, 0x8F, 0x00, 0x00, 0x00, 0x00, 0xFC, 0x8F,
    0x00, 0x00, 0x00, 0x00, 0xFB, 0x8F, 0x00, 0x00, 0x00, 0x00, 0xF9, 0xBF, 0x00, 0x00, 0x00, 0x00,
    0xF6, 0xFF, 0x01, 0x00, 0x00, 0x00, 0xF1, 0xFF, 0x1B, 0x00, 0x00, 0x03, 0x70, 0xFF, 0xFF, 0xAB,
    0xFB, 0x1F, 0x00, 0xF9, 0xFF, 0xFF, 0xFF, 0x1F, 0x00, 0x30, 0xEA, 0xFF, 0xBE, 0x07, 0x00, 0x00,
    0x60, 0xCF, 0x00, 0x00, 0x00, 0x00, 0x80, 0xFF, 0x0C, 0x00, 0x00, 0x00, 0x00, 0xF5, 0x2F, 0x00,
    0x00, 0x00, 0xC6, 0xFD, 0x0F, 0x00, 0x00, 0x00, 0xF6, 0xDF, 0x05, 0x00, 0x50, 0xFF, 0x3F, 0x00,
    0x00, 0x00, 0xD2, 0xEF, 0x02, 0x00, 0x00, 0x00, 0xF9, 0x1E, 0x00, 0x00, 0x00, 0x00, 0x00, 0x00,
    0x00, 0x00, 0x00, 0x00, 0x00, 0xF1, 0xFF, 0xFF, 0xFF, 0x8F, 0xF1, 0xFF, 0xFF, 0xFF, 0x8F, 0xF1,
    0xFF, 0x99, 0x99, 0x49, 0xF1, 0xFF, 0x01, 0x00, 0x00, 0xF1, 0xFF, 0x01, 0x00, 0x00, 0xF1, 0xFF,
    0x9A, 0x99, 0x19, 0xF1, 0xFF, 0xFF, 0xFF, 0x2F, 0xF1, 0xFF, 0xFF, 0xFF, 0x2F, 0xF1, 0xFF, 0x01,
    0x00, 0x00, 0xF1, 0xFF, 0x01, 0x00, 0x00, 0xF1, 0xFF, 0x01, 0x00, 0x00, 0xF1, 0xFF, 0x01, 0x00,
    0x00, 0xF1, 0xFF, 0xAA, 0xAA, 0x5A, 0xF1, 0xFF, 0xFF, 0xFF, 0x8F, 0xF1, 0xFF, 0xFF, 0xFF, 0x8F,
    0x00, 0x00, 0x80, 0xFF, 0x1D, 0x00, 0x00, 0xF6, 0xAF, 0x00, 0x00, 0x40, 0xEF, 0x05, 0x00, 0x00,
    0x00, 0x00, 0x00, 0x00, 0x00, 0x00, 0x00, 0x00, 0x00, 0xF1, 0xFF, 0xFF, 0xFF, 0x8F, 0xF1, 0xFF,
    0xFF, 0xFF, 0x8F, 0xF1, 0xFF, 0x99, 0x99, 0x49, 0xF1, 0xFF, 0x01, 0x00, 0x00, 0xF1, 0xFF, 0x01,
    0x00, 0x00, 0xF1, 0xFF, 0x9A, 0x99, 0x19, 0xF1, 0xFF, 0xFF, 0xFF, 0x2F, 0xF1, 0xFF, 0xFF, 0xFF,
    0x2F, 0xF1, 0xFF, 0x01, 0x00, 0x00, 0xF1, 0xFF, 0x01, 0x00, 0x00, 0xF1, 0xFF, 0x01, 0x00, 0x00,
    0xF1, 0xFF, 0x01, 0x00, 0x00, 0xF1, 0xFF, 0xAA, 0xAA, 0x5A, 0xF1, 0xFF, 0xFF, 0xFF, 0x8F, 0xF1,
    0xFF, 0xFF, 0xFF, 0x8F, 0x00, 0xD0, 0xFF, 0x9F, 0x00, 0x00, 0xFC, 0xAE, 0xFF, 0x08, 0xC0, 0xAF,
    0x01, 0xD4, 0x7F, 0x00, 0x00, 0x00, 0x00, 0x00, 0x00, 0x00, 0x00, 0x00, 0x00, 0xF1, 0xFF, 0xFF,
    0xFF, 0x8F, 0xF1, 0xFF, 0xFF, 0xFF, 0x8F, 0xF1, 0xFF, 0x99, 0x99, 0x49, 0xF1, 0xFF, 0x01, 0x00,
    0x00, 0xF1, 0xFF, 0x01, 0x00, 0x00, 0xF1, 0xFF, 0x9A, 0x99, 0x19, 0xF1, 0xFF, 0xFF, 0xFF, 0x2F,
    0xF1, 0xFF, 0xFF, 0xFF, 0x2F, 0xF1, 0xFF, 0x01, 0x00, 0x00, 0xF1, 0xFF, 0x01, 0x00, 0x00, 0xF1,
    0xFF, 0x01, 0x00, 0x00, 0xF1, 0xFF, 0x01, 0x00, 0x00, 0xF1, 0xFF, 0xAA, 0xAA, 0x5A, 0xF1, 0xFF,
    0xFF, 0xFF, 0x8F, 0xF1, 0xFF, 0xFF, 0xFF, 0x8F, 0x00, 0xB8, 0x03, 0xB7, 0x04, 0x20, 0xFF, 0x0A,
    0xFF, 0x0C, 0x00, 0xFC, 0x05, 0xFB, 0x07, 0x00, 0x00, 0x00, 0x00, 0x00, 0x00, 0x00, 0x00, 0x00,
    0x00, 0xF1, 0xFF, 0xFF, 0xFF, 0x8F, 0xF1, 0xFF, 0xFF, 0xFF, 0x8F, 0xF1, 0xFF, 0x99, 0x99, 0x49,
    0xF1, 0xFF, 0x01, 0x00, 0x00, 0xF1, 0xFF, 0x01, 0x00, 0x00, 0xF1, 0xFF, 0x9A, 0x99, 0x19, 0xF1,
    0xFF, 0xFF, 0xFF, 0x2F, 0xF1, 0xFF, 0xFF, 0xFF, 0x2F, 0xF1, 0xFF, 0x01, 0x00, 0x00, 0xF1, 0xFF,
    0x01, 0x00, 0x00, 0xF1, 0xFF, 0x01, 0x00, 0x00, 0xF1, 0xFF, 0x01, 0x00, 0x00, 0xF1, 0xFF, 0xAA,
    0xAA, 0x5A, 0xF1, 0xFF, 0xFF, 0xFF, 0x8F, 0xF1, 0xFF, 0xFF, 0xFF, 0x8F, 0xF8, 0xEF, 0x01, 0x00,
    0x50, 0xFE, 0x0C, 0x00, 0x00, 0xB1, 0xBF, 0x00, 0x00, 0x00, 0x00, 0x00, 0x00, 0x00, 0x00, 0x00,
    0x00, 0xF1, 0xFF, 0x01, 0x00, 0xF1, 0xFF, 0x01, 0x00, 0xF1, 0xFF, 0x01, 0x00, 0xF1, 0xFF, 0x01,
    0x00, 0xF1, 0xFF, 0x01, 0x00, 0xF1, 0xFF, 0x01, 0x00, 0xF1, 0xFF, 0x01, 0x00, 0xF1, 0xFF, 0x01,
    0x00, 0xF1, 0xFF, 0x01, 0x00, 0xF1, 0xFF, 0x01, 0x00, 0xF1, 0xFF, 0x01, 0x00, 0xF1, 0xFF, 0x01,
    0x00, 0xF1, 0xFF, 0x01, 0x00, 0xF1, 0xFF, 0x01, 0x00, 0xF1, 0xFF, 0x01, 0x00, 0xE1, 0xFF, 0x08,
    0x00, 0xFC, 0x4E, 0x00, 0xB0, 0xBF, 0x01, 0x00, 0x00, 0x00, 0x00, 0x00, 0x00, 0x00, 0x00, 0x00,
    0xF1, 0xFF, 0x01, 0x00, 0xF1, 0xFF, 0x01, 0x00, 0xF1, 0xFF, 0x01, 0x00, 0xF1, 0xFF, 0x01, 0x00,
    0xF1, 0xFF, 0x01, 0x00, 0xF1, 0xFF, 0x01, 0x00, 0xF1, 0xFF, 0x01, 0x00, 0xF1, 0xFF, 0x01, 0x00,
    0xF1, 0xFF, 0x01, 0x00, 0xF1, 0xFF, 0x01, 0x00, 0xF1, 0xFF, 0x01, 0x00, 0xF1, 0xFF, 0x01, 0x00,
    0xF1, 0xFF, 0x01, 0x00, 0xF1, 0xFF, 0x01, 0x00, 0xF1, 0xFF, 0x01, 0x00, 0x00, 0xFB, 0xFF, 0x0B,
    0x00, 0xA0, 0xFF, 0xF9, 0xAF, 0x00, 0xFA, 0x2C, 0x30, 0xFC, 0x0A, 0x00, 0x00, 0x00, 0x00, 0x00,
    0x00, 0x00, 0x00, 0x00, 0x00, 0x00, 0xF1, 0xFF, 0x01, 0x00, 0x00, 0xF1, 0xFF, 0x01, 0x00, 0x00,
    0xF1, 0xFF, 0x01, 0x00, 0x00, 0xF1, 0xFF, 0x01, 0x00, 0x00, 0xF1, 0xFF, 0x01, 0x00, 0x00, 0xF1,
    0xFF, 0x01, 0x00, 0x00, 0xF1, 0xFF, 0x01, 0x00, 0x00, 0xF1, 0xFF, 0x01, 0x00, 0x00, 0xF1, 0xFF,
    0x01, 0x00, 0x00, 0xF1, 0xFF, 0x01, 0x00, 0x00, 0xF1, 0xFF, 0x01, 0x00, 0x00, 0xF1, 0xFF, 0x01,
    0x00, 0x00, 0xF1, 0xFF, 0x01, 0x00, 0x00, 0xF1, 0xFF, 0x01, 0x00, 0x00, 0xF1, 0xFF, 0x01, 0x00,
    0x70, 0x4B, 0x50, 0x6B, 0xF0, 0xCF, 0xE0, 0xFF, 0xB0, 0x7F, 0x80, 0x9F, 0x00, 0x00, 0x00, 0x00,
    0x00, 0x00, 0x00, 0x00, 0x00, 0xF1, 0xFF, 0x01, 0x00, 0xF1, 0xFF, 0x01, 0x00, 0xF1, 0xFF, 0x01,
    0x00, 0xF1, 0xFF, 0x01, 0x00, 0xF1, 0xFF, 0x01, 0x00, 0xF1, 0xFF, 0x01, 0x00, 0xF1, 0xFF, 0x01,
    0x00, 0xF1, 0xFF, 0x01, 0x00, 0xF1, 0xFF, 0x01, 0x00, 0xF1, 0xFF, 0x01, 0x00, 0xF1, 0xFF, 0x01,
    0x00, 0xF1, 0xFF, 0x01, 0x00, 0xF1, 0xFF, 0x01, 0x00, 0xF1, 0xFF, 0x01, 0x00, 0xF1, 0xFF, 0x01,
    0x10, 0xFF, 0xFF, 0xFF, 0x9D, 0x03, 0x00, 0x00, 0x10, 0xFF, 0xFF, 0xFF, 0xFF, 0xAF, 0x00, 0x00,
    0x10, 0xFF, 0x9F, 0xA9, 0xFE, 0xFF, 0x0C, 0x00, 0x10, 0xFF, 0x1F, 0x00, 0x60, 0xFF, 0x7F, 0x00,
    0x10, 0xFF, 0x1F, 0x00, 0x00, 0xF9, 0xEF, 0x00, 0x10, 0xFF, 0x1F, 0x00, 0x00, 0xF3, 0xFF, 0x02,
    0xA5, 0xFF, 0xAF, 0x49, 0x00, 0xF0, 0xFF, 0x04, 0xF8, 0xFF, 0xFF, 0x8F, 0x00, 0xF0, 0xFF, 0x05,
    0xF8, 0xFF, 0xFF, 0x8F, 0x00, 0xF0, 0xFF, 0x04, 0x10, 0xFF, 0x1F, 0x00, 0x00, 0xF4, 0xFF, 0x01,
    0x10, 0xFF, 0x1F, 0x00, 0x00, 0xFB, 0xDF, 0x00, 0x10, 0xFF, 0x1F, 0x00, 0x90, 0xFF, 0x6F, 0x00,
    0x10, 0xFF, 0xAF, 0xBA, 0xFF, 0xFF, 0x0B, 0x00, 0x10, 0xFF, 0xFF, 0xFF, 0xFF, 0x9F, 0x00, 0x00,
    0x10, 0xFF, 0xFF, 0xEF, 0x8C, 0x02, 0x00, 0x00, 0x00, 0x00, 0xE7, 0xAF, 0x33, 0xBE, 0x00, 0x00,
    0x00, 0x40, 0xFF, 0xFF, 0xFF, 0x6F, 0x00, 0x00, 0x00, 0xA0, 0x3F, 0x93, 0xEE, 0x08, 0x00, 0x00,
    0x00, 0x00, 0x00, 0x00, 0x00, 0x00, 0x00, 0x00, 0x00, 0x00, 0x00, 0x00, 0x00, 0x00, 0x00, 0x00,
    0xF1, 0xFF, 0x3F, 0x00, 0x00, 0xA0, 0xFF, 0x03, 0xF1, 0xFF, 0xCF, 0x00, 0x00, 0xA0, 0xFF, 0x03,
    0xF1, 0xFF, 0xFF, 0x05, 0x00, 0xA0, 0xFF, 0x03, 0xF1, 0xFF, 0xFF, 0x0E, 0x00, 0xA0, 0xFF, 0x03,
    0xF1, 0x9F, 0xFD, 0x8F, 0x00, 0xA0, 0xFF, 0x03, 0xF1, 0xAF, 0xF5, 0xFF, 0x01, 0xA0, 0xFF, 0x03,
    0xF1, 0xAF, 0xB0, 0xFF, 0x0A, 0xA0, 0xFF, 0x03, 0xF1, 0xBF, 0x20, 0xFF, 0x3F, 0xA0, 0xFF, 0x03,
    0xF1, 0xBF, 0x00, 0xF9, 0xDF, 0xA0, 0xFF, 0x03, 0xF1, 0xBF, 0x00, 0xF1, 0xFF, 0x96, 0xFF, 0x03,
    0xF1, 0xBF, 0x00, 0x70, 0xFF, 0x9E, 0xFF, 0x03, 0xF1, 0xBF, 0x00, 0x00, 0xFD, 0xFF, 0xFF, 0x03,
    0xF1, 0xBF, 0x00, 0x00, 0xF4, 0xFF, 0xFF, 0x03, 0xF1, 0xBF, 0x00, 0x00, 0xB0, 0xFF, 0xFF, 0x03,
    0xF1, 0xBF, 0x00, 0x00, 0x20, 0xFF, 0xFF, 0x03, 0x00, 0x40, 0xFF, 0x4F, 0x00, 0x00, 0x00, 0x00,
    0x00, 0x00, 0xD2, 0xEF, 0x02, 0x00, 0x00, 0x00, 0x00, 0x00, 0x00, 0xF8, 0x1E, 0x00, 0x00, 0x00,
    0x00, 0x00, 0x00, 0x00, 0x00, 0x00, 0x00, 0x00, 0x00, 0x00, 0x00, 0x00, 0x00, 0x00, 0x00, 0x00,
    0x00, 0x20, 0xD9, 0xFF, 0xCE, 0x17, 0x00, 0x00, 0x00, 0xF7, 0xFF, 0xFF, 0xFF, 0xEF, 0x03, 0x00,
    0x60, 0xFF, 0xFF, 0xAB, 0xFC, 0xFF, 0x2F, 0x00, 0xE0, 0xFF, 0x1D, 0x00, 0x30, 0xFF, 0xBF, 0x00,
    0xF5, 0xFF, 0x02, 0x00, 0x00, 0xF7, 0xFF, 0x01, 0xF9, 0xCF, 0x00, 0x00, 0x00, 0xF1, 0xFF, 0x05,
    0xFB, 0x9F, 0x00, 0x00, 0x00, 0xE0, 0xFF, 0x07, 0xFC, 0x8F, 0x00, 0x00, 0x00, 0xD0, 0xFF, 0x07,
    0xFB, 0x9F, 0x00, 0x00, 0x00, 0xE0, 0xFF, 0x07, 0xF9, 0xCF, 0x00, 0x00, 0x00, 0xF1, 0xFF, 0x05,
    0xF5, 0xFF, 0x02, 0x00, 0x00, 0xF6, 0xFF, 0x01, 0xE0, 0xFF, 0x1D, 0x00, 0x40, 0xFF, 0xAF, 0x00,
    0x60, 0xFF, 0xFF, 0xBC, 0xFD, 0xFF, 0x2F, 0x00, 0x00, 0xF7, 0xFF, 0xFF, 0xFF, 0xEF, 0x03, 0x00,
    0x00, 0x20, 0xD9, 0xFF, 0xCE, 0x07, 0x00, 0x00, 0x00, 0x00, 0x00, 0x80, 0xFF, 0x2D, 0x00, 0x00,
    0x00, 0x00, 0x00, 0xF6, 0xAF, 0x00, 0x00, 0x00, 0x00, 0x00, 0x40, 0xFF, 0x05, 0x00, 0x00, 0x00,
    0x00, 0x00, 0x00, 0x00, 0x00, 0x00, 0x00, 0x00, 0x00, 0x00, 0x00, 0x00, 0x00, 0x00, 0x00, 0x00,
    0x00, 0x20, 0xD9, 0xFF, 0xCE, 0x17, 0x00, 0x00, 0x00, 0xF7, 0xFF, 0xFF, 0xFF, 0xEF, 0x03, 0x00,
    0x60, 0xFF, 0xFF, 0xAB, 0xFC, 0xFF, 0x2F, 0x00, 0xE0, 0xFF, 0x1D, 0x00, 0x30, 0xFF, 0xBF, 0x00,
    0xF5, 0xFF, 0x02, 0x00, 0x00, 0xF7, 0xFF, 0x01, 0xF9, 0xCF, 0x00, 0x00, 0x00, 0xF1, 0xFF, 0x05,
    0xFB, 0x9F, 0x00, 0x00, 0x00, 0xE0, 0xFF, 0x07, 0xFC, 0x8F, 0x00, 0x00, 0x00, 0xD0, 0xFF, 0x07,
    0xFB, 0x9F, 0x00, 0x00, 0x00, 0xE0, 0xFF, 0x07, 0xF9, 0xCF, 0x00, 0x00, 0x00, 0xF1, 0xFF, 0x05,
    0xF5, 0xFF, 0x02, 0x00, 0x00, 0xF6, 0xFF, 0x01, 0xE0, 0xFF, 0x1D, 0x00, 0x40, 0xFF, 0xAF, 0x00,
    0x60, 0xFF, 0xFF, 0xBC, 0xFD, 0xFF, 0x2F, 0x00, 0x00, 0xF7, 0xFF, 0xFF, 0xFF, 0xEF, 0x03, 0x00,
    0x00, 0x20, 0xD9, 0xFF, 0xCE, 0x07, 0x00, 0x00, 0x00, 0x00, 0xC0, 0xFF, 0x9F, 0x00, 0x00, 0x00,
    0x00, 0x00, 0xFB, 0x9F, 0xFF, 0x08, 0x00, 0x00, 0x00, 0xB0, 0xBF, 0x02, 0xD4, 0x8F, 0x00, 0x00,
    0x00, 0x00, 0x00, 0x00, 0x00, 0x00, 0x00, 0x00, 0x00, 0x00, 0x00, 0x00, 0x00, 0x00, 0x00, 0x00,
    0x00, 0x20, 0xD9, 0xFF, 0xCE, 0x17, 0x00, 0x00, 0x00, 0xF7, 0xFF, 0xFF, 0xFF, 0xEF, 0x03, 0x00,
    0x60, 0xFF, 0xFF, 0xAB, 0xFC, 0xFF, 0x2F, 0x00, 0xE0, 0xFF, 0x1D, 0x00, 0x30, 0xFF, 0xBF, 0x00,
    0xF5, 0xFF, 0x02, 0x00, 0x00, 0xF7, 0xFF, 0x01, 0xF9, 0xCF, 0x00, 0x00, 0x00, 0xF1, 0xFF, 0x05,
    0xFB, 0x9F, 0x00, 0x00, 0x00, 0xE0, 0xFF, 0x07, 0xFC, 0x8F, 0x00, 0x00, 0x00, 0xD0, 0xFF, 0x07,
    0xFB, 0x9F, 0x00, 0x00, 0x00, 0xE0, 0xFF, 0x07, 0xF9, 0xCF, 0x00, 0x00, 0x00, 0xF1, 0xFF, 0x05,
    0xF5, 0xFF, 0x02, 0x00, 0x00, 0xF6, 0xFF, 0x01, 0xE0, 0xFF, 0x1D, 0x00, 0x40, 0xFF, 0xAF, 0x00,
    0x60, 0xFF, 0xFF, 0xBC, 0xFD, 0xFF, 0x2F, 0x00, 0x00, 0xF7, 0xFF, 0xFF, 0xFF, 0xEF, 0x03, 0x00,
    0x00, 0x20, 0xD9, 0xFF, 0xCE, 0x07, 0x00, 0x00, 0x00, 0x00, 0xF9, 0x8E, 0x43, 0x8F, 0x00, 0x00,
    0x00, 0x80, 0xFF, 0xFF, 0xFF, 0x3F, 0x00, 0x00, 0x00, 0xD0, 0x2D, 0xA4, 0xEF, 0x05, 0x00, 0x00,
    0x00, 0x00, 0x00, 0x00, 0x00, 0x00, 0x00, 0x00, 0x00, 0x00, 0x00, 0x00, 0x00, 0x00, 0x00, 0x00,
    0x00, 0x20, 0xD9, 0xFF, 0xCE, 0x17, 0x00, 0x00, 0x00, 0xF7, 0xFF, 0xFF, 0xFF, 0xEF, 0x03, 0x00,
    0x60, 0xFF, 0xFF, 0xAB, 0xFC, 0xFF, 0x2F, 0x00, 0xE0, 0xFF, 0x1D, 0x00, 0x30, 0xFF, 0xBF, 0x00,
    0xF5, 0xFF, 0x02, 0x00, 0x00, 0xF7, 0xFF, 0x01, 0xF9, 0xCF, 0x00, 0x00, 0x00, 0xF1, 0xFF, 0x05,
    0xFB, 0x9F, 0x00, 0x00, 0x00, 0xE0, 0xFF, 0x07, 0xFC, 0x8F, 0x00, 0x00, 0x00, 0xD0, 0xFF, 0x07,
    0xFB, 0x9F, 0x00, 0x00, 0x00, 0xE0, 0xFF, 0x07, 0xF9, 0xCF, 0x00, 0x00, 0x00, 0xF1, 0xFF, 0x05,
    0xF5, 0xFF, 0x02, 0x00, 0x00, 0xF6, 0xFF, 0x01, 0xE0, 0xFF, 0x1D, 0x00, 0x40, 0xFF, 0xAF, 0x00,
    0x60, 0xFF, 0xFF, 0xBC, 0xFD, 0xFF, 0x2F, 0x00, 0x00, 0xF7, 0xFF, 0xFF, 0xFF, 0xEF, 0x03, 0x00,
    0x00, 0x20, 0xD9, 0xFF, 0xCE, 0x07, 0x00, 0x00, 0x00, 0x00, 0xB8, 0x03, 0xB6, 0x05, 0x00, 0x00,
    0x00, 0x20, 0xFF, 0x0B, 0xFF, 0x0D, 0x00, 0x00, 0x00, 0x00, 0xFC, 0x06, 0xFA, 0x08, 0x00, 0x00,
    0x00, 0x00, 0x00, 0x00, 0x00, 0x00, 0x00, 0x00, 0x00, 0x00, 0x00, 0x00, 0x00, 0x00, 0x00, 0x00,
    0x00, 0x20, 0xD9, 0xFF, 0xCE, 0x17, 0x00, 0x00, 0x00, 0xF7, 0xFF, 0xFF, 0xFF, 0xEF, 0x03, 0x00,
    0x60, 0xFF, 0xFF, 0xAB, 0xFC, 0xFF, 0x2F, 0x00, 0xE0, 0xFF, 0x1D, 0x00, 0x30, 0xFF, 0xBF, 0x00,
    0xF5, 0xFF, 0x02, 0x00, 0x00, 0xF7, 0xFF, 0x01, 0xF9, 0xCF, 0x00, 0x00, 0x00, 0xF1, 0xFF, 0x05,
    0xFB, 0x9F, 0x00, 0x00, 0x00, 0xE0, 0xFF, 0x07, 0xFC, 0x8F, 0x00, 0x00, 0x00, 0xD0, 0xFF, 0x07,
    0xFB, 0x9F, 0x00, 0x00, 0x00, 0xE0, 0xFF, 0x07, 0xF9, 0xCF, 0x00, 0x00, 0x00, 0xF1, 0xFF, 0x05,
    0xF5, 0xFF, 0x02, 0x00, 0x00, 0xF6, 0xFF, 0x01, 0xE0, 0xFF, 0x1D, 0x00, 0x40, 0xFF, 0xAF, 0x00,
    0x60, 0xFF, 0xFF, 0xBC, 0xFD, 0xFF, 0x2F, 0x00, 0x00, 0xF7, 0xFF, 0xFF, 0xFF, 0xEF, 0x03, 0x00,
    0x00, 0x20, 0xD9, 0xFF, 0xCE, 0x07, 0x00, 0x00, 0x90, 0x06, 0x00, 0x60, 0x09, 0xF6, 0x7F, 0x00,
    0xF7, 0x6F, 0xA0, 0xFF, 0x87, 0xFF, 0x09, 0x00, 0xFA, 0xFF, 0x9F, 0x00, 0x00, 0xD0, 0xFF, 0x0C,
    0x00, 0x00, 0xF9, 0xFF, 0x8F, 0x00, 0x90, 0xFF, 0x87, 0xFF, 0x09, 0xF6, 0x7F, 0x00, 0xF7, 0x5F,
    0x90, 0x06, 0x00, 0x70, 0x09, 0x00, 0x00, 0x00, 0x00, 0x00, 0x70, 0x08, 0x00, 0x00, 0x20, 0xD9,
    0xFF, 0xCE, 0xE7, 0x3F, 0x00, 0x00, 0xF7, 0xFF, 0xFF, 0xFF, 0xFF, 0x0B, 0x00, 0x60, 0xFF, 0xFF,
    0xAB, 0xFC, 0xFF, 0x2E, 0x00, 0xE0, 0xFF, 0x1C, 0x00, 0xE1, 0xFF, 0xAF, 0x00, 0xF5, 0xFF, 0x02,
    0x00, 0xFA, 0xFF, 0xFF, 0x01, 0xF9, 0xCF, 0x00, 0x60, 0xFF, 0xF3, 0xFF, 0x05, 0xFB, 0x9F, 0x00,
    0xF2, 0x5F, 0xE0, 0xFF, 0x07, 0xFC, 0x8F, 0x00, 0xFC, 0x0A, 0xD0, 0xFF, 0x07, 0xFB, 0x9F, 0x80,
    0xEF, 0x00, 0xE0, 0xFF, 0x07, 0xF9, 0xCF, 0xF3, 0x3F, 0x00, 0xF1, 0xFF, 0x05, 0xF5, 0xFF, 0xFE,
    0x08, 0x00, 0xF6, 0xFF, 0x01, 0xE0, 0xFF, 0xCF, 0x00, 0x40, 0xFF, 0xAF, 0x00, 0x50, 0xFF, 0xFF,
    0xBC, 0xFD, 0xFF, 0x2F, 0x00, 0x00, 0xFE, 0xFF, 0xFF, 0xFF, 0xEF, 0x03, 0x00, 0x70, 0xDF, 0xD8,
    0xFF, 0xCE, 0x17, 0x00, 0x00, 0x10, 0x4A, 0x00, 0x00, 0x00, 0x00, 0x00, 0x00, 0x00, 0xA0, 0xFF,
    0x0C, 0x00, 0x00, 0x00, 0x00, 0x00, 0xF6, 0xAF, 0x00, 0x00, 0x00, 0x00, 0x00, 0x20, 0xFC, 0x09,
    0x00, 0x00, 0x00, 0x00, 0x00, 0x00, 0x00, 0x00, 0x00, 0x00, 0x00, 0x00, 0x00, 0x00, 0x00, 0x00,
    0xF3, 0xFF, 0x00, 0x00, 0x10, 0xFF, 0x1F, 0xF3, 0xFF, 0x00, 0x00, 0x10, 0xFF, 0x1F, 0xF3, 0xFF,
    0x00, 0x00, 0x10, 0xFF, 0x1F, 0xF3, 0xFF, 0x00, 0x00, 0x10, 0xFF, 0x1F, 0xF3, 0xFF, 0x00, 0x00,
    0x10, 0xFF, 0x1F, 0xF3, 0xFF, 0x00, 0x00, 0x10, 0xFF, 0x1F, 0xF3, 0xFF, 0x00, 0x00, 0x10, 0xFF,
    0x1F, 0xF3, 0xFF, 0x00, 0x00, 0x10, 0xFF, 0x1F, 0xF3, 0xFF, 0x00, 0x00, 0x10, 0xFF, 0x1F, 0xF3,
    0xFF, 0x00, 0x00, 0x10, 0xFF, 0x1F, 0xF2, 0xFF, 0x02, 0x00, 0x40, 0xFF, 0x0F, 0xE0, 0xFF, 0x0A,
    0x00, 0xC0, 0xFF, 0x0C, 0x70, 0xFF, 0xEF, 0xBB, 0xFE, 0xFF, 0x04, 0x00, 0xF9, 0xFF, 0xFF, 0xFF,
    0x7F, 0x00, 0x00, 0x40, 0xEB, 0xFF, 0x9D, 0x02, 0x00, 0x00, 0x00, 0x00, 0xD1, 0xFF, 0x08, 0x00,
    0x00, 0x00, 0x00, 0xFC, 0x5F, 0x00, 0x00, 0x00, 0x00, 0xB0, 0xCF, 0x02, 0x00, 0x00, 0x00, 0x00,
    0x00, 0x00, 0x00, 0x00, 0x00, 0x00, 0x00, 0x00, 0x00, 0x00, 0x00, 0x00, 0xF3, 0xFF, 0x00, 0x00,
    0x10, 0xFF, 0x1F, 0xF3, 0xFF, 0x00, 0x00, 0x10, 0xFF, 0x1F, 0xF3, 0xFF, 0x00, 0x00, 0x10, 0xFF,
    0x1F, 0xF3, 0xFF, 0x00, 0x00, 0x10, 0xFF, 0x1F, 0xF3, 0xFF, 0x00, 0x00, 0x10, 0xFF, 0x1F, 0xF3,
    0xFF, 0x00, 0x00, 0x10, 0xFF, 0x1F, 0xF3, 0xFF, 0x00, 0x00, 0x10, 0xFF, 0x1F, 0xF3, 0xFF, 0x00,
    0x00, 0x10, 0xFF, 0x1F, 0xF3, 0xFF, 0x00, 0x00, 0x10, 0xFF, 0x1F, 0xF3, 0xFF, 0x00, 0x00, 0x10,
    0xFF, 0x1F, 0xF2, 0xFF, 0x02, 0x00, 0x40, 0xFF, 0x0F, 0xE0, 0xFF, 0x0A, 0x00, 0xC0, 0xFF, 0x0C,
    0x70, 0xFF, 0xEF, 0xBB, 0xFE, 0xFF, 0x04, 0x00, 0xF9, 0xFF, 0xFF, 0xFF, 0x7F, 0x00, 0x00, 0x40,
    0xEB, 0xFF, 0x9D, 0x02, 0x00, 0x00, 0x00, 0xF4, 0xFF, 0x3F, 0x00, 0x00, 0x00, 0x30, 0xFF, 0xDB,
    0xEF, 0x03, 0x00, 0x00, 0xF3, 0x7F, 0x00, 0xF8, 0x2E, 0x00, 0x00, 0x00, 0x00, 0x00, 0x00, 0x00,
    0x00, 0x00, 0x00, 0x00, 0x00, 0x00, 0x00, 0x00, 0xF3, 0xFF, 0x00, 0x00, 0x10, 0xFF, 0x1F, 0xF3,
    0xFF, 0x00, 0x00, 0x10, 0xFF, 0x1F, 0xF3, 0xFF, 0x00, 0x00, 0x10, 0xFF, 0x1F, 0xF3, 0xFF, 0x00,
    0x00, 0x10, 0xFF, 0x1F, 0xF3, 0xFF, 0x00, 0x00, 0x10, 0xFF, 0x1F, 0xF3, 0xFF, 0x00, 0x00, 0x10,
    0xFF, 0x1F, 0xF3, 0xFF, 0x00, 0x00, 0x10, 0xFF, 0x1F, 0xF3, 0xFF, 0x00, 0x00, 0x10, 0xFF, 0x1F,
    0xF3, 0xFF, 0x00, 0x00, 0x10, 0xFF, 0x1F, 0xF3, 0xFF, 0x00, 0x00, 0x10, 0xFF, 0x1F, 0xF2, 0xFF,
    0x02, 0x00, 0x40, 0xFF, 0x0F, 0xE0, 0xFF, 0x0A, 0x00, 0xC0, 0xFF, 0x0C, 0x70, 0xFF, 0xEF, 0xBB,
    0xFE, 0xFF, 0x04, 0x00, 0xF9, 0xFF, 0xFF, 0xFF, 0x7F, 0x00, 0x00, 0x40, 0xEB, 0xFF, 0x9D, 0x02,
    0x00, 0x00, 0x20, 0x9B, 0x10, 0xAA, 0x01, 0x00, 0x00, 0x80, 0xFF, 0x64, 0xFF, 0x06, 0x00, 0x00,
    0x40, 0xDF, 0x21, 0xEE, 0x02, 0x00, 0x00, 0x00, 0x00, 0x00, 0x00, 0x00, 0x00, 0x00, 0x00, 0x00,
    0x00, 0x00, 0x00, 0x00, 0xF3, 0xFF, 0x00, 0x00, 0x10, 0xFF, 0x1F, 0xF3, 0xFF, 0x00, 0x00, 0x10,
    0xFF, 0x1F, 0xF3, 0xFF, 0x00, 0x00, 0x10, 0xFF, 0x1F, 0xF3, 0xFF, 0x00, 0x00, 0x10, 0xFF, 0x1F,
    0xF3, 0xFF, 0x00, 0x00, 0x10, 0xFF, 0x1F, 0xF3, 0xFF, 0x00, 0x00, 0x10, 0xFF, 0x1F, 0xF3, 0xFF,
    0x00, 0x00, 0x10, 0xFF, 0x1F, 0xF3, 0xFF, 0x00, 0x00, 0x10, 0xFF, 0x1F, 0xF3, 0xFF, 0x00, 0x00,
    0x10, 0xFF, 0x1F, 0xF3, 0xFF, 0x00, 0x00, 0x10, 0xFF, 0x1F, 0xF2, 0xFF, 0x02, 0x00, 0x40, 0xFF,
    0x0F, 0xE0, 0xFF, 0x0A, 0x00, 0xC0, 0xFF, 0x0C, 0x70, 0xFF, 0xEF, 0xBB, 0xFE, 0xFF, 0x04, 0x00,
    0xF9, 0xFF, 0xFF, 0xFF, 0x7F, 0x00, 0x00, 0x40, 0xEB, 0xFF, 0x9D, 0x02, 0x00, 0x00, 0x00, 0x00,
    0xF5, 0xEF, 0x03, 0x00, 0x00, 0x00, 0x30, 0xFF, 0x1C, 0x00, 0x00, 0x00, 0x00, 0xE2, 0x8F, 0x00,
    0x00, 0x00, 0x00, 0x00, 0x00, 0x00, 0x00, 0x00, 0x00, 0x00, 0x00, 0x00, 0x00, 0x00, 0x00, 0x00,
    0xFB, 0xBF, 0x00, 0x00, 0x90, 0xFF, 0x0D, 0xF3, 0xFF, 0x03, 0x00, 0xF1, 0xFF, 0x04, 0xA0, 0xFF,
    0x0B, 0x00, 0xF9, 0xCF, 0x00, 0x20, 0xFF, 0x3F, 0x10, 0xFF, 0x3F, 0x00, 0x00, 0xF9, 0xBF, 0x90,
    0xFF, 0x0A, 0x00, 0x00, 0xF1, 0xFF, 0xF5, 0xFF, 0x02, 0x00, 0x00, 0x80, 0xFF, 0xFF, 0x9F, 0x00,
    0x00, 0x00, 0x00, 0xFE, 0xFF, 0x1F, 0x00, 0x00, 0x00, 0x00, 0xF7, 0xFF, 0x07, 0x00, 0x00, 0x00,
    0x00, 0xF0, 0xFF, 0x02, 0x00, 0x00, 0x00, 0x00, 0xF0, 0xFF, 0x02, 0x00, 0x00, 0x00, 0x00, 0xF0,
    0xFF, 0x02, 0x00, 0x00, 0x00, 0x00, 0xF0, 0xFF, 0x02, 0x00, 0x00, 0x00, 0x00, 0xF0, 0xFF, 0x02,
    0x00, 0x00, 0x00, 0x00, 0xF0, 0xFF, 0x02, 0x00, 0x00, 0xF1, 0xFF, 0x01, 0x00, 0x00, 0x00, 0xF1,
    0xFF, 0x01, 0x00, 0x00, 0x00, 0xF1, 0xFF, 0xFF, 0xDF, 0x19, 0x00, 0xF1, 0xFF, 0xFF, 0xFF, 0xEF,
    0x02, 0xF1, 0xFF, 0x99, 0xFB, 0xFF, 0x0B, 0xF1, 0xFF, 0x01, 0x50, 0xFF, 0x1F, 0xF1, 0xFF, 0x01,
    0x00, 0xFF, 0x3F, 0xF1, 0xFF, 0x01, 0x00, 0xFF, 0x3F, 0xF1, 0xFF, 0x01, 0x60, 0xFF, 0x0F, 0xF1,
    0xFF, 0x99, 0xFC, 0xFF, 0x0A, 0xF1, 0xFF, 0xFF, 0xFF, 0xDF, 0x01, 0xF1, 0xFF, 0xFF, 0xCF, 0x07,
    0x00, 0xF1, 0xFF, 0x01, 0x00, 0x00, 0x00, 0xF1, 0xFF, 0x01, 0x00, 0x00, 0x00, 0xF1, 0xFF, 0x01,
    0x00, 0x00, 0x00, 0x00, 0x81, 0xFD, 0xEF, 0x7C, 0x01, 0x00, 0x40, 0xFF, 0xFF, 0xFF, 0xFF, 0x2E,
    0x00, 0xE0, 0xFF, 0x8E, 0xA7, 0xFF, 0xAF, 0x00, 0xF4, 0xFF, 0x01, 0x00, 0xF7, 0xCF, 0x00, 0xF5,
    0xCF, 0x00, 0x00, 0xF9, 0x8F, 0x00, 0xF5, 0xCF, 0x00, 0x90, 0xFF, 0x0C, 0x00, 0xF5, 0xCF, 0x00,
    0xFB, 0x9F, 0x00, 0x00, 0xF5, 0xCF, 0x30, 0xFF, 0x0F, 0x00, 0x00, 0xF5, 0xCF, 0x20, 0xFF, 0xCF,
    0x02, 0x00, 0xF5, 0xCF, 0x00, 0xF7, 0xFF, 0x7F, 0x00, 0xF5, 0xCF, 0x00, 0x40, 0xFD, 0xFF, 0x08,
    0xF5, 0xCF, 0x00, 0x00, 0x80, 0xFF, 0x1F, 0xF5, 0xCF, 0x00, 0x00, 0x00, 0xFF, 0x2F, 0xF5, 0xCF,
    0x90, 0x59, 0x94, 0xFF, 0x1F, 0xF5, 0xCF, 0xA0, 0xFF, 0xFF, 0xFF, 0x09, 0xF5, 0xCF, 0x50, 0xFC,
    0xFF, 0x6C, 0x00, 0x00, 0xF4, 0xFF, 0x03, 0x00, 0x00, 0x00, 0x20, 0xFD, 0x2E, 0x00, 0x00, 0x00,
    0x00, 0x90, 0xEF, 0x01, 0x00, 0x00, 0x00, 0x00, 0x00, 0x00, 0x00, 0x00, 0x93, 0xFD, 0xEF, 0x3B,
    0x00, 0x00, 0xFD, 0xFF, 0xFF, 0xFF, 0x04, 0x00, 0xE5, 0x69, 0xC5, 0xFF, 0x0D, 0x00, 0x00, 0x00,
    0x20, 0xFF, 0x1F, 0x00, 0x00, 0x00, 0x00, 0xFF, 0x1F, 0x00, 0x93, 0xEC, 0xFF, 0xFF, 0x1F, 0x60,
    0xFF, 0xFF, 0xDE, 0xFF, 0x1F, 0xF0, 0xFF, 0x09, 0x00, 0xFF, 0x1F, 0xF1, 0xFF, 0x02, 0x30, 0xFF,
    0x1F, 0xF0, 0xFF, 0x4A, 0xE6, 0xFF, 0x1F, 0x90, 0xFF, 0xFF, 0xEF, 0xFB, 0x1F, 0x00, 0xE8, 0xEF,
    0x1A, 0xF4, 0x1F, 0x00, 0x00, 0x00, 0xF8, 0xDF, 0x01, 0x00, 0x00, 0x60, 0xFF, 0x0A, 0x00, 0x00,
    0x00, 0xF4, 0x5E, 0x00, 0x00, 0x00, 0x00, 0x00, 0x00, 0x00, 0x00, 0x00, 0x93, 0xFD, 0xEF, 0x3B,
    0x00, 0x00, 0xFD, 0xFF, 0xFF, 0xFF, 0x04, 0x00, 0xE5, 0x69, 0xC5, 0xFF, 0x0D, 0x00, 0x00, 0x00,
    0x20, 0xFF, 0x1F, 0x00, 0x00, 0x00, 0x00, 0xFF, 0x1F, 0x00, 0x93, 0xEC, 0xFF, 0xFF, 0x1F, 0x60,
    0xFF, 0xFF, 0xDE, 0xFF, 0x1F, 0xF0, 0xFF, 0x09, 0x00, 0xFF, 0x1F, 0xF1, 0xFF, 0x02, 0x30, 0xFF,
    0x1F, 0xF0, 0xFF, 0x4A, 0xE6, 0xFF, 0x1F, 0x90, 0xFF, 0xFF, 0xEF, 0xFB, 0x1F, 0x00, 0xE8, 0xEF,
    0x1A, 0xF4, 0x1F, 0x00, 0x00, 0xFD, 0xFF, 0x09, 0x00, 0x00, 0xC0, 0xEF, 0xFA, 0x8F, 0x00, 0x00,
    0xFC, 0x1B, 0x40, 0xFD, 0x08, 0x00, 0x00, 0x00, 0x00, 0x00, 0x00, 0x00, 0x93, 0xFD, 0xEF, 0x3B,
    0x00, 0x00, 0xFD, 0xFF, 0xFF, 0xFF, 0x04, 0x00, 0xE5, 0x69, 0xC5, 0xFF, 0x0D, 0x00, 0x00, 0x00,
    0x20, 0xFF, 0x1F, 0x00, 0x00, 0x00, 0x00, 0xFF, 0x1F, 0x00, 0x93, 0xEC, 0xFF, 0xFF, 0x1F, 0x60,
    0xFF, 0xFF, 0xDE, 0xFF, 0x1F, 0xF0, 0xFF, 0x09, 0x00, 0xFF, 0x1F, 0xF1, 0xFF, 0x02, 0x30, 0xFF,
    0x1F, 0xF0, 0xFF, 0x4A, 0xE6, 0xFF, 0x1F, 0x90, 0xFF, 0xFF, 0xEF, 0xFB, 0x1F, 0x00, 0xE8, 0xEF,
    0x1A, 0xF4, 0x1F, 0x00, 0x90, 0xEF, 0x28, 0xF5, 0x07, 0x00, 0xF8, 0xFF, 0xFF, 0xFF, 0x02, 0x00,
    0xDD, 0x42, 0xFA, 0x5E, 0x00, 0x00, 0x00, 0x00, 0x00, 0x00, 0x00, 0x00, 0x93, 0xFD, 0xEF, 0x3B,
    0x00, 0x00, 0xFD, 0xFF, 0xFF, 0xFF, 0x04, 0x00, 0xE5, 0x69, 0xC5, 0xFF, 0x0D, 0x00, 0x00, 0x00,
    0x20, 0xFF, 0x1F, 0x00, 0x00, 0x00, 0x00, 0xFF, 0x1F, 0x00, 0x93, 0xEC, 0xFF, 0xFF, 0x1F, 0x60,
    0xFF, 0xFF, 0xDE, 0xFF, 0x1F, 0xF0, 0xFF, 0x09, 0x00, 0xFF, 0x1F, 0xF1, 0xFF, 0x02, 0x30, 0xFF,
    0x1F, 0xF0, 0xFF, 0x4A, 0xE6, 0xFF, 0x1F, 0x90, 0xFF, 0xFF, 0xEF, 0xFB, 0x1F, 0x00, 0xE8, 0xEF,
    0x1A, 0xF4, 0x1F, 0x00, 0x80, 0x3B, 0x70, 0x4B, 0x00, 0x00, 0xF2, 0xAF, 0xF0, 0xDF, 0x00, 0x00,
    0xC0, 0x5F, 0xB0, 0x7F, 0x00, 0x00, 0x00, 0x00, 0x00, 0x00, 0x00, 0x00, 0x93, 0xFD, 0xEF, 0x3B,
    0x00, 0x00, 0xFD, 0xFF, 0xFF, 0xFF, 0x04, 0x00, 0xE5, 0x69, 0xC5, 0xFF, 0x0D, 0x00, 0x00, 0x00,
    0x20, 0xFF, 0x1F, 0x00, 0x00, 0x00, 0x00, 0xFF, 0x1F, 0x00, 0x93, 0xEC, 0xFF, 0xFF, 0x1F, 0x60,
    0xFF, 0xFF, 0xDE, 0xFF, 0x1F, 0xF0, 0xFF, 0x09, 0x00, 0xFF, 0x1F, 0xF1, 0xFF, 0x02, 0x30, 0xFF,
    0x1F, 0xF0, 0xFF, 0x4A, 0xE6, 0xFF, 0x1F, 0x90, 0xFF, 0xFF, 0xEF, 0xFB, 0x1F, 0x00, 0xE8, 0xEF,
    0x1A, 0xF4, 0x1F, 0x00, 0x00, 0x10, 0x03, 0x00, 0x00, 0x00, 0x00, 0xF7, 0xFF, 0x04, 0x00, 0x00,
    0x10, 0xBF, 0xE4, 0x0D, 0x00, 0x00, 0x20, 0x7F, 0xB0, 0x0E, 0x00, 0x00, 0x00, 0xFD, 0xFC, 0x0A,
    0x00, 0x00, 0x00, 0x92, 0x8B, 0x00, 0x00, 0x00, 0x00, 0x00, 0x00, 0x00, 0x00, 0x00, 0x93, 0xFD,
    0xEF, 0x3B, 0x00, 0x00, 0xFD, 0xFF, 0xFF, 0xFF, 0x04, 0x00, 0xE5, 0x69, 0xC5, 0xFF, 0x0D, 0x00,
    0x00, 0x00, 0x20, 0xFF, 0x1F, 0x00, 0x00, 0x00, 0x00, 0xFF, 0x1F, 0x00, 0x93, 0xEC, 0xFF, 0xFF,
    0x1F, 0x60, 0xFF, 0xFF, 0xDE, 0xFF, 0x1F, 0xF0, 0xFF, 0x09, 0x00, 0xFF, 0x1F, 0xF1, 0xFF, 0x02,
    0x30, 0xFF, 0x1F, 0xF0, 0xFF, 0x4A, 0xE6, 0xFF, 0x1F, 0x90, 0xFF, 0xFF, 0xEF, 0xFB, 0x1F, 0x00,
    0xE8, 0xEF, 0x1A, 0xF4, 0x1F, 0x00, 0x93, 0xFD, 0xEF, 0x19, 0xB3, 0xFE, 0x9E, 0x01, 0x00, 0x00,
    0xFD, 0xFF, 0xFF, 0xEF, 0xFF, 0xFF, 0xFF, 0x2E, 0x00, 0x00, 0xE5, 0x58, 0xC5, 0xFF, 0xEF, 0x36,
    0xF9, 0xBF, 0x00, 0x00, 0x00, 0x00, 0x30, 0xFF, 0x5F, 0x00, 0xD0, 0xFF, 0x01, 0x00, 0x60, 0xBA,
    0xDC, 0xFF, 0x2F, 0x11, 0xA1, 0xFF, 0x04, 0x30, 0xFE, 0xFF, 0xFF, 0xFF, 0xFF, 0xFF, 0xFF, 0xFF,
    0x05, 0xD0, 0xFF, 0x3C, 0x31, 0xFF, 0xFF, 0xFF, 0xFF, 0xFF, 0x05, 0xF1, 0xFF, 0x03, 0x30, 0xFF,
    0x0F, 0x00, 0x00, 0x00, 0x00, 0xF1, 0xFF, 0x02, 0x80, 0xFF, 0x6F, 0x00, 0x00, 0x10, 0x00, 0xE0,
    0xFF, 0x4A, 0xF8, 0xFF, 0xFF, 0x59, 0x85, 0xBC, 0x00, 0x70, 0xFF, 0xFF, 0xFF, 0x59, 0xFF, 0xFF,
    0xFF, 0xBF, 0x00, 0x00, 0xD7, 0xFF, 0x5C, 0x00, 0xA2, 0xFE, 0xDF, 0x3A, 0x00, 0x00, 0x40, 0xEB,
    0xFF, 0x7C, 0x00, 0x00, 0xF8, 0xFF, 0xFF, 0xDF, 0x00, 0x40, 0xFF, 0xCF, 0xA8, 0x7E, 0x00, 0xB0,
    0xFF, 0x0B, 0x00, 0x00, 0x00, 0xE0, 0xFF, 0x04, 0x00, 0x00, 0x00, 0xF0, 0xFF, 0x02, 0x00, 0x00,
    0x00, 0xF0, 0xFF, 0x02, 0x00, 0x00, 0x00, 0xF0, 0xFF, 0x04, 0x00, 0x00, 0x00, 0xC0, 0xFF, 0x0B,
    0x00, 0x30, 0x00, 0x60, 0xFF, 0xCF, 0x98, 0xCD, 0x00, 0x00, 0xFB, 0xFF, 0xFF, 0xCF, 0x00, 0x00,
    0x60, 0xFC, 0xEF, 0x4B, 0x00, 0x00, 0x00, 0xF1, 0x2F, 0x00, 0x00, 0x00, 0x00, 0xD4, 0xFF, 0x03,
    0x00, 0x00, 0x00, 0x00, 0xFF, 0x08, 0x00, 0x00, 0x10, 0xCD, 0xFF, 0x05, 0x00, 0x00, 0x10, 0xFE,
    0x9E, 0x00, 0x00, 0x00, 0xF6, 0xFF, 0x02, 0x00, 0x00, 0x00, 0x30, 0xFE, 0x1D, 0x00, 0x00, 0x00,
    0x00, 0xA1, 0xDF, 0x00, 0x00, 0x00, 0x00, 0x00, 0x00, 0x00, 0x00, 0x00, 0x40, 0xEB, 0xEF, 0x2A,
    0x00, 0x00, 0xF7, 0xFF, 0xFF, 0xFF, 0x03, 0x30, 0xFF, 0x7F, 0x83, 0xFF, 0x0D, 0xA0, 0xFF, 0x08,
    0x00, 0xFB, 0x4F, 0xE0, 0xFF, 0x14, 0x11, 0xF8, 0x6F, 0xF0, 0xFF, 0xFF, 0xFF, 0xFF, 0x7F, 0xF0,
    0xFF, 0xFF, 0xFF, 0xFF, 0x8F, 0xF0, 0xFF, 0x02, 0x00, 0x00, 0x00, 0xB0, 0xFF, 0x09, 0x00, 0x00,
    0x01, 0x30, 0xFF, 0xAF, 0x55, 0xB7, 0x0D, 0x00, 0xF6, 0xFF, 0xFF, 0xFF, 0x0D, 0x00, 0x30, 0xEA,
    0xFF, 0xBE, 0x05, 0x00, 0x00, 0x00, 0xFA, 0xCF, 0x01, 0x00, 0x00, 0x80, 0xFF, 0x08, 0x00, 0x00,
    0x00, 0xF6, 0x4E, 0x00, 0x00, 0x00, 0x00, 0x00, 0x00, 0x00, 0x00, 0x00, 0x40, 0xEB, 0xEF, 0x2A,
    0x00, 0x00, 0xF7, 0xFF, 0xFF, 0xFF, 0x03, 0x30, 0xFF, 0x7F, 0x83, 0xFF, 0x0D, 0xA0, 0xFF, 0x08,
    0x00, 0xFB, 0x4F, 0xE0, 0xFF, 0x14, 0x11, 0xF8, 0x6F, 0xF0, 0xFF, 0xFF, 0xFF, 0xFF, 0x7F, 0xF0,
    0xFF, 0xFF, 0xFF, 0xFF, 0x8F, 0xF0, 0xFF, 0x02, 0x00, 0x00, 0x00, 0xB0, 0xFF, 0x09, 0x00, 0x00,
    0x01, 0x30, 0xFF, 0xAF, 0x55, 0xB7, 0x0D, 0x00, 0xF6, 0xFF, 0xFF, 0xFF, 0x0D, 0x00, 0x30, 0xEA,
    0xFF, 0xBE, 0x05, 0x00, 0x10, 0xFE, 0xFF, 0x07, 0x00, 0x00, 0xD1, 0xEF, 0xFA, 0x6F, 0x00, 0x10,
    0xFD, 0x19, 0x50, 0xFE, 0x06, 0x00, 0x00, 0x00, 0x00, 0x00, 0x00, 0x00, 0x40, 0xEB, 0xEF, 0x2A,
    0x00, 0x00, 0xF7, 0xFF, 0xFF, 0xFF, 0x03, 0x30, 0xFF, 0x7F, 0x83, 0xFF, 0x0D, 0xA0, 0xFF, 0x08,
    0x00, 0xFB, 0x4F, 0xE0, 0xFF, 0x14, 0x11, 0xF8, 0x6F, 0xF0, 0xFF, 0xFF, 0xFF, 0xFF, 0x7F, 0xF0,
    0xFF, 0xFF, 0xFF, 0xFF, 0x8F, 0xF0, 0xFF, 0x02, 0x00, 0x00, 0x00, 0xB0, 0xFF, 0x09, 0x00, 0x00,
    0x01, 0x30, 0xFF, 0xAF, 0x55, 0xB7, 0x0D, 0x00, 0xF6, 0xFF, 0xFF, 0xFF, 0x0D, 0x00, 0x30, 0xEA,
    0xFF, 0xBE, 0x05, 0x00, 0x90, 0x2A, 0x80, 0x3B, 0x00, 0x00, 0xF4, 0x8F, 0xF2, 0xBF, 0x00, 0x00,
    0xD1, 0x4E, 0xC0, 0x6F, 0x00, 0x00, 0x00, 0x00, 0x00, 0x00, 0x00, 0x00, 0x40, 0xEB, 0xEF, 0x2A,
    0x00, 0x00, 0xF7, 0xFF, 0xFF, 0xFF, 0x03, 0x30, 0xFF, 0x7F, 0x83, 0xFF, 0x0D, 0xA0, 0xFF, 0x08,
    0x00, 0xFB, 0x4F, 0xE0, 0xFF, 0x14, 0x11, 0xF8, 0x6F, 0xF0, 0xFF, 0xFF, 0xFF, 0xFF, 0x7F, 0xF0,
    0xFF, 0xFF, 0xFF, 0xFF, 0x8F, 0xF0, 0xFF, 0x02, 0x00, 0x00, 0x00, 0xB0, 0xFF, 0x09, 0x00, 0x00,
    0x01, 0x30, 0xFF, 0xAF, 0x55, 0xB7, 0x0D, 0x00, 0xF6, 0xFF, 0xFF, 0xFF, 0x0D, 0x00, 0x30, 0xEA,
    0xFF, 0xBE, 0x05, 0xF6, 0xFF, 0x02, 0x00, 0x30, 0xFE, 0x1D, 0x00, 0x00, 0xA1, 0xDF, 0x00, 0x00,
    0x00, 0x00, 0x00, 0x00, 0xF5, 0xCF, 0x00, 0x00, 0xF5, 0xCF, 0x00, 0x00, 0xF5, 0xCF, 0x00, 0x00,
    0xF5, 0xCF, 0x00, 0x00, 0xF5, 0xCF, 0x00, 0x00, 0xF5, 0xCF, 0x00, 0x00, 0xF5, 0xCF, 0x00, 0x00,
    0xF5, 0xCF, 0x00, 0x00, 0xF5, 0xCF, 0x00, 0x00, 0xF5, 0xCF, 0x00, 0x00, 0xF5, 0xCF, 0x00, 0x00,
    0xF5, 0xCF, 0x00, 0x00, 0xFA, 0xCF, 0x01, 0x80, 0xFF, 0x08, 0x00, 0xF6, 0x4E, 0x00, 0x00, 0x00,
    0x00, 0x00, 0x00, 0xF5, 0xCF, 0x00, 0x00, 0xF5, 0xCF, 0x00, 0x00, 0xF5, 0xCF, 0x00, 0x00, 0xF5,
    0xCF, 0x00, 0x00, 0xF5, 0xCF, 0x00, 0x00, 0xF5, 0xCF, 0x00, 0x00, 0xF5, 0xCF, 0x00, 0x00, 0xF5,
    0xCF, 0x00, 0x00, 0xF5, 0xCF, 0x00, 0x00, 0xF5, 0xCF, 0x00, 0x00, 0xF5, 0xCF, 0x00, 0x00, 0xF5,
    0xCF, 0x00, 0x00, 0x00, 0xE1, 0xFF, 0x7F, 0x00, 0x10, 0xFD, 0xAE, 0xFF, 0x06, 0xD1, 0x9F, 0x01,
    0xE5, 0x6F, 0x00, 0x00, 0x00, 0x00, 0x00, 0x00, 0x50, 0xFF, 0x0C, 0x00, 0x00, 0x50, 0xFF, 0x0C,
    0x00, 0x00, 0x50, 0xFF, 0x0C, 0x00, 0x00, 0x50, 0xFF, 0x0C, 0x00, 0x00, 0x50, 0xFF, 0x0C, 0x00,
    0x00, 0x50, 0xFF, 0x0C, 0x00, 0x00, 0x50, 0xFF, 0x0C, 0x00, 0x00, 0x50, 0xFF, 0x0C, 0x00, 0x00,
    0x50, 0xFF, 0x0C, 0x00, 0x00, 0x50, 0xFF, 0x0C, 0x00, 0x00, 0x50, 0xFF, 0x0C, 0x00, 0x00, 0x50,
    0xFF, 0x0C, 0x00, 0x90, 0x2A, 0x80, 0x3B, 0xF4, 0x8F, 0xF2, 0xBF, 0xD1, 0x4E, 0xC0, 0x6F, 0x00,
    0x00, 0x00, 0x00, 0x00, 0xF5, 0xCF, 0x00, 0x00, 0xF5, 0xCF, 0x00, 0x00, 0xF5, 0xCF, 0x00, 0x00,
    0xF5, 0xCF, 0x00, 0x00, 0xF5, 0xCF, 0x00, 0x00, 0xF5, 0xCF, 0x00, 0x00, 0xF5, 0xCF, 0x00, 0x00,
    0xF5, 0xCF, 0x00, 0x00, 0xF5, 0xCF, 0x00, 0x00, 0xF5, 0xCF, 0x00, 0x00, 0xF5, 0xCF, 0x00, 0x00,
    0xF5, 0xCF, 0x00, 0x00, 0x00, 0x98, 0x01, 0xC4, 0x01, 0x00, 0x00, 0x20, 0xFF, 0xBF, 0xFF, 0x07,
    0x00, 0x00, 0x00, 0xF5, 0xFF, 0x6F, 0x00, 0x00, 0x00, 0x20, 0xFB, 0xFF, 0xBF, 0x00, 0x00, 0x00,
    0x30, 0xDF, 0xC4, 0xFF, 0x08, 0x00, 0x00, 0x00, 0x05, 0x10, 0xFE, 0x1F, 0x00, 0x00, 0x70, 0xFD,
    0xCF, 0xFA, 0x7F, 0x00, 0x00, 0xFC, 0xFF, 0xFF, 0xFF, 0xCF, 0x00, 0x80, 0xFF, 0x7F, 0x85, 0xFF,
    0xFF, 0x00, 0xE0, 0xFF, 0x06, 0x00, 0xF6, 0xFF, 0x00, 0xF0, 0xFF, 0x02, 0x00, 0xF2, 0xFF, 0x00,
    0xF0, 0xFF, 0x02, 0x00, 0xF3, 0xFF, 0x00, 0xD0, 0xFF, 0x07, 0x00, 0xF7, 0xBF, 0x00, 0x70, 0xFF,
    0x8F, 0x85, 0xFF, 0x3F, 0x00, 0x00, 0xFA, 0xFF, 0xFF, 0xFF, 0x07, 0x00, 0x00, 0x50, 0xEB, 0xEF,
    0x4B, 0x00, 0x00, 0x00, 0xD3, 0xCF, 0x25, 0xFA, 0x01, 0x00, 0xFE, 0xFF, 0xFF, 0xCF, 0x00, 0x40,
    0x8F, 0x72, 0xFD, 0x1B, 0x00, 0x00, 0x00, 0x00, 0x00, 0x00, 0x00, 0xF5, 0x2F, 0xB3, 0xFF, 0x6D,
    0x00, 0xF5, 0xAF, 0xFF, 0xFF, 0xFF, 0x07, 0xF5, 0xFF, 0x9F, 0xE8, 0xFF, 0x0F, 0xF5, 0xFF, 0x05,
    0x30, 0xFF, 0x2F, 0xF5, 0xFF, 0x00, 0x00, 0xFF, 0x3F, 0xF5, 0xCF, 0x00, 0x00, 0xFE, 0x3F, 0xF5,
    0xCF, 0x00, 0x00, 0xFE, 0x3F, 0xF5, 0xCF, 0x00, 0x00, 0xFE, 0x3F, 0xF5, 0xCF, 0x00, 0x00, 0xFE,
    0x3F, 0xF5, 0xCF, 0x00, 0x00, 0xFE, 0x3F, 0xF5, 0xCF, 0x00, 0x00, 0xFE, 0x3F, 0xF5, 0xCF, 0x00,
    0x00, 0xFE, 0x3F, 0x00, 0xE3, 0xFF, 0x06, 0x00, 0x00, 0x00, 0x00, 0x10, 0xFB, 0x4F, 0x00, 0x00,
    0x00, 0x00, 0x00, 0x70, 0xFF, 0x03, 0x00, 0x00, 0x00, 0x00, 0x00, 0x00, 0x00, 0x00, 0x00, 0x00,
    0x40, 0xEB, 0xEF, 0x3A, 0x00, 0x00, 0x00, 0xF7, 0xFF, 0xFF, 0xFF, 0x06, 0x00, 0x30, 0xFF, 0xBF,
    0xB8, 0xFF, 0x3F, 0x00, 0xA0, 0xFF, 0x0A, 0x00, 0xFA, 0xAF, 0x00, 0xE0, 0xFF, 0x04, 0x00, 0xF4,
    0xEF, 0x00, 0xF0, 0xFF, 0x02, 0x00, 0xF2, 0xFF, 0x00, 0xF0, 0xFF, 0x02, 0x00, 0xF2, 0xFF, 0x00,
    0xE0, 0xFF, 0x04, 0x00, 0xF4, 0xEF, 0x00, 0xA0, 0xFF, 0x0A, 0x00, 0xFA, 0xAF, 0x00, 0x30, 0xFF,
    0xBF, 0xB8, 0xFF, 0x3F, 0x00, 0x00, 0xF6, 0xFF, 0xFF, 0xFF, 0x07, 0x00, 0x00, 0x30, 0xEA, 0xEF,
    0x4B, 0x00, 0x00, 0x00, 0x00, 0x00, 0xF5, 0xEF, 0x03, 0x00, 0x00, 0x00, 0x30, 0xFF, 0x1C, 0x00,
    0x00, 0x00, 0x00, 0xF2, 0x7F, 0x00, 0x00, 0x00, 0x00, 0x00, 0x00, 0x00, 0x00, 0x00, 0x00, 0x00,
    0x40, 0xEB, 0xEF, 0x3A, 0x00, 0x00, 0x00, 0xF7, 0xFF, 0xFF, 0xFF, 0x06, 0x00, 0x30, 0xFF, 0xBF,
    0xB8, 0xFF, 0x3F, 0x00, 0xA0, 0xFF, 0x0A, 0x00, 0xFA, 0xAF, 0x00, 0xE0, 0xFF, 0x04, 0x00, 0xF4,
    0xEF, 0x00, 0xF0, 0xFF, 0x02, 0x00, 0xF2, 0xFF, 0x00, 0xF0, 0xFF, 0x02, 0x00, 0xF2, 0xFF, 0x00,
    0xE0, 0xFF, 0x04, 0x00, 0xF4, 0xEF, 0x00, 0xA0, 0xFF, 0x0A, 0x00, 0xFA, 0xAF, 0x00, 0x30, 0xFF,
    0xBF, 0xB8, 0xFF, 0x3F, 0x00, 0x00, 0xF6, 0xFF, 0xFF, 0xFF, 0x07, 0x00, 0x00, 0x30, 0xEA, 0xEF,
    0x4B, 0x00, 0x00, 0x00, 0x00, 0xFB, 0xFF, 0x0B, 0x00, 0x00, 0x00, 0x90, 0xFF, 0xF9, 0xAF, 0x00,
    0x00, 0x00, 0xF9, 0x3C, 0x20, 0xFC, 0x0A, 0x00, 0x00, 0x00, 0x00, 0x00, 0x00, 0x00, 0x00, 0x00,
    0x40, 0xEB, 0xEF, 0x3A, 0x00, 0x00, 0x00, 0xF7, 0xFF, 0xFF, 0xFF, 0x06, 0x00, 0x30, 0xFF, 0xBF,
    0xB8, 0xFF, 0x3F, 0x00, 0xA0, 0xFF, 0x0A, 0x00, 0xFA, 0xAF, 0x00, 0xE0, 0xFF, 0x04, 0x00, 0xF4,
    0xEF, 0x00, 0xF0, 0xFF, 0x02, 0x00, 0xF2, 0xFF, 0x00, 0xF0, 0xFF, 0x02, 0x00, 0xF2, 0xFF, 0x00,
    0xE0, 0xFF, 0x04, 0x00, 0xF4, 0xEF, 0x00, 0xA0, 0xFF, 0x0A, 0x00, 0xFA, 0xAF, 0x00, 0x30, 0xFF,
    0xBF, 0xB8, 0xFF, 0x3F, 0x00, 0x00, 0xF6, 0xFF, 0xFF, 0xFF, 0x07, 0x00, 0x00, 0x30, 0xEA, 0xEF,
    0x4B, 0x00, 0x00, 0x00, 0x80, 0xEE, 0x39, 0xF3, 0x0A, 0x00, 0x00, 0xF5, 0xFF, 0xFF, 0xFF, 0x05,
    0x00, 0x00, 0xFA, 0x33, 0xF9, 0x7E, 0x00, 0x00, 0x00, 0x00, 0x00, 0x00, 0x00, 0x00, 0x00, 0x00,
    0x40, 0xEB, 0xEF, 0x3A, 0x00, 0x00, 0x00, 0xF7, 0xFF, 0xFF, 0xFF, 0x06, 0x00, 0x30, 0xFF, 0xBF,
    0xB8, 0xFF, 0x3F, 0x00, 0xA0, 0xFF, 0x0A, 0x00, 0xFA, 0xAF, 0x00, 0xE0, 0xFF, 0x04, 0x00, 0xF4,
    0xEF, 0x00, 0xF0, 0xFF, 0x02, 0x00, 0xF2, 0xFF, 0x00, 0xF0, 0xFF, 0x02, 0x00, 0xF2, 0xFF, 0x00,
    0xE0, 0xFF, 0x04, 0x00, 0xF4, 0xEF, 0x00, 0xA0, 0xFF, 0x0A, 0x00, 0xFA, 0xAF, 0x00, 0x30, 0xFF,
    0xBF, 0xB8, 0xFF, 0x3F, 0x00, 0x00, 0xF6, 0xFF, 0xFF, 0xFF, 0x07, 0x00, 0x00, 0x30, 0xEA, 0xEF,
    0x4B, 0x00, 0x00, 0x00, 0x60, 0x4B, 0x50, 0x6B, 0x00, 0x00, 0x00, 0xF0, 0xDF, 0xD0, 0xFF, 0x00,
    0x00, 0x00, 0xA0, 0x8F, 0x80, 0xAF, 0x00, 0x00, 0x00, 0x00, 0x00, 0x00, 0x00, 0x00, 0x00, 0x00,
    0x40, 0xEB, 0xEF, 0x3A, 0x00, 0x00, 0x00, 0xF7, 0xFF, 0xFF, 0xFF, 0x06, 0x00, 0x30, 0xFF, 0xBF,
    0xB8, 0xFF, 0x3F, 0x00, 0xA0, 0xFF, 0x0A, 0x00, 0xFA, 0xAF, 0x00, 0xE0, 0xFF, 0x04, 0x00, 0xF4,
    0xEF, 0x00, 0xF0, 0xFF, 0x02, 0x00, 0xF2, 0xFF, 0x00, 0xF0, 0xFF, 0x02, 0x00, 0xF2, 0xFF, 0x00,
    0xE0, 0xFF, 0x04, 0x00, 0xF4, 0xEF, 0x00, 0xA0, 0xFF, 0x0A, 0x00, 0xFA, 0xAF, 0x00, 0x30, 0xFF,
    0xBF, 0xB8, 0xFF, 0x3F, 0x00, 0x00, 0xF6, 0xFF, 0xFF, 0xFF, 0x07, 0x00, 0x00, 0x30, 0xEA, 0xEF,
    0x4B, 0x00, 0x00, 0x00, 0x00, 0x30, 0x03, 0x00, 0x00, 0x00, 0x00, 0xF4, 0x4F, 0x00, 0x00, 0x00,
    0x00, 0xF6, 0x5F, 0x00, 0x00, 0x00, 0x00, 0xA1, 0x0A, 0x00, 0x00, 0x30, 0x33, 0x33, 0x33, 0x33,
    0x03, 0xF1, 0xFF, 0xFF, 0xFF, 0xFF, 0x1F, 0xF1, 0xFF, 0xFF, 0xFF, 0xFF, 0x1F, 0x00, 0x00, 0x00,
    0x00, 0x00, 0x00, 0x00, 0x00, 0xE2, 0x2E, 0x00, 0x00, 0x00, 0x00, 0xF6, 0x6F, 0x00, 0x00, 0x00,
    0x00, 0xF3, 0x2F, 0x00, 0x00, 0x00, 0x00, 0x00, 0x00, 0x00, 0x00, 0x00, 0x00, 0x00, 0x00, 0x80,
    0x06, 0x00, 0x00, 0x40, 0xEB, 0xEF, 0xEA, 0x1F, 0x00, 0x00, 0xF7, 0xFF, 0xFF, 0xFF, 0x0B, 0x00,
    0x40, 0xFF, 0xBF, 0xD8, 0xFF, 0x3F, 0x00, 0xB0, 0xFF, 0x0A, 0xD0, 0xFF, 0xAF, 0x00, 0xF0, 0xFF,
    0x04, 0xF9, 0xFE, 0xEF, 0x00, 0xF0, 0xFF, 0x32, 0xFF, 0xF4, 0xFF, 0x00, 0xF0, 0xFF, 0xD2, 0x6F,
    0xF2, 0xFF, 0x00, 0xE0, 0xFF, 0xFC, 0x0C, 0xF4, 0xEF, 0x00, 0xA0, 0xFF, 0xFF, 0x02, 0xFA, 0xAF,
    0x00, 0x30, 0xFF, 0xDF, 0xB8, 0xFF, 0x3F, 0x00, 0x00, 0xFA, 0xFF, 0xFF, 0xFF, 0x07, 0x00, 0x00,
    0xFE, 0xEB, 0xEF, 0x3B, 0x00, 0x00, 0x00, 0x96, 0x00, 0x00, 0x00, 0x00, 0x00, 0x00, 0xFA, 0xCF,
    0x00, 0x00, 0x00, 0x00, 0x60, 0xFF, 0x0A, 0x00, 0x00, 0x00, 0x00, 0xD2, 0x8F, 0x00, 0x00, 0x00,
    0x00, 0x00, 0x00, 0x00, 0x00, 0xF6, 0xBF, 0x00, 0x00, 0xFF, 0x2F, 0xF6, 0xBF, 0x00, 0x00, 0xFF,
    0x2F, 0xF6, 0xBF, 0x00, 0x00, 0xFF, 0x2F, 0xF6, 0xBF, 0x00, 0x00, 0xFF, 0x2F, 0xF6, 0xBF, 0x00,
    0x00, 0xFF, 0x2F, 0xF6, 0xBF, 0x00, 0x00, 0xFF, 0x2F, 0xF6, 0xBF, 0x00, 0x00, 0xFF, 0x2F, 0xF6,
    0xBF, 0x00, 0x20, 0xFF, 0x2F, 0xF5, 0xEF, 0x00, 0x80, 0xFF, 0x2F, 0xF2, 0xFF, 0x8C, 0xFA, 0xFF,
    0x2F, 0xA0, 0xFF, 0xFF, 0xEF, 0xFB, 0x2F, 0x00, 0xE8, 0xEF, 0x2A, 0xF5, 0x2F, 0x00, 0x00, 0x10,
    0xFD, 0x8F, 0x00, 0x00, 0x00, 0xC0, 0xEF, 0x05, 0x00, 0x00, 0x00, 0xFB, 0x1B, 0x00, 0x00, 0x00,
    0x00, 0x00, 0x00, 0x00, 0x00, 0xF6, 0xBF, 0x00, 0x00, 0xFF, 0x2F, 0xF6, 0xBF, 0x00, 0x00, 0xFF,
    0x2F, 0xF6, 0xBF, 0x00, 0x00, 0xFF, 0x2F, 0xF6, 0xBF, 0x00, 0x00, 0xFF, 0x2F, 0xF6, 0xBF, 0x00,
    0x00, 0xFF, 0x2F, 0xF6, 0xBF, 0x00, 0x00, 0xFF, 0x2F, 0xF6, 0xBF, 0x00, 0x00, 0xFF, 0x2F, 0xF6,
    0xBF, 0x00, 0x20, 0xFF, 0x2F, 0xF5, 0xEF, 0x00, 0x80, 0xFF, 0x2F, 0xF2, 0xFF, 0x8C, 0xFA, 0xFF,
    0x2F, 0xA0, 0xFF, 0xFF, 0xEF, 0xFB, 0x2F, 0x00, 0xE8, 0xEF, 0x2A, 0xF5, 0x2F, 0x00, 0x40, 0xFF,
    0xFF, 0x03, 0x00, 0x00, 0xF4, 0xBF, 0xFD, 0x2E, 0x00, 0x40, 0xFF, 0x06, 0x80, 0xEF, 0x02, 0x00,
    0x00, 0x00, 0x00, 0x00, 0x00, 0xF6, 0xBF, 0x00, 0x00, 0xFF, 0x2F, 0xF6, 0xBF, 0x00, 0x00, 0xFF,
    0x2F, 0xF6, 0xBF, 0x00, 0x00, 0xFF, 0x2F, 0xF6, 0xBF, 0x00, 0x00, 0xFF, 0x2F, 0xF6, 0xBF, 0x00,
    0x00, 0xFF, 0x2F, 0xF6, 0xBF, 0x00, 0x00, 0xFF, 0x2F, 0xF6, 0xBF, 0x00, 0x00, 0xFF, 0x2F, 0xF6,
    0xBF, 0x00, 0x20, 0xFF, 0x2F, 0xF5, 0xEF, 0x00, 0x80, 0xFF, 0x2F, 0xF2, 0xFF, 0x8C, 0xFA, 0xFF,
    0x2F, 0xA0, 0xFF, 0xFF, 0xEF, 0xFB, 0x2F, 0x00, 0xE8, 0xEF, 0x2A, 0xF5, 0x2F, 0x00, 0xB2, 0x09,
    0xA1, 0x1A, 0x00, 0x00, 0xF9, 0x3F, 0xF7, 0x6F, 0x00, 0x00, 0xF5, 0x0D, 0xE3, 0x2E, 0x00, 0x00,
    0x00, 0x00, 0x00, 0x00, 0x00, 0xF6, 0xBF, 0x00, 0x00, 0xFF, 0x2F, 0xF6, 0xBF, 0x00, 0x00, 0xFF,
    0x2F, 0xF6, 0xBF, 0x00, 0x00, 0xFF, 0x2F, 0xF6, 0xBF, 0x00, 0x00, 0xFF, 0x2F, 0xF6, 0xBF, 0x00,
    0x00, 0xFF, 0x2F, 0xF6, 0xBF, 0x00, 0x00, 0xFF, 0x2F, 0xF6, 0xBF, 0x00, 0x00, 0xFF, 0x2F, 0xF6,
    0xBF, 0x00, 0x20, 0xFF, 0x2F, 0xF5, 0xEF, 0x00, 0x80, 0xFF, 0x2F, 0xF2, 0xFF, 0x8C, 0xFA, 0xFF,
    0x2F, 0xA0, 0xFF, 0xFF, 0xEF, 0xFB, 0x2F, 0x00, 0xE8, 0xEF, 0x2A, 0xF5, 0x2F, 0x00, 0x00, 0x00,
    0xFD, 0x9F, 0x00, 0x00, 0x00, 0xB0, 0xFF, 0x05, 0x00, 0x00, 0x00, 0xFA, 0x2C, 0x00, 0x00, 0x00,
    0x00, 0x00, 0x00, 0x00, 0x00, 0xFC, 0x9F, 0x00, 0x00, 0xF9, 0xCF, 0xF6, 0xEF, 0x00, 0x00, 0xFE,
    0x6F, 0xF1, 0xFF, 0x03, 0x30, 0xFF, 0x1F, 0xA0, 0xFF, 0x09, 0x80, 0xFF, 0x0A, 0x40, 0xFF, 0x0E,
    0xD0, 0xFF, 0x05, 0x00, 0xFD, 0x3F, 0xF2, 0xEF, 0x00, 0x00, 0xF7, 0x8F, 0xF7, 0x9F, 0x00, 0x00,
    0xF1, 0xCF, 0xFC, 0x3F, 0x00, 0x00, 0xB0, 0xFF, 0xFF, 0x0D, 0x00, 0x00, 0x50, 0xFF, 0xFF, 0x07,
    0x00, 0x00, 0x00, 0xFE, 0xFF, 0x02, 0x00, 0x00, 0x00, 0xF9, 0xCF, 0x00, 0x00, 0x00, 0x00, 0xFB,
    0x6F, 0x00, 0x00, 0x00, 0x40, 0xFF, 0x0F, 0x00, 0x00, 0x82, 0xF9, 0xFF, 0x08, 0x00, 0x00, 0xF4,
    0xFF, 0xCF, 0x00, 0x00, 0x00, 0xF3, 0xDF, 0x07, 0x00, 0x00, 0x00, 0xF5, 0xCF, 0x00, 0x00, 0x00,
    0x00, 0xF5, 0xCF, 0x00, 0x00, 0x00, 0x00, 0xF5, 0xCF, 0x00, 0x00, 0x00, 0x00, 0xF5, 0xCF, 0x00,
    0x00, 0x00, 0x00, 0xF5, 0xBF, 0xB2, 0xFF, 0x2B, 0x00, 0xF5, 0xDF, 0xFF, 0xFF, 0xFF, 0x02, 0xF5,
    0xFF, 0x9E, 0xF9, 0xFF, 0x0B, 0xF5, 0xFF, 0x03, 0x50, 0xFF, 0x1F, 0xF5, 0xEF, 0x00, 0x00, 0xFF,
    0x4F, 0xF5, 0xCF, 0x00, 0x00, 0xFD, 0x5F, 0xF5, 0xCF, 0x00, 0x00, 0xFD, 0x5F, 0xF5, 0xEF, 0x00,
    0x00, 0xFF, 0x3F, 0xF5, 0xFF, 0x04, 0x50, 0xFF, 0x1F, 0xF5, 0xFF, 0x9F, 0xF9, 0xFF, 0x0B, 0xF5,
    0xEF, 0xFF, 0xFF, 0xFF, 0x02, 0xF5, 0xBF, 0xC4, 0xFF, 0x2B, 0x00, 0xF5, 0xCF, 0x00, 0x00, 0x00,
    0x00, 0xF5, 0xCF, 0x00, 0x00, 0x00, 0x00, 0xF5, 0xCF, 0x00, 0x00, 0x00, 0x00, 0xF5, 0xCF, 0x00,
    0x00, 0x00, 0x00, 0xF5, 0xCF, 0x00, 0x00, 0x00, 0x00, 0x00, 0xA2, 0x09, 0xA1, 0x1A, 0x00, 0x00,
    0xF8, 0x4F, 0xF6, 0x7F, 0x00, 0x00, 0xE4, 0x1D, 0xE2, 0x3E, 0x00, 0x00, 0x00, 0x00, 0x00, 0x00,
    0x00, 0xFC, 0x9F, 0x00, 0x00, 0xF9, 0xCF, 0xF6, 0xEF, 0x00, 0x00, 0xFE, 0x6F, 0xF1, 0xFF, 0x03,
    0x30, 0xFF, 0x1F, 0xA0, 0xFF, 0x09, 0x80, 0xFF, 0x0A, 0x40, 0xFF, 0x0E, 0xD0, 0xFF, 0x05, 0x00,
    0xFD, 0x3F, 0xF2, 0xEF, 0x00, 0x00, 0xF7, 0x8F, 0xF7, 0x9F, 0x00, 0x00, 0xF1, 0xCF, 0xFC, 0x3F,
    0x00, 0x00, 0xB0, 0xFF, 0xFF, 0x0D, 0x00, 0x00, 0x50, 0xFF, 0xFF, 0x07, 0x00, 0x00, 0x00, 0xFE,
    0xFF, 0x02, 0x00, 0x00, 0x00, 0xF9, 0xCF, 0x00, 0x00, 0x00, 0x00, 0xFB, 0x6F, 0x00, 0x00, 0x00,
    0x40, 0xFF, 0x0F, 0x00, 0x00, 0x82, 0xF9, 0xFF, 0x08, 0x00, 0x00, 0xF4, 0xFF, 0xCF, 0x00, 0x00,
    0x00, 0xF3, 0xDF, 0x07, 0x00, 0x00, 0x00, 0x00, 0xB8, 0x03, 0xB7, 0x04, 0x20, 0xFF, 0x0A, 0xFF,
    0x0C, 0x00, 0xFC, 0x05, 0xFB, 0x07, 0x00, 0x00, 0x00, 0x00, 0x00, 0x00, 0x00, 0x00, 0x00, 0x00,
    0xF1, 0xFF, 0xFF, 0xFF, 0x8F, 0xF1, 0xFF, 0xFF, 0xFF, 0x8F, 0xF1, 0xFF, 0x99, 0x99, 0x49, 0xF1,
    0xFF, 0x01, 0x00, 0x00, 0xF1, 0xFF, 0x01, 0x00, 0x00, 0xF1, 0xFF, 0x9A, 0x99, 0x19, 0xF1, 0xFF,
    0xFF, 0xFF, 0x2F, 0xF1, 0xFF, 0xFF, 0xFF, 0x2F, 0xF1, 0xFF, 0x01, 0x00, 0x00, 0xF1, 0xFF, 0x01,
    0x00, 0x00, 0xF1, 0xFF, 0x01, 0x00, 0x00, 0xF1, 0xFF, 0x01, 0x00, 0x00, 0xF1, 0xFF, 0xAA, 0xAA,
    0x5A, 0xF1, 0xFF, 0xFF, 0xFF, 0x8F, 0xF1, 0xFF, 0xFF, 0xFF, 0x8F, 0x00, 0x00, 0xE0, 0xFF, 0x5F,
    0x00, 0x00, 0x00, 0x00, 0x00, 0xF3, 0xFF, 0xBF, 0x00, 0x00, 0x00, 0x00, 0x00, 0xF9, 0xDF, 0xFF,
    0x01, 0x00, 0x00, 0x00, 0x00, 0xFE, 0x6E, 0xFF, 0x06, 0x00, 0x00, 0x00, 0x40, 0xFF, 0x19, 0xFF,
    0x0C, 0x00, 0x00, 0x00, 0xA0, 0xFF, 0x04, 0xFB, 0x1F, 0x00, 0x00, 0x00, 0xF0, 0xEF, 0x00, 0xF6,
    0x7F, 0x00, 0x00, 0x00, 0xF5, 0x9F, 0x00, 0xF1, 0xDF, 0x00, 0x00, 0x00, 0xFB, 0xCF, 0xAA, 0xFA,
    0xFF, 0x02, 0x00, 0x10, 0xFF, 0xFF, 0xFF, 0xFF, 0xFF, 0x08, 0x00, 0x60, 0xFF, 0xFF, 0xFF, 0xFF,
    0xFF, 0x0E, 0x00, 0xC0, 0xFF, 0x06, 0x00, 0x00, 0xFE, 0x3F, 0x00, 0xF1, 0xFF, 0x01, 0x00, 0x00,
    0xF9, 0x9F, 0x00, 0xF7, 0xDF, 0x00, 0x00, 0x00, 0xF5, 0xEF, 0x00, 0xFD, 0x8F, 0x00, 0x00, 0x00,
    0xF1, 0xFF, 0x04, 0xF1, 0xFF, 0xFF, 0xFF, 0xFF, 0x05, 0xF1, 0xFF, 0xFF, 0xFF, 0xFF, 0x05, 0xF1,
    0xFF, 0xAA, 0xAA, 0xAA, 0x03, 0xF1, 0xFF, 0x01, 0x00, 0x00, 0x00, 0xF1, 0xFF, 0x01, 0x00, 0x00,
    0x00, 0xF1, 0xFF, 0x99, 0x68, 0x01, 0x00, 0xF1, 0xFF, 0xFF, 0xFF, 0x9F, 0x00, 0xF1, 0xFF, 0xFF,
    0xFF, 0xFF, 0x0A, 0xF1, 0xFF, 0x01, 0x82, 0xFF, 0x2F, 0xF1, 0xFF, 0x01, 0x00, 0xFD, 0x6F, 0xF1,
    0xFF, 0x01, 0x00, 0xFC, 0x6F, 0xF1, 0xFF, 0x01, 0x40, 0xFF, 0x4F, 0xF1, 0xFF, 0xAA, 0xFC, 0xFF,
    0x0E, 0xF1, 0xFF, 0xFF, 0xFF, 0xFF, 0x03, 0xF1, 0xFF, 0xFF, 0xCF, 0x18, 0x00, 0xF1, 0xFF, 0xFF,
    0xEF, 0x7B, 0x00, 0xF1, 0xFF, 0xFF, 0xFF, 0xFF, 0x1D, 0xF1, 0xFF, 0x99, 0xDA, 0xFF, 0x7F, 0xF1,
    0xFF, 0x01, 0x00, 0xFC, 0x9F, 0xF1, 0xFF, 0x01, 0x00, 0xFC, 0x7F, 0xF1, 0xFF, 0x88, 0xC8, 0xFF,
    0x1E, 0xF1, 0xFF, 0xFF, 0xFF, 0xCF, 0x02, 0xF1, 0xFF, 0xFF, 0xFF, 0xFF, 0x1D, 0xF1, 0xFF, 0x01,
    0x30, 0xFD, 0xAF, 0xF1, 0xFF, 0x01, 0x00, 0xF6, 0xEF, 0xF1, 0xFF, 0x01, 0x00, 0xF5, 0xFF, 0xF1,
    0xFF, 0x01, 0x00, 0xFB, 0xEF, 0xF1, 0xFF, 0xAA, 0xDA, 0xFF, 0x8F, 0xF1, 0xFF, 0xFF, 0xFF, 0xFF,
    0x0C, 0xF1, 0xFF, 0xFF, 0xEF, 0x6C, 0x00, 0xF1, 0xFF, 0xFF, 0xFF, 0xFF, 0x05, 0xF1, 0xFF, 0xFF,
    0xFF, 0xFF, 0x05, 0xF1, 0xFF, 0xAA, 0xAA, 0xAA, 0x03, 0xF1, 0xFF, 0x01, 0x00, 0x00, 0x00, 0xF1,
    0xFF, 0x01, 0x00, 0x00, 0x00, 0xF1, 0xFF, 0x01, 0x00, 0x00, 0x00, 0xF1, 0xFF, 0x01, 0x00, 0x00,
    0x00, 0xF1, 0xFF, 0x01, 0x00, 0x00, 0x00, 0xF1, 0xFF, 0x01, 0x00, 0x00, 0x00, 0xF1, 0xFF, 0x01,
    0x00, 0x00, 0x00, 0xF1, 0xFF, 0x01, 0x00, 0x00, 0x00, 0xF1, 0xFF, 0x01, 0x00, 0x00, 0x00, 0xF1,
    0xFF, 0x01, 0x00, 0x00, 0x00, 0xF1, 0xFF, 0x01, 0x00, 0x00, 0x00, 0xF1, 0xFF, 0x01, 0x00, 0x00,
    0x00, 0x00, 0x00, 0xF2, 0xFF, 0xFF, 0xFF, 0xAF, 0x00, 0x00, 0x00, 0xF5, 0xFF, 0xFF, 0xFF, 0xAF,
    0x00, 0x00, 0x00, 0xF7, 0xCF, 0xAA, 0xFD, 0xAF, 0x00, 0x00, 0x00, 0xFA, 0x4F, 0x00, 0xF8, 0xAF,
    0x00, 0x00, 0x00, 0xFE, 0x1F, 0x00, 0xF8, 0xAF, 0x00, 0x00, 0x20, 0xFF, 0x0E, 0x00, 0xF8, 0xAF,
    0x00, 0x00, 0x60, 0xFF, 0x0A, 0x00, 0xF8, 0xAF, 0x00, 0x00, 0xB0, 0xFF, 0x05, 0x00, 0xF8, 0xAF,
    0x00, 0x00, 0xF1, 0xFF, 0x01, 0x00, 0xF8, 0xAF, 0x00, 0x00, 0xF7, 0xBF, 0x00, 0x00, 0xF8, 0xAF,
    0x00, 0x00, 0xFD, 0x5F, 0x00, 0x00, 0xF8, 0xAF, 0x00, 0x50, 0xFF, 0x0E, 0x00, 0x00, 0xF8, 0xAF,
    0x00, 0xE9, 0xFF, 0xAE, 0xAA, 0xAA, 0xFD, 0xDF, 0x6A, 0xFE, 0xFF, 0xFF, 0xFF, 0xFF, 0xFF, 0xFF,
    0xAF, 0xFE, 0xFF, 0xFF, 0xFF, 0xFF, 0xFF, 0xFF, 0xAF, 0xFE, 0x2F, 0x00, 0x00, 0x00, 0x00, 0xF7,
    0xAF, 0xFE, 0x2F, 0x00, 0x00, 0x00, 0x00, 0xF7, 0xAF, 0xFE, 0x2F, 0x00, 0x00, 0x00, 0x00, 0xF7,
    0xAF, 0xFE, 0x2F, 0x00, 0x00, 0x00, 0x00, 0xF7, 0xAF, 0xF1, 0xFF, 0xFF, 0xFF, 0x8F, 0xF1, 0xFF,
    0xFF, 0xFF, 0x8F, 0xF1, 0xFF, 0x99, 0x99, 0x49, 0xF1, 0xFF, 0x01, 0x00, 0x00, 0xF1, 0xFF, 0x01,
    0x00, 0x00, 0xF1, 0xFF, 0x9A, 0x99, 0x19, 0xF1, 0xFF, 0xFF, 0xFF, 0x2F, 0xF1, 0xFF, 0xFF, 0xFF,
    0x2F, 0xF1, 0xFF, 0x01, 0x00, 0x00, 0xF1, 0xFF, 0x01, 0x00, 0x00, 0xF1, 0xFF, 0x01, 0x00, 0x00,
    0xF1, 0xFF, 0x01, 0x00, 0x00, 0xF1, 0xFF, 0xAA, 0xAA, 0x5A, 0xF1, 0xFF, 0xFF, 0xFF, 0x8F, 0xF1,
    0xFF, 0xFF, 0xFF, 0x8F, 0xF5, 0xDF, 0x00, 0x00, 0xF9, 0x6F, 0x00, 0x20, 0xFF, 0x3F, 0xA0, 0xFF,
    0x09, 0x00, 0xF9, 0x6F, 0x00, 0xC0, 0xFF, 0x07, 0x10, 0xFE, 0x3F, 0x00, 0xF9, 0x6F, 0x00, 0xF7,
    0xCF, 0x00, 0x00, 0xF4, 0xDF, 0x00, 0xF9, 0x6F, 0x20, 0xFF, 0x2F, 0x00, 0x00, 0x90, 0xFF, 0x09,
    0xF9, 0x6F, 0xC0, 0xFF, 0x05, 0x00, 0x00, 0x00, 0xFD, 0x3F, 0xF9, 0x6F, 0xF7, 0xAF, 0x00, 0x00,
    0x00, 0x00, 0xF3, 0xDF, 0xF9, 0x8F, 0xFF, 0x1E, 0x00, 0x00, 0x00, 0x00, 0xD0, 0xFF, 0xFD, 0xDF,
    0xFF, 0x0B, 0x00, 0x00, 0x00, 0x00, 0xF9, 0xBF, 0xF9, 0x6F, 0xFD, 0x5F, 0x00, 0x00, 0x00, 0x40,
    0xFF, 0x1F, 0xF9, 0x6F, 0xF3, 0xEF, 0x01, 0x00, 0x00, 0xE0, 0xFF, 0x06, 0xF9, 0x6F, 0x90, 0xFF,
    0x0B, 0x00, 0x00, 0xF9, 0xBF, 0x00, 0xF9, 0x6F, 0x00, 0xFD, 0x6F, 0x00, 0x40, 0xFF, 0x1F, 0x00,
    0xF9, 0x6F, 0x00, 0xF4, 0xFF, 0x02, 0xE1, 0xFF, 0x06, 0x00, 0xF9, 0x6F, 0x00, 0x90, 0xFF, 0x0C,
    0xFA, 0xBF, 0x00, 0x00, 0xF9, 0x6F, 0x00, 0x00, 0xFE, 0x7F, 0x00, 0x82, 0xEC, 0xFF, 0xAD, 0x03,
    0x00, 0xA0, 0xFF, 0xFF, 0xFF, 0xFF, 0x7F, 0x00, 0x70, 0xFF, 0x9D, 0xA8, 0xFE, 0xFF, 0x01, 0x00,
    0x28, 0x00, 0x00, 0xE1, 0xFF, 0x03, 0x00, 0x00, 0x00, 0x00, 0xF1, 0xFF, 0x00, 0x00, 0x50, 0x87,
    0xB8, 0xFF, 0x4F, 0x00, 0x00, 0xA0, 0xFF, 0xFF, 0x8E, 0x01, 0x00, 0x00, 0xA0, 0xFF, 0xFF, 0xFF,
    0x3C, 0x00, 0x00, 0x00, 0x00, 0x41, 0xFA, 0xFF, 0x02, 0x00, 0x00, 0x00, 0x00, 0xA0, 0xFF, 0x09,
    0x00, 0x00, 0x00, 0x00, 0x70, 0xFF, 0x0B, 0x40, 0x00, 0x00, 0x00, 0xD1, 0xFF, 0x08, 0xE0, 0xBF,
    0x79, 0xA8, 0xFF, 0xFF, 0x02, 0xE0, 0xFF, 0xFF, 0xFF, 0xFF, 0x5F, 0x00, 0x50, 0xC9, 0xFE, 0xFF,
    0x8C, 0x01, 0x00, 0xF1, 0xCF, 0x00, 0x00, 0x00, 0xFB, 0xFF, 0x06, 0xF1, 0xCF, 0x00, 0x00, 0x50,
    0xFF, 0xFF, 0x06, 0xF1, 0xCF, 0x00, 0x00, 0xE0, 0xFF, 0xFF, 0x06, 0xF1, 0xCF, 0x00, 0x00, 0xF8,
    0xEF, 0xFF, 0x06, 0xF1, 0xCF, 0x00, 0x20, 0xFF, 0x6F, 0xFF, 0x06, 0xF1, 0xCF, 0x00, 0xB0, 0xFF,
    0x57, 0xFF, 0x06, 0xF1, 0xCF, 0x00, 0xF5, 0xDF, 0x60, 0xFF, 0x06, 0xF1, 0xCF, 0x00, 0xFE, 0x4F,
    0x70, 0xFF, 0x06, 0xF1, 0xBF, 0x90, 0xFF, 0x0A, 0x70, 0xFF, 0x06, 0xF1, 0xBF, 0xF3, 0xFF, 0x01,
    0x70, 0xFF, 0x06, 0xF1, 0xAF, 0xFC, 0x6F, 0x00, 0x70, 0xFF, 0x06, 0xF1, 0xEF, 0xFF, 0x0D, 0x00,
    0x70, 0xFF, 0x06, 0xF1, 0xFF, 0xFF, 0x03, 0x00, 0x70, 0xFF, 0x06, 0xF1, 0xFF, 0x9F, 0x00, 0x00,
    0x70, 0xFF, 0x06, 0xF1, 0xFF, 0x1E, 0x00, 0x00, 0x70, 0xFF, 0x06, 0x00, 0xE0, 0xDF, 0x00, 0x00,
    0xFF, 0x0E, 0x00, 0x00, 0xB0, 0xFF, 0x03, 0x60, 0xFF, 0x09, 0x00, 0x00, 0x30, 0xFF, 0xCF, 0xFD,
    0xEF, 0x01, 0x00, 0x00, 0x00, 0xB3, 0xFE, 0xDF, 0x19, 0x00, 0x00, 0x00, 0x00, 0x00, 0x00, 0x00,
    0x00, 0x00, 0x00, 0x00, 0x00, 0x00, 0x00, 0x00, 0x00, 0x00, 0x00, 0xF1, 0xCF, 0x00, 0x00, 0x00,
    0xFB, 0xFF, 0x06, 0xF1, 0xCF, 0x00, 0x00, 0x50, 0xFF, 0xFF, 0x06, 0xF1, 0xCF, 0x00, 0x00, 0xE0,
    0xFF, 0xFF, 0x06, 0xF1, 0xCF, 0x00, 0x00, 0xF8, 0xEF, 0xFF, 0x06, 0xF1, 0xCF, 0x00, 0x20, 0xFF,
    0x6F, 0xFF, 0x06, 0xF1, 0xCF, 0x00, 0xB0, 0xFF, 0x57, 0xFF, 0x06, 0xF1, 0xCF, 0x00, 0xF5, 0xDF,
    0x60, 0xFF, 0x06, 0xF1, 0xCF, 0x00, 0xFE, 0x4F, 0x70, 0xFF, 0x06, 0xF1, 0xBF, 0x90, 0xFF, 0x0A,
    0x70, 0xFF, 0x06, 0xF1, 0xBF, 0xF3, 0xFF, 0x01, 0x70, 0xFF, 0x06, 0xF1, 0xAF, 0xFC, 0x6F, 0x00,
    0x70, 0xFF, 0x06, 0xF1, 0xEF, 0xFF, 0x0D, 0x00, 0x70, 0xFF, 0x06, 0xF1, 0xFF, 0xFF, 0x03, 0x00,
    0x70, 0xFF, 0x06, 0xF1, 0xFF, 0x9F, 0x00, 0x00, 0x70, 0xFF, 0x06, 0xF1, 0xFF, 0x1E, 0x00, 0x00,
    0x70, 0xFF, 0x06, 0xF1, 0xFF, 0x01, 0x00, 0xD0, 0xFF, 0x07, 0xF1, 0xFF, 0x01, 0x00, 0xFA, 0xBF,
    0x00, 0xF1, 0xFF, 0x01, 0x60, 0xFF, 0x1D, 0x00, 0xF1, 0xFF, 0x01, 0xF2, 0xFF, 0x03, 0x00, 0xF1,
    0xFF, 0x01, 0xFD, 0x6F, 0x00, 0x00, 0xF1, 0xFF, 0xA1, 0xFF, 0x0A, 0x00, 0x00, 0xF1, 0xFF, 0xF7,
    0xDF, 0x00, 0x00, 0x00, 0xF1, 0xFF, 0xFD, 0x9F, 0x00, 0x00, 0x00, 0xF1, 0xFF, 0xF3, 0xFF, 0x05,
    0x00, 0x00, 0xF1, 0xFF, 0x61, 0xFF, 0x1E, 0x00, 0x00, 0xF1, 0xFF, 0x01, 0xFB, 0xCF, 0x00, 0x00,
    0xF1, 0xFF, 0x01, 0xE1, 0xFF, 0x08, 0x00, 0xF1, 0xFF, 0x01, 0x40, 0xFF, 0x4F, 0x00, 0xF1, 0xFF,
    0x01, 0x00, 0xF9, 0xEF, 0x01, 0xF1, 0xFF, 0x01, 0x00, 0xD0, 0xFF, 0x0B, 0x00, 0x00, 0xFC, 0xFF,
    0xFF, 0xFF, 0xCF, 0x00, 0x00, 0xFE, 0xFF, 0xFF, 0xFF, 0xCF, 0x00, 0x00, 0xFF, 0xAF, 0xAA, 0xFC,
    0xCF, 0x00, 0x20, 0xFF, 0x0C, 0x00, 0xF6, 0xCF, 0x00, 0x50, 0xFF, 0x0A, 0x00, 0xF6, 0xCF, 0x00,
    0x70, 0xFF, 0x08, 0x00, 0xF6, 0xCF, 0x00, 0xA0, 0xFF, 0x06, 0x00, 0xF6, 0xCF, 0x00, 0xC0, 0xFF,
    0x04, 0x00, 0xF6, 0xCF, 0x00, 0xF0, 0xFF, 0x01, 0x00, 0xF6, 0xCF, 0x00, 0xF2, 0xFF, 0x00, 0x00,
    0xF6, 0xCF, 0x00, 0xF5, 0xCF, 0x00, 0x00, 0xF6, 0xCF, 0x00, 0xFA, 0x8F, 0x00, 0x00, 0xF6, 0xCF,
    0xB9, 0xFF, 0x3F, 0x00, 0x00, 0xF6, 0xCF, 0xFD, 0xFF, 0x0B, 0x00, 0x00, 0xF6, 0xCF, 0xFB, 0x9E,
    0x01, 0x00, 0x00, 0xF6, 0xCF, 0xF1, 0xFF, 0x5F, 0x00, 0x00, 0x00, 0xF9, 0xFF, 0x0E, 0xF1, 0xFF,
    0xAF, 0x00, 0x00, 0x00, 0xFE, 0xFF, 0x0E, 0xF1, 0xFF, 0xFF, 0x00, 0x00, 0x30, 0xFF, 0xFF, 0x0E,
    0xF1, 0xDF, 0xFF, 0x04, 0x00, 0x80, 0xEF, 0xFF, 0x0E, 0xF1, 0xAF, 0xFF, 0x09, 0x00, 0xE0, 0x9F,
    0xFF, 0x0E, 0xF1, 0xAF, 0xFA, 0x0E, 0x00, 0xF3, 0x4F, 0xFF, 0x0E, 0xF1, 0xBF, 0xF5, 0x3F, 0x00,
    0xF8, 0x0E, 0xFF, 0x0E, 0xF1, 0xBF, 0xF1, 0x8F, 0x00, 0xFD, 0x09, 0xFF, 0x0E, 0xF1, 0xBF, 0xC0,
    0xDF, 0x30, 0xFF, 0x04, 0xFF, 0x0E, 0xF1, 0xBF, 0x70, 0xFF, 0x82, 0xEF, 0x00, 0xFF, 0x0E, 0xF1,
    0xBF, 0x20, 0xFF, 0xD7, 0xAF, 0x00, 0xFF, 0x0E, 0xF1, 0xBF, 0x00, 0xFD, 0xFE, 0x4F, 0x00, 0xFF,
    0x0E, 0xF1, 0xBF, 0x00, 0xF8, 0xFF, 0x0F, 0x00, 0xFF, 0x0E, 0xF1, 0xBF, 0x00, 0xF3, 0xFF, 0x0A,
    0x00, 0xFF, 0x0E, 0xF1, 0xBF, 0x00, 0xE0, 0xFF, 0x04, 0x00, 0xFF, 0x0E, 0xF1, 0xFF, 0x01, 0x00,
    0x00, 0xFF, 0x2F, 0xF1, 0xFF, 0x01, 0x00, 0x00, 0xFF, 0x2F, 0xF1, 0xFF, 0x01, 0x00, 0x00, 0xFF,
    0x2F, 0xF1, 0xFF, 0x01, 0x00, 0x00, 0xFF, 0x2F, 0xF1, 0xFF, 0x01, 0x00, 0x00, 0xFF, 0x2F, 0xF1,
    0xFF, 0x01, 0x00, 0x00, 0xFF, 0x2F, 0xF1, 0xFF, 0xAA, 0xAA, 0xAA, 0xFF, 0x2F, 0xF1, 0xFF, 0xFF,
    0xFF, 0xFF, 0xFF, 0x2F, 0xF1, 0xFF, 0xFF, 0xFF, 0xFF, 0xFF, 0x2F, 0xF1, 0xFF, 0x01, 0x00, 0x00,
    0xFF, 0x2F, 0xF1, 0xFF, 0x01, 0x00, 0x00, 0xFF, 0x2F, 0xF1, 0xFF, 0x01, 0x00, 0x00, 0xFF, 0x2F,
    0xF1, 0xFF, 0x01, 0x00, 0x00, 0xFF, 0x2F, 0xF1, 0xFF, 0x01, 0x00, 0x00, 0xFF, 0x2F, 0xF1, 0xFF,
    0x01, 0x00, 0x00, 0xFF, 0x2F, 0x00, 0x20, 0xD9, 0xFF, 0xCE, 0x17, 0x00, 0x00, 0x00, 0xF7, 0xFF,
    0xFF, 0xFF, 0xEF, 0x03, 0x00, 0x60, 0xFF, 0xFF, 0xAB, 0xFC, 0xFF, 0x2F, 0x00, 0xE0, 0xFF, 0x1D,
    0x00, 0x30, 0xFF, 0xBF, 0x00, 0xF5, 0xFF, 0x02, 0x00, 0x00, 0xF7, 0xFF, 0x01, 0xF9, 0xCF, 0x00,
    0x00, 0x00, 0xF1, 0xFF, 0x05, 0xFB, 0x9F, 0x00, 0x00, 0x00, 0xE0, 0xFF, 0x07, 0xFC, 0x8F, 0x00,
    0x00, 0x00, 0xD0, 0xFF, 0x07, 0xFB, 0x9F, 0x00, 0x00, 0x00, 0xE0, 0xFF, 0x07, 0xF9, 0xCF, 0x00,
    0x00, 0x00, 0xF1, 0xFF, 0x05, 0xF5, 0xFF, 0x02, 0x00, 0x00, 0xF6, 0xFF, 0x01, 0xE0, 0xFF, 0x1D,
    0x00, 0x40, 0xFF, 0xAF, 0x00, 0x60, 0xFF, 0xFF, 0xBC, 0xFD, 0xFF, 0x2F, 0x00, 0x00, 0xF7, 0xFF,
    0xFF, 0xFF, 0xEF, 0x03, 0x00, 0x00, 0x20, 0xD9, 0xFF, 0xCE, 0x07, 0x00, 0x00, 0xF1, 0xFF, 0xFF,
    0xFF, 0xFF, 0xFF, 0x0C, 0xF1, 0xFF, 0xFF, 0xFF, 0xFF, 0xFF, 0x0C, 0xF1, 0xFF, 0xAA, 0xAA, 0xCA,
    0xFF, 0x0C, 0xF1, 0xFF, 0x01, 0x00, 0x60, 0xFF, 0x0C, 0xF1, 0xFF, 0x01, 0x00, 0x60, 0xFF, 0x0C,
    0xF1, 0xFF, 0x01, 0x00, 0x60, 0xFF, 0x0C, 0xF1, 0xFF, 0x01, 0x00, 0x60, 0xFF, 0x0C, 0xF1, 0xFF,
    0x01, 0x00, 0x60, 0xFF, 0x0C, 0xF1, 0xFF, 0x01, 0x00, 0x60, 0xFF, 0x0C, 0xF1, 0xFF, 0x01, 0x00,
    0x60, 0xFF, 0x0C, 0xF1, 0xFF, 0x01, 0x00, 0x60, 0xFF, 0x0C, 0xF1, 0xFF, 0x01, 0x00, 0x60, 0xFF,
    0x0C, 0xF1, 0xFF, 0x01, 0x00, 0x60, 0xFF, 0x0C, 0xF1, 0xFF, 0x01, 0x00, 0x60, 0xFF, 0x0C, 0xF1,
    0xFF, 0x01, 0x00, 0x60, 0xFF, 0x0C, 0xF1, 0xFF, 0xFF, 0xDF, 0x18, 0x00, 0xF1, 0xFF, 0xFF, 0xFF,
    0xEF, 0x02, 0xF1, 0xFF, 0x99, 0xFB, 0xFF, 0x0C, 0xF1, 0xFF, 0x01, 0x50, 0xFF, 0x1F, 0xF1, 0xFF,
    0x01, 0x00, 0xFF, 0x3F, 0xF1, 0xFF, 0x01, 0x00, 0xFF, 0x3F, 0xF1, 0xFF, 0x01, 0x80, 0xFF, 0x0F,
    0xF1, 0xFF, 0xAA, 0xFD, 0xFF, 0x0A, 0xF1, 0xFF, 0xFF, 0xFF, 0xDF, 0x01, 0xF1, 0xFF, 0xFF, 0xCF,
    0x07, 0x00, 0xF1, 0xFF, 0x01, 0x00, 0x00, 0x00, 0xF1, 0xFF, 0x01, 0x00, 0x00, 0x00, 0xF1, 0xFF,
    0x01, 0x00, 0x00, 0x00, 0xF1, 0xFF, 0x01, 0x00, 0x00, 0x00, 0xF1, 0xFF, 0x01, 0x00, 0x00, 0x00,
    0x00, 0x10, 0xD8, 0xFF, 0xBE, 0x06, 0x00, 0xF5, 0xFF, 0xFF, 0xFF, 0x7F, 0x40, 0xFF, 0xFF, 0xAB,
    0xFD, 0x1F, 0xE0, 0xFF, 0x1D, 0x00, 0x20, 0x06, 0xF5, 0xFF, 0x02, 0x00, 0x00, 0x00, 0xF9, 0xCF,
    0x00, 0x00, 0x00, 0x00, 0xFB, 0x8F, 0x00, 0x00, 0x00, 0x00, 0xFC, 0x8F, 0x00, 0x00, 0x00, 0x00,
    0xFB, 0x8F, 0x00, 0x00, 0x00, 0x00, 0xF9, 0xBF, 0x00, 0x00, 0x00, 0x00, 0xF6, 0xFF, 0x01, 0x00,
    0x00, 0x00, 0xF1, 0xFF, 0x1B, 0x00, 0x00, 0x03, 0x70, 0xFF, 0xFF, 0xAB, 0xFB, 0x1F, 0x00, 0xF9,
    0xFF, 0xFF, 0xFF, 0x1F, 0x00, 0x30, 0xEA, 0xFF, 0xBE, 0x07, 0xF9, 0xFF, 0xFF, 0xFF, 0xFF, 0xBF,
    0xF9, 0xFF, 0xFF, 0xFF, 0xFF, 0xBF, 0xA5, 0xAA, 0xFD, 0xEF, 0xAA, 0x7A, 0x00, 0x00, 0xF8, 0xAF,
    0x00, 0x00, 0x00, 0x00, 0xF8, 0xAF, 0x00, 0x00, 0x00, 0x00, 0xF8, 0xAF, 0x00, 0x00, 0x00, 0x00,
    0xF8, 0xAF, 0x00, 0x00, 0x00, 0x00, 0xF8, 0xAF, 0x00, 0x00, 0x00, 0x00, 0xF8, 0xAF, 0x00, 0x00,
    0x00, 0x00, 0xF8, 0xAF, 0x00, 0x00, 0x00, 0x00, 0xF8, 0xAF, 0x00, 0x00, 0x00, 0x00, 0xF8, 0xAF,
    0x00, 0x00, 0x00, 0x00, 0xF8, 0xAF, 0x00, 0x00, 0x00, 0x00, 0xF8, 0xAF, 0x00, 0x00, 0x00, 0x00,
    0xF8, 0xAF, 0x00, 0x00, 0xF8, 0xCF, 0x00, 0x00, 0x00, 0xF9, 0xBF, 0xF1, 0xFF, 0x03, 0x00, 0x00,
    0xFF, 0x4F, 0x90, 0xFF, 0x0A, 0x00, 0x60, 0xFF, 0x0C, 0x10, 0xFF, 0x1F, 0x00, 0xD0, 0xFF, 0x05,
    0x00, 0xF9, 0x8F, 0x00, 0xF3, 0xEF, 0x00, 0x00, 0xF2, 0xEF, 0x00, 0xFA, 0x7F, 0x00, 0x00, 0xA0,
    0xFF, 0x16, 0xFF, 0x1F, 0x00, 0x00, 0x20, 0xFF, 0x7D, 0xFF, 0x09, 0x00, 0x00, 0x00, 0xFA, 0xFF,
    0xFF, 0x02, 0x00, 0x00, 0x00, 0xF2, 0xFF, 0xBF, 0x00, 0x00, 0x00, 0x00, 0xB0, 0xFF, 0x4F, 0x00,
    0x00, 0x00, 0x00, 0xF2, 0xFF, 0x0C, 0x00, 0x00, 0xD1, 0xBB, 0xFF, 0xFF, 0x03, 0x00, 0x00, 0xF1,
    0xFF, 0xFF, 0x6F, 0x00, 0x00, 0x00, 0xD1, 0xFF, 0xBE, 0x04, 0x00, 0x00, 0x00, 0x00, 0x00, 0x00,
    0x60, 0xFF, 0x07, 0x00, 0x00, 0x00, 0x00, 0x00, 0x00, 0x60, 0xFF, 0x07, 0x00, 0x00, 0x00, 0x00,
    0x10, 0xC7, 0xFE, 0xFF, 0xEF, 0x8C, 0x01, 0x00, 0x00, 0xF5, 0xFF, 0xFF, 0xFF, 0xFF, 0xFF, 0x5F,
    0x00, 0x30, 0xFF, 0xEF, 0xB9, 0xFF, 0x9B, 0xFE, 0xFF, 0x04, 0xB0, 0xFF, 0x0A, 0x60, 0xFF, 0x07,
    0x90, 0xFF, 0x0C, 0xF0, 0xFF, 0x01, 0x60, 0xFF, 0x07, 0x00, 0xFF, 0x0F, 0xF0, 0xFF, 0x00, 0x60,
    0xFF, 0x07, 0x00, 0xFE, 0x1F, 0xF0, 0xFF, 0x01, 0x60, 0xFF, 0x07, 0x10, 0xFF, 0x0F, 0xA0, 0xFF,
    0x0A, 0x60, 0xFF, 0x07, 0xA0, 0xFF, 0x0B, 0x20, 0xFF, 0xEF, 0xA9, 0xFF, 0x9B, 0xFD, 0xFF, 0x03,
    0x00, 0xE4, 0xFF, 0xFF, 0xFF, 0xFF, 0xFF, 0x4F, 0x00, 0x00, 0x10, 0xC7, 0xFE, 0xFF, 0xEF, 0x7C,
    0x01, 0x00, 0x00, 0x00, 0x00, 0x60, 0xFF, 0x07, 0x00, 0x00, 0x00, 0x00, 0x00, 0x00, 0x60, 0xFF,
    0x07, 0x00, 0x00, 0x00, 0xF5, 0xFF, 0x02, 0x00, 0x10, 0xFF, 0x5F, 0xB0, 0xFF, 0x0B, 0x00, 0xA0,
    0xFF, 0x0B, 0x20, 0xFF, 0x5F, 0x00, 0xF3, 0xFF, 0x01, 0x00, 0xF7, 0xEF, 0x00, 0xFD, 0x6F, 0x00,
    0x00, 0xC0, 0xFF, 0x68, 0xFF, 0x0C, 0x00, 0x00, 0x20, 0xFF, 0xEF, 0xFF, 0x02, 0x00, 0x00, 0x00,
    0xF8, 0xFF, 0x8F, 0x00, 0x00, 0x00, 0x00, 0xF3, 0xFF, 0x1F, 0x00, 0x00, 0x00, 0x00, 0xFC, 0xFF,
    0xAF, 0x00, 0x00, 0x00, 0x70, 0xFF, 0xEC, 0xFF, 0x05, 0x00, 0x00, 0xF2, 0xFF, 0x63, 0xFF, 0x1E,
    0x00, 0x00, 0xFB, 0x9F, 0x00, 0xFC, 0xAF, 0x00, 0x60, 0xFF, 0x0E, 0x00, 0xF2, 0xFF, 0x05, 0xF1,
    0xFF, 0x05, 0x00, 0x80, 0xFF, 0x1E, 0xFA, 0xBF, 0x00, 0x00, 0x00, 0xFE, 0xAF, 0xF1, 0xFF, 0x01,
    0x00, 0x60, 0xFF, 0x0C, 0x00, 0xF1, 0xFF, 0x01, 0x00, 0x60, 0xFF, 0x0C, 0x00, 0xF1, 0xFF, 0x01,
    0x00, 0x60, 0xFF, 0x0C, 0x00, 0xF1, 0xFF, 0x01, 0x00, 0x60, 0xFF, 0x0C, 0x00, 0xF1, 0xFF, 0x01,
    0x00, 0x60, 0xFF, 0x0C, 0x00, 0xF1, 0xFF, 0x01, 0x00, 0x60, 0xFF, 0x0C, 0x00, 0xF1, 0xFF, 0x01,
    0x00, 0x60, 0xFF, 0x0C, 0x00, 0xF1, 0xFF, 0x01, 0x00, 0x60, 0xFF, 0x0C, 0x00, 0xF1, 0xFF, 0x01,
    0x00, 0x60, 0xFF, 0x0C, 0x00, 0xF1, 0xFF, 0x01, 0x00, 0x60, 0xFF, 0x0C, 0x00, 0xF1, 0xFF, 0x01,
    0x00, 0x60, 0xFF, 0x0C, 0x00, 0xF1, 0xFF, 0x01, 0x00, 0x60, 0xFF, 0x0C, 0x00, 0xF1, 0xFF, 0xAA,
    0xAA, 0xCA, 0xFF, 0x8E, 0x08, 0xF1, 0xFF, 0xFF, 0xFF, 0xFF, 0xFF, 0xFF, 0x0F, 0xF1, 0xFF, 0xFF,
    0xFF, 0xFF, 0xFF, 0xFF, 0x0F, 0x00, 0x00, 0x00, 0x00, 0x00, 0x10, 0xFF, 0x0F, 0x00, 0x00, 0x00,
    0x00, 0x00, 0x10, 0xFF, 0x0F, 0x00, 0x00, 0x00, 0x00, 0x00, 0x10, 0xFF, 0x0F, 0x00, 0x00, 0x00,
    0x00, 0x00, 0x10, 0xFF, 0x0F, 0xFE, 0x4F, 0x00, 0x00, 0xC0, 0xFF, 0x06, 0xFE, 0x4F, 0x00, 0x00,
    0xC0, 0xFF, 0x06, 0xFE, 0x4F, 0x00, 0x00, 0xC0, 0xFF, 0x06, 0xFE, 0x4F, 0x00, 0x00, 0xC0, 0xFF,
    0x06, 0xFE, 0x4F, 0x00, 0x00, 0xC0, 0xFF, 0x06, 0xFE, 0x4F, 0x00, 0x00, 0xC0, 0xFF, 0x06, 0xFD,
    0x9F, 0x00, 0x00, 0xD2, 0xFF, 0x06, 0xFA, 0xFF, 0xAC, 0xEB, 0xFF, 0xFF, 0x06, 0xF2, 0xFF, 0xFF,
    0xFF, 0xFF, 0xFF, 0x06, 0x20, 0xEA, 0xFF, 0x9C, 0xC4, 0xFF, 0x06, 0x00, 0x00, 0x00, 0x00, 0xC0,
    0xFF, 0x06, 0x00, 0x00, 0x00, 0x00, 0xC0, 0xFF, 0x06, 0x00, 0x00, 0x00, 0x00, 0xC0, 0xFF, 0x06,
    0x00, 0x00, 0x00, 0x00, 0xC0, 0xFF, 0x06, 0x00, 0x00, 0x00, 0x00, 0xC0, 0xFF, 0x06, 0xF1, 0xFF,
    0x01, 0x00, 0xF4, 0xEF, 0x00, 0x00, 0xF6, 0xCF, 0xF1, 0xFF, 0x01, 0x00, 0xF4, 0xEF, 0x00, 0x00,
    0xF6, 0xCF, 0xF1, 0xFF, 0x01, 0x00, 0xF4, 0xEF, 0x00, 0x00, 0xF6, 0xCF, 0xF1, 0xFF, 0x01, 0x00,
    0xF4, 0xEF, 0x00, 0x00, 0xF6, 0xCF, 0xF1, 0xFF, 0x01, 0x00, 0xF4, 0xEF, 0x00, 0x00, 0xF6, 0xCF,
    0xF1, 0xFF, 0x01, 0x00, 0xF4, 0xEF, 0x00, 0x00, 0xF6, 0xCF, 0xF1, 0xFF, 0x01, 0x00, 0xF4, 0xEF,
    0x00, 0x00, 0xF6, 0xCF, 0xF1, 0xFF, 0x01, 0x00, 0xF4, 0xEF, 0x00, 0x00, 0xF6, 0xCF, 0xF1, 0xFF,
    0x01, 0x00, 0xF4, 0xEF, 0x00, 0x00, 0xF6, 0xCF, 0xF1, 0xFF, 0x01, 0x00, 0xF4, 0xEF, 0x00, 0x00,
    0xF6, 0xCF, 0xF1, 0xFF, 0x01, 0x00, 0xF4, 0xEF, 0x00, 0x00, 0xF6, 0xCF, 0xF1, 0xFF, 0x01, 0x00,
    0xF4, 0xEF, 0x00, 0x00, 0xF6, 0xCF, 0xF1, 0xFF, 0xAA, 0xAA, 0xFB, 0xFF, 0xAA, 0xAA, 0xFC, 0xCF,
    0xF1, 0xFF, 0xFF, 0xFF, 0xFF, 0xFF, 0xFF, 0xFF, 0xFF, 0xCF, 0xF1, 0xFF, 0xFF, 0xFF, 0xFF, 0xFF,
    0xFF, 0xFF, 0xFF, 0xCF, 0xF1, 0xFF, 0x01, 0x00, 0xF4, 0xEF, 0x00, 0x00, 0xF6, 0xCF, 0x00, 0xF1,
    0xFF, 0x01, 0x00, 0xF4, 0xEF, 0x00, 0x00, 0xF6, 0xCF, 0x00, 0xF1, 0xFF, 0x01, 0x00, 0xF4, 0xEF,
    0x00, 0x00, 0xF6, 0xCF, 0x00, 0xF1, 0xFF, 0x01, 0x00, 0xF4, 0xEF, 0x00, 0x00, 0xF6, 0xCF, 0x00,
    0xF1, 0xFF, 0x01, 0x00, 0xF4, 0xEF, 0x00, 0x00, 0xF6, 0xCF, 0x00, 0xF1, 0xFF, 0x01, 0x00, 0xF4,
    0xEF, 0x00, 0x00, 0xF6, 0xCF, 0x00, 0xF1, 0xFF, 0x01, 0x00, 0xF4, 0xEF, 0x00, 0x00, 0xF6, 0xCF,
    0x00, 0xF1, 0xFF, 0x01, 0x00, 0xF4, 0xEF, 0x00, 0x00, 0xF6, 0xCF, 0x00, 0xF1, 0xFF, 0x01, 0x00,
    0xF4, 0xEF, 0x00, 0x00, 0xF6, 0xCF, 0x00, 0xF1, 0xFF, 0x01, 0x00, 0xF4, 0xEF, 0x00, 0x00, 0xF6,
    0xCF, 0x00, 0xF1, 0xFF, 0x01, 0x00, 0xF4, 0xEF, 0x00, 0x00, 0xF6, 0xCF, 0x00, 0xF1, 0xFF, 0x01,
    0x00, 0xF4, 0xEF, 0x00, 0x00, 0xF6, 0xCF, 0x00, 0xF1, 0xFF, 0xAA, 0xAA, 0xFB, 0xFF, 0xAA, 0xAA,
    0xFC, 0xEF, 0x88, 0xF1, 0xFF, 0xFF, 0xFF, 0xFF, 0xFF, 0xFF, 0xFF, 0xFF, 0xFF, 0xFF, 0xF1, 0xFF,
    0xFF, 0xFF, 0xFF, 0xFF, 0xFF, 0xFF, 0xFF, 0xFF, 0xFF, 0x00, 0x00, 0x00, 0x00, 0x00, 0x00, 0x00,
    0x00, 0x00, 0xF1, 0xFF, 0x00, 0x00, 0x00, 0x00, 0x00, 0x00, 0x00, 0x00, 0x00, 0xF1, 0xFF, 0x00,
    0x00, 0x00, 0x00, 0x00, 0x00, 0x00, 0x00, 0x00, 0xF1, 0xFF, 0x00, 0x00, 0x00, 0x00, 0x00, 0x00,
    0x00, 0x00, 0x00, 0xF1, 0xFF, 0xFF, 0xFF, 0xFF, 0x0F, 0x00, 0x00, 0x00, 0x00, 0xFF, 0xFF, 0xFF,
    0x0F, 0x00, 0x00, 0x00, 0x00, 0xAA, 0xBA, 0xFF, 0x0F, 0x00, 0x00, 0x00, 0x00, 0x00, 0x30, 0xFF,
    0x0F, 0x00, 0x00, 0x00, 0x00, 0x00, 0x30, 0xFF, 0x0F, 0x00, 0x00, 0x00, 0x00, 0x00, 0x30, 0xFF,
    0x0F, 0x00, 0x00, 0x00, 0x00, 0x00, 0x30, 0xFF, 0xFF, 0xEF, 0x7C, 0x01, 0x00, 0x00, 0x30, 0xFF,
    0xFF, 0xFF, 0xFF, 0x3E, 0x00, 0x00, 0x30, 0xFF, 0x9F, 0xBA, 0xFF, 0xDF, 0x00, 0x00, 0x30, 0xFF,
    0x0F, 0x00, 0xF3, 0xFF, 0x03, 0x00, 0x30, 0xFF, 0x0F, 0x00, 0xE0, 0xFF, 0x05, 0x00, 0x30, 0xFF,
    0x0F, 0x00, 0xF4, 0xFF, 0x03, 0x00, 0x30, 0xFF, 0x9F, 0xCA, 0xFF, 0xDF, 0x00, 0x00, 0x30, 0xFF,
    0xFF, 0xFF, 0xFF, 0x3E, 0x00, 0x00, 0x30, 0xFF, 0xFF, 0xEF, 0x8C, 0x01, 0x00, 0xF1, 0xFF, 0x01,
    0x00, 0x00, 0x00, 0xF0, 0xFF, 0x02, 0xF1, 0xFF, 0x01, 0x00, 0x00, 0x00, 0xF0, 0xFF, 0x02, 0xF1,
    0xFF, 0x01, 0x00, 0x00, 0x00, 0xF0, 0xFF, 0x02, 0xF1, 0xFF, 0x01, 0x00, 0x00, 0x00, 0xF0, 0xFF,
    0x02, 0xF1, 0xFF, 0x01, 0x00, 0x00, 0x00, 0xF0, 0xFF, 0x02, 0xF1, 0xFF, 0x01, 0x00, 0x00, 0x00,
    0xF0, 0xFF, 0x02, 0xF1, 0xFF, 0xFF, 0xBE, 0x06, 0x00, 0xF0, 0xFF, 0x02, 0xF1, 0xFF, 0xFF, 0xFF,
    0xDF, 0x01, 0xF0, 0xFF, 0x02, 0xF1, 0xFF, 0xA9, 0xFC, 0xFF, 0x0A, 0xF0, 0xFF, 0x02, 0xF1, 0xFF,
    0x01, 0x50, 0xFF, 0x0F, 0xF0, 0xFF, 0x02, 0xF1, 0xFF, 0x01, 0x10, 0xFF, 0x2F, 0xF0, 0xFF, 0x02,
    0xF1, 0xFF, 0x01, 0x70, 0xFF, 0x0F, 0xF0, 0xFF, 0x02, 0xF1, 0xFF, 0xAA, 0xFD, 0xFF, 0x0B, 0xF0,
    0xFF, 0x02, 0xF1, 0xFF, 0xFF, 0xFF, 0xDF, 0x01, 0xF0, 0xFF, 0x02, 0xF1, 0xFF, 0xFF, 0xCE, 0x07,
    0x00, 0xF0, 0xFF, 0x02, 0xF1, 0xFF, 0x01, 0x00, 0x00, 0x00, 0xF1, 0xFF, 0x01, 0x00, 0x00, 0x00,
    0xF1, 0xFF, 0x01, 0x00, 0x00, 0x00, 0xF1, 0xFF, 0x01, 0x00, 0x00, 0x00, 0xF1, 0xFF, 0x01, 0x00,
    0x00, 0x00, 0xF1, 0xFF, 0x01, 0x00, 0x00, 0x00, 0xF1, 0xFF, 0xFF, 0xCF, 0x18, 0x00, 0xF1, 0xFF,
    0xFF, 0xFF, 0xFF, 0x04, 0xF1, 0xFF, 0x99, 0xFB, 0xFF, 0x0E, 0xF1, 0xFF, 0x01, 0x10, 0xFF, 0x5F,
    0xF1, 0xFF, 0x01, 0x00, 0xFC, 0x7F, 0xF1, 0xFF, 0x01, 0x20, 0xFF, 0x5F, 0xF1, 0xFF, 0xAA, 0xFB,
    0xFF, 0x1F, 0xF1, 0xFF, 0xFF, 0xFF, 0xFF, 0x04, 0xF1, 0xFF, 0xFF, 0xDF, 0x28, 0x00, 0x40, 0xC9,
    0xFE, 0xDF, 0x28, 0x00, 0x00, 0xF1, 0xFF, 0xFF, 0xFF, 0xFF, 0x05, 0x00, 0xB0, 0xFF, 0xAB, 0xFB,
    0xFF, 0x4F, 0x00, 0x30, 0x05, 0x00, 0x10, 0xFC, 0xDF, 0x00, 0x00, 0x00, 0x00, 0x00, 0xF2, 0xFF,
    0x04, 0x00, 0x00, 0x00, 0x00, 0xC0, 0xFF, 0x08, 0x00, 0x91, 0x99, 0x99, 0xE9, 0xFF, 0x0A, 0x00,
    0xF2, 0xFF, 0xFF, 0xFF, 0xFF, 0x0B, 0x00, 0xF2, 0xFF, 0xFF, 0xFF, 0xFF, 0x0A, 0x00, 0x00, 0x00,
    0x00, 0xB0, 0xFF, 0x08, 0x00, 0x00, 0x00, 0x00, 0xF1, 0xFF, 0x04, 0x40, 0x00, 0x00, 0x10, 0xFB,
    0xDF, 0x00, 0xF0, 0xCF, 0xAA, 0xFC, 0xFF, 0x4F, 0x00, 0xF0, 0xFF, 0xFF, 0xFF, 0xFF, 0x05, 0x00,
    0x60, 0xEA, 0xFF, 0xCF, 0x18, 0x00, 0x00, 0xF1, 0xFF, 0x01, 0x00, 0x00, 0xB5, 0xFE, 0xCF, 0x07,
    0x00, 0x00, 0xF1, 0xFF, 0x01, 0x00, 0xB0, 0xFF, 0xFF, 0xFF, 0xEF, 0x02, 0x00, 0xF1, 0xFF, 0x01,
    0x00, 0xFA, 0xFF, 0xAD, 0xFC, 0xFF, 0x1E, 0x00, 0xF1, 0xFF, 0x01, 0x30, 0xFF, 0x7F, 0x00, 0x40,
    0xFF, 0x8F, 0x00, 0xF1, 0xFF, 0x01, 0x90, 0xFF, 0x0B, 0x00, 0x00, 0xF8, 0xDF, 0x00, 0xF1, 0xFF,
    0x01, 0xD0, 0xFF, 0x06, 0x00, 0x00, 0xF3, 0xFF, 0x01, 0xF1, 0xFF, 0xAA, 0xFA, 0xFF, 0x04, 0x00,
    0x00, 0xF1, 0xFF, 0x03, 0xF1, 0xFF, 0xFF, 0xFF, 0xFF, 0x03, 0x00, 0x00, 0xF0, 0xFF, 0x03, 0xF1,
    0xFF, 0xFF, 0xFF, 0xFF, 0x04, 0x00, 0x00, 0xF1, 0xFF, 0x03, 0xF1, 0xFF, 0x01, 0xF0, 0xFF, 0x06,
    0x00, 0x00, 0xF3, 0xFF, 0x01, 0xF1, 0xFF, 0x01, 0xC0, 0xFF, 0x0B, 0x00, 0x00, 0xF8, 0xDF, 0x00,
    0xF1, 0xFF, 0x01, 0x70, 0xFF, 0x7F, 0x00, 0x40, 0xFF, 0x7F, 0x00, 0xF1, 0xFF, 0x01, 0x00, 0xFD,
    0xFF, 0xBD, 0xFC, 0xFF, 0x0E, 0x00, 0xF1, 0xFF, 0x01, 0x00, 0xD2, 0xFF, 0xFF, 0xFF, 0xEF, 0x02,
    0x00, 0xF1, 0xFF, 0x01, 0x00, 0x00, 0xC7, 0xFE, 0xCF, 0x07, 0x00, 0x00, 0x00, 0x00, 0xA3, 0xFD,
    0xFF, 0xFF, 0x1F, 0x00, 0x70, 0xFF, 0xFF, 0xFF, 0xFF, 0x1F, 0x00, 0xF2, 0xFF, 0xAE, 0xA9, 0xFF,
    0x1F, 0x00, 0xF6, 0xEF, 0x01, 0x10, 0xFF, 0x1F, 0x00, 0xF7, 0xCF, 0x00, 0x10, 0xFF, 0x1F, 0x00,
    0xF4, 0xFF, 0x02, 0x10, 0xFF, 0x1F, 0x00, 0xD0, 0xFF, 0xBF, 0xA9, 0xFF, 0x1F, 0x00, 0x10, 0xFC,
    0xFF, 0xFF, 0xFF, 0x1F, 0x00, 0x00, 0xF1, 0xFF, 0xFF, 0xFF, 0x1F, 0x00, 0x00, 0xFB, 0xAF, 0x10,
    0xFF, 0x1F, 0x00, 0x50, 0xFF, 0x1F, 0x10, 0xFF, 0x1F, 0x00, 0xE0, 0xFF, 0x07, 0x10, 0xFF, 0x1F,
    0x00, 0xF8, 0xDF, 0x00, 0x10, 0xFF, 0x1F, 0x30, 0xFF, 0x4F, 0x00, 0x10, 0xFF, 0x1F, 0xC0, 0xFF,
    0x0B, 0x00, 0x10, 0xFF, 0x1F, 0x00, 0x93, 0xFD, 0xEF, 0x3B, 0x00, 0x00, 0xFD, 0xFF, 0xFF, 0xFF,
    0x04, 0x00, 0xE5, 0x69, 0xC5, 0xFF, 0x0D, 0x00, 0x00, 0x00, 0x20, 0xFF, 0x1F, 0x00, 0x00, 0x00,
    0x00, 0xFF, 0x1F, 0x00, 0x93, 0xEC, 0xFF, 0xFF, 0x1F, 0x60, 0xFF, 0xFF, 0xDE, 0xFF, 0x1F, 0xF0,
    0xFF, 0x09, 0x00, 0xFF, 0x1F, 0xF1, 0xFF, 0x02, 0x30, 0xFF, 0x1F, 0xF0, 0xFF, 0x4A, 0xE6, 0xFF,
    0x1F, 0x90, 0xFF, 0xFF, 0xEF, 0xFB, 0x1F, 0x00, 0xE8, 0xEF, 0x1A, 0xF4, 0x1F, 0x00, 0x00, 0x00,
    0x74, 0xB9, 0xCD, 0x00, 0x00, 0x00, 0xF8, 0xFF, 0xFF, 0xFF, 0x00, 0x00, 0xD1, 0xFF, 0xFF, 0xFF,
    0xCE, 0x00, 0x00, 0xFC, 0xEF, 0x48, 0x02, 0x00, 0x00, 0x40, 0xFF, 0x1E, 0x00, 0x00, 0x00, 0x00,
    0xA0, 0xFF, 0x07, 0x00, 0x00, 0x00, 0x00, 0xD0, 0xFF, 0x64, 0xFD, 0xBE, 0x03, 0x00, 0xF0, 0xFF,
    0xFA, 0xFF, 0xFF, 0x3F, 0x00, 0xF0, 0xFF, 0xCF, 0x65, 0xFE, 0xCF, 0x00, 0xF0, 0xFF, 0x09, 0x00,
    0xF5, 0xFF, 0x00, 0xF0, 0xFF, 0x02, 0x00, 0xF1, 0xFF, 0x01, 0xC0, 0xFF, 0x05, 0x00, 0xF2, 0xFF,
    0x00, 0x70, 0xFF, 0x0C, 0x00, 0xF7, 0xDF, 0x00, 0x10, 0xFF, 0xDF, 0xA8, 0xFF, 0x6F, 0x00, 0x00,
    0xF4, 0xFF, 0xFF, 0xFF, 0x0A, 0x00, 0x00, 0x20, 0xEA, 0xEF, 0x5B, 0x00, 0x00, 0xF5, 0xFF, 0xFF,
    0xEF, 0x3A, 0x00, 0xF5, 0xFF, 0xFF, 0xFF, 0xFF, 0x04, 0xF5, 0xDF, 0x33, 0xC4, 0xFF, 0x0B, 0xF5,
    0xCF, 0x00, 0x60, 0xFF, 0x0C, 0xF5, 0xCF, 0x22, 0xC3, 0xFF, 0x07, 0xF5, 0xFF, 0xFF, 0xFF, 0x7E,
    0x00, 0xF5, 0xFF, 0xFF, 0xFF, 0xDF, 0x03, 0xF5, 0xCF, 0x00, 0x70, 0xFF, 0x0E, 0xF5, 0xCF, 0x00,
    0x10, 0xFF, 0x2F, 0xF5, 0xCF, 0x22, 0xA3, 0xFF, 0x0F, 0xF5, 0xFF, 0xFF, 0xFF, 0xFF, 0x07, 0xF5,
    0xFF, 0xFF, 0xEF, 0x4B, 0x00, 0xF5, 0xFF, 0xFF, 0xFF, 0x09, 0xF5, 0xFF, 0xFF, 0xFF, 0x09, 0xF5,
    0xDF, 0x55, 0x55, 0x03, 0xF5, 0xCF, 0x00, 0x00, 0x00, 0xF5, 0xCF, 0x00, 0x00, 0x00, 0xF5, 0xCF,
    0x00, 0x00, 0x00, 0xF5, 0xCF, 0x00, 0x00, 0x00, 0xF5, 0xCF, 0x00, 0x00, 0x00, 0xF5, 0xCF, 0x00,
    0x00, 0x00, 0xF5, 0xCF, 0x00, 0x00, 0x00, 0xF5, 0xCF, 0x00, 0x00, 0x00, 0xF5, 0xCF, 0x00, 0x00,
    0x00, 0x00, 0x30, 0xFF, 0xFF, 0xFF, 0xFF, 0x00, 0x00, 0x50, 0xFF, 0xFF, 0xFF, 0xFF, 0x00, 0x00,
    0x70, 0xFF, 0x5A, 0xF7, 0xFF, 0x00, 0x00, 0x90, 0xFF, 0x05, 0xF3, 0xFF, 0x00, 0x00, 0xD0, 0xFF,
    0x02, 0xF3, 0xFF, 0x00, 0x00, 0xF1, 0xEF, 0x00, 0xF3, 0xFF, 0x00, 0x00, 0xF5, 0xBF, 0x00, 0xF3,
    0xFF, 0x00, 0x00, 0xFA, 0x6F, 0x00, 0xF3, 0xFF, 0x00, 0x10, 0xFF, 0x1F, 0x00, 0xF3, 0xFF, 0x00,
    0xA3, 0xFF, 0x4C, 0x44, 0xF6, 0xFF, 0x24, 0xFB, 0xFF, 0xFF, 0xFF, 0xFF, 0xFF, 0xAF, 0xFB, 0xFF,
    0xFF, 0xFF, 0xFF, 0xFF, 0xAF, 0xFB, 0x1F, 0x00, 0x00, 0x00, 0xF3, 0xAF, 0xFB, 0x1F, 0x00, 0x00,
    0x00, 0xF3, 0xAF, 0xFB, 0x1F, 0x00, 0x00, 0x00, 0xF3, 0xAF, 0xFB, 0x1F, 0x00, 0x00, 0x00, 0xF3,
    0xAF, 0x00, 0x40, 0xEB, 0xEF, 0x2A, 0x00, 0x00, 0xF7, 0xFF, 0xFF, 0xFF, 0x03, 0x30, 0xFF, 0x7F,
    0x83, 0xFF, 0x0D, 0xA0, 0xFF, 0x08, 0x00, 0xFB, 0x4F, 0xE0, 0xFF, 0x14, 0x11, 0xF8, 0x6F, 0xF0,
    0xFF, 0xFF, 0xFF, 0xFF, 0x7F, 0xF0, 0xFF, 0xFF, 0xFF, 0xFF, 0x8F, 0xF0, 0xFF, 0x02, 0x00, 0x00,
    0x00, 0xB0, 0xFF, 0x09, 0x00, 0x00, 0x01, 0x30, 0xFF, 0xAF, 0x55, 0xB7, 0x0D, 0x00, 0xF6, 0xFF,
    0xFF, 0xFF, 0x0D, 0x00, 0x30, 0xEA, 0xFF, 0xBE, 0x05, 0xF3, 0xEF, 0x01, 0x40, 0xFF, 0x0A, 0x00,
    0xFA, 0x9F, 0x00, 0x70, 0xFF, 0x0A, 0x40, 0xFF, 0x0A, 0x50, 0xFF, 0x0C, 0x00, 0x00, 0xFC, 0x6F,
    0x40, 0xFF, 0x0A, 0xE1, 0xFF, 0x02, 0x00, 0x00, 0xE1, 0xFF, 0x42, 0xFF, 0x0A, 0xFB, 0x5F, 0x00,
    0x00, 0x00, 0x40, 0xFF, 0x4C, 0xFF, 0x7A, 0xFF, 0x0A, 0x00, 0x00, 0x00, 0x00, 0xF9, 0xCF, 0xFF,
    0xFC, 0xEF, 0x00, 0x00, 0x00, 0x00, 0x00, 0xFD, 0x9F, 0xFF, 0xEB, 0xFF, 0x04, 0x00, 0x00, 0x00,
    0xA0, 0xFF, 0x49, 0xFF, 0x4A, 0xFF, 0x1E, 0x00, 0x00, 0x00, 0xF6, 0xDF, 0x40, 0xFF, 0x0A, 0xF8,
    0xBF, 0x00, 0x00, 0x20, 0xFF, 0x2F, 0x40, 0xFF, 0x0A, 0xC0, 0xFF, 0x07, 0x00, 0xD0, 0xFF, 0x06,
    0x40, 0xFF, 0x0A, 0x20, 0xFF, 0x3F, 0x00, 0xFA, 0xBF, 0x00, 0x40, 0xFF, 0x0A, 0x00, 0xF6, 0xEF,
    0x01, 0x50, 0xDA, 0xFF, 0xDF, 0x18, 0x00, 0xD0, 0xFF, 0xFF, 0xFF, 0xDF, 0x01, 0x60, 0x8C, 0x56,
    0xD6, 0xFF, 0x07, 0x00, 0x00, 0x00, 0x40, 0xFF, 0x08, 0x00, 0x10, 0x32, 0xC5, 0xFF, 0x03, 0x00,
    0xA0, 0xFF, 0xFF, 0x3C, 0x00, 0x00, 0xA0, 0xFF, 0xFF, 0xAF, 0x01, 0x00, 0x00, 0x00, 0xA2, 0xFF,
    0x0A, 0x00, 0x00, 0x00, 0x40, 0xFF, 0x0D, 0xF3, 0x8B, 0x76, 0xE9, 0xFF, 0x0A, 0xF3, 0xFF, 0xFF,
    0xFF, 0xDF, 0x01, 0x81, 0xEC, 0xFF, 0xCE, 0x07, 0x00, 0xF5, 0xAF, 0x00, 0x00, 0xF9, 0xFF, 0x07,
    0xF5, 0xAF, 0x00, 0x30, 0xFF, 0xFF, 0x07, 0xF5, 0xAF, 0x00, 0xD0, 0xFF, 0xFF, 0x07, 0xF5, 0xAF,
    0x00, 0xF7, 0xFF, 0xFF, 0x07, 0xF5, 0xAF, 0x20, 0xFF, 0x8F, 0xFF, 0x07, 0xF5, 0xAF, 0xB0, 0xFF,
    0x77, 0xFF, 0x07, 0xF5, 0x9F, 0xF5, 0xDF, 0x80, 0xFF, 0x07, 0xF5, 0x9F, 0xFE, 0x3F, 0x80, 0xFF,
    0x07, 0xF5, 0xFF, 0xFF, 0x09, 0x80, 0xFF, 0x07, 0xF5, 0xFF, 0xEF, 0x01, 0x80, 0xFF, 0x07, 0xF5,
    0xFF, 0x5F, 0x00, 0x80, 0xFF, 0x07, 0xF5, 0xFF, 0x0B, 0x00, 0x80, 0xFF, 0x07, 0x40, 0xFF, 0x08,
    0x00, 0xF4, 0x8F, 0x00, 0x10, 0xFF, 0x0D, 0x00, 0xFB, 0x4F, 0x00, 0x00, 0xF8, 0xEF, 0xEC, 0xFF,
    0x0B, 0x00, 0x00, 0x60, 0xFC, 0xFF, 0x7C, 0x00, 0x00, 0x00, 0x00, 0x00, 0x00, 0x00, 0x00, 0x00,
    0xF5, 0xAF, 0x00, 0x00, 0xF9, 0xFF, 0x07, 0xF5, 0xAF, 0x00, 0x30, 0xFF, 0xFF, 0x07, 0xF5, 0xAF,
    0x00, 0xD0, 0xFF, 0xFF, 0x07, 0xF5, 0xAF, 0x00, 0xF7, 0xFF, 0xFF, 0x07, 0xF5, 0xAF, 0x20, 0xFF,
    0x8F, 0xFF, 0x07, 0xF5, 0xAF, 0xB0, 0xFF, 0x77, 0xFF, 0x07, 0xF5, 0x9F, 0xF5, 0xDF, 0x80, 0xFF,
    0x07, 0xF5, 0x9F, 0xFE, 0x3F, 0x80, 0xFF, 0x07, 0xF5, 0xFF, 0xFF, 0x09, 0x80, 0xFF, 0x07, 0xF5,
    0xFF, 0xEF, 0x01, 0x80, 0xFF, 0x07, 0xF5, 0xFF, 0x5F, 0x00, 0x80, 0xFF, 0x07, 0xF5, 0xFF, 0x0B,
    0x00, 0x80, 0xFF, 0x07, 0xF5, 0xCF, 0x00, 0x30, 0xFF, 0x3F, 0xF5, 0xCF, 0x00, 0xE1, 0xFF, 0x06,
    0xF5, 0xCF, 0x00, 0xFB, 0xAF, 0x00, 0xF5, 0xCF, 0x70, 0xFF, 0x0C, 0x00, 0xF5, 0xCF, 0xF3, 0xEF,
    0x02, 0x00, 0xF5, 0xDF, 0xFE, 0x4F, 0x00, 0x00, 0xF5, 0xCF, 0xFC, 0xAF, 0x00, 0x00, 0xF5, 0xCF,
    0xE1, 0xFF, 0x07, 0x00, 0xF5, 0xCF, 0x40, 0xFF, 0x4F, 0x00, 0xF5, 0xCF, 0x00, 0xF7, 0xEF, 0x01,
    0xF5, 0xCF, 0x00, 0xB0, 0xFF, 0x0C, 0xF5, 0xCF, 0x00, 0x10, 0xFD, 0x9F, 0x00, 0xC0, 0xFF, 0xFF,
    0xFF, 0xEF, 0x00, 0xE0, 0xFF, 0xFF, 0xFF, 0xEF, 0x00, 0xF0, 0xEF, 0x55, 0xF8, 0xEF, 0x00, 0xF0,
    0xCF, 0x00, 0xF3, 0xEF, 0x00, 0xF2, 0xBF, 0x00, 0xF3, 0xEF, 0x00, 0xF4, 0x9F, 0x00, 0xF3, 0xEF,
    0x00, 0xF7, 0x6F, 0x00, 0xF3, 0xEF, 0x00, 0xFA, 0x4F, 0x00, 0xF3, 0xEF, 0x10, 0xFF, 0x0F, 0x00,
    0xF3, 0xEF, 0xDB, 0xFF, 0x0B, 0x00, 0xF3, 0xEF, 0xFF, 0xFF, 0x04, 0x00, 0xF3, 0xEF, 0xFD, 0x6E,
    0x00, 0x00, 0xF3, 0xEF, 0xF5, 0xFF, 0x4F, 0x00, 0x00, 0xF5, 0xFF, 0x1F, 0xF5, 0xFF, 0x9F, 0x00,
    0x00, 0xFB, 0xFF, 0x1F, 0xF5, 0xFF, 0xEF, 0x00, 0x10, 0xFF, 0xFF, 0x1F, 0xF5, 0xBF, 0xFF, 0x04,
    0x60, 0xFF, 0xFC, 0x1F, 0xF5, 0x8F, 0xFE, 0x0A, 0xC0, 0xAF, 0xFC, 0x1F, 0xF5, 0x8F, 0xF9, 0x0F,
    0xF2, 0x5F, 0xFD, 0x1F, 0xF5, 0x8F, 0xF3, 0x5F, 0xF7, 0x0F, 0xFD, 0x1F, 0xF5, 0x8F, 0xD0, 0xBF,
    0xFD, 0x0A, 0xFD, 0x1F, 0xF5, 0x8F, 0x80, 0xFF, 0xFF, 0x04, 0xFD, 0x1F, 0xF5, 0x8F, 0x20, 0xFF,
    0xEF, 0x00, 0xFD, 0x1F, 0xF5, 0x8F, 0x00, 0xFC, 0x9F, 0x00, 0xFD, 0x1F, 0xF5, 0x8F, 0x00, 0xF7,
    0x3F, 0x00, 0xFD, 0x1F, 0xF5, 0xCF, 0x00, 0x00, 0xFD, 0x4F, 0xF5, 0xCF, 0x00, 0x00, 0xFD, 0x4F,
    0xF5, 0xCF, 0x00, 0x00, 0xFD, 0x4F, 0xF5, 0xCF, 0x00, 0x00, 0xFD, 0x4F, 0xF5, 0xDF, 0x55, 0x55,
    0xFE, 0x4F, 0xF5, 0xFF, 0xFF, 0xFF, 0xFF, 0x4F, 0xF5, 0xFF, 0xFF, 0xFF, 0xFF, 0x4F, 0xF5, 0xCF,
    0x00, 0x00, 0xFD, 0x4F, 0xF5, 0xCF, 0x00, 0x00, 0xFD, 0x4F, 0xF5, 0xCF, 0x00, 0x00, 0xFD, 0x4F,
    0xF5, 0xCF, 0x00, 0x00, 0xFD, 0x4F, 0xF5, 0xCF, 0x00, 0x00, 0xFD, 0x4F, 0x00, 0x40, 0xEB, 0xEF,
    0x3A, 0x00, 0x00, 0x00, 0xF7, 0xFF, 0xFF, 0xFF, 0x06, 0x00, 0x30, 0xFF, 0xBF, 0xB8, 0xFF, 0x3F,
    0x00, 0xA0, 0xFF, 0x0A, 0x00, 0xFA, 0xAF, 0x00, 0xE0, 0xFF, 0x04, 0x00, 0xF4, 0xEF, 0x00, 0xF0,
    0xFF, 0x02, 0x00, 0xF2, 0xFF, 0x00, 0xF0, 0xFF, 0x02, 0x00, 0xF2, 0xFF, 0x00, 0xE0, 0xFF, 0x04,
    0x00, 0xF4, 0xEF, 0x00, 0xA0, 0xFF, 0x0A, 0x00, 0xFA, 0xAF, 0x00, 0x30, 0xFF, 0xBF, 0xB8, 0xFF,
    0x3F, 0x00, 0x00, 0xF6, 0xFF, 0xFF, 0xFF, 0x07, 0x00, 0x00, 0x30, 0xEA, 0xEF, 0x4B, 0x00, 0x00,
    0xF5, 0xFF, 0xFF, 0xFF, 0xFF, 0x1F, 0xF5, 0xFF, 0xFF, 0xFF, 0xFF, 0x1F, 0xF5, 0xDF, 0x55, 0x65,
    0xFF, 0x1F, 0xF5, 0xCF, 0x00, 0x10, 0xFF, 0x1F, 0xF5, 0xCF, 0x00, 0x10, 0xFF, 0x1F, 0xF5, 0xCF,
    0x00, 0x10, 0xFF, 0x1F, 0xF5, 0xCF, 0x00, 0x10, 0xFF, 0x1F, 0xF5, 0xCF, 0x00, 0x10, 0xFF, 0x1F,
    0xF5, 0xCF, 0x00, 0x10, 0xFF, 0x1F, 0xF5, 0xCF, 0x00, 0x10, 0xFF, 0x1F, 0xF5, 0xCF, 0x00, 0x10,
    0xFF, 0x1F, 0xF5, 0xCF, 0x00, 0x10, 0xFF, 0x1F, 0xF5, 0x5F, 0xB2, 0xFF, 0x2B, 0x00, 0xF5, 0xBF,
    0xFE, 0xFF, 0xFF, 0x02, 0xF5, 0xFF, 0x9E, 0xF9, 0xFF, 0x0B, 0xF5, 0xFF, 0x03, 0x50, 0xFF, 0x1F,
    0xF5, 0xDF, 0x00, 0x00, 0xFF, 0x4F, 0xF5, 0xCF, 0x00, 0x00, 0xFD, 0x5F, 0xF5, 0xCF, 0x00, 0x00,
    0xFD, 0x5F, 0xF5, 0xEF, 0x00, 0x00, 0xFF, 0x3F, 0xF5, 0xFF, 0x04, 0x50, 0xFF, 0x0F, 0xF5, 0xFF,
    0x9F, 0xF9, 0xFF, 0x0A, 0xF5, 0xDF, 0xFF, 0xFF, 0xEF, 0x02, 0xF5, 0xBF, 0xC3, 0xFF, 0x2B, 0x00,
    0xF5, 0xCF, 0x00, 0x00, 0x00, 0x00, 0xF5, 0xCF, 0x00, 0x00, 0x00, 0x00, 0xF5, 0xCF, 0x00, 0x00,
    0x00, 0x00, 0xF5, 0xCF, 0x00, 0x00, 0x00, 0x00, 0xF5, 0xCF, 0x00, 0x00, 0x00, 0x00, 0x00, 0x40,
    0xEB, 0xFF, 0x7C, 0x00, 0x00, 0xF8, 0xFF, 0xFF, 0xDF, 0x00, 0x40, 0xFF, 0xCF, 0xA8, 0x7E, 0x00,
    0xB0, 0xFF, 0x0B, 0x00, 0x00, 0x00, 0xE0, 0xFF, 0x04, 0x00, 0x00, 0x00, 0xF0, 0xFF, 0x02, 0x00,
    0x00, 0x00, 0xF0, 0xFF, 0x02, 0x00, 0x00, 0x00, 0xF0, 0xFF, 0x04, 0x00, 0x00, 0x00, 0xC0, 0xFF,
    0x0B, 0x00, 0x30, 0x00, 0x60, 0xFF, 0xCF, 0x98, 0xCD, 0x00, 0x00, 0xFB, 0xFF, 0xFF, 0xCF, 0x00,
    0x00, 0x60, 0xFC, 0xEF, 0x4B, 0x00, 0xF8, 0xFF, 0xFF, 0xFF, 0xFF, 0x2F, 0xF8, 0xFF, 0xFF, 0xFF,
    0xFF, 0x2F, 0x52, 0x55, 0xFD, 0x9F, 0x55, 0x05, 0x00, 0x00, 0xFC, 0x6F, 0x00, 0x00, 0x00, 0x00,
    0xFC, 0x6F, 0x00, 0x00, 0x00, 0x00, 0xFC, 0x6F, 0x00, 0x00, 0x00, 0x00, 0xFC, 0x6F, 0x00, 0x00,
    0x00, 0x00, 0xFC, 0x6F, 0x00, 0x00, 0x00, 0x00, 0xFC, 0x6F, 0x00, 0x00, 0x00, 0x00, 0xFC, 0x6F,
    0x00, 0x00, 0x00, 0x00, 0xFC, 0x6F, 0x00, 0x00, 0x00, 0x00, 0xFC, 0x6F, 0x00, 0x00, 0xFC, 0x9F,
    0x00, 0x00, 0xF9, 0xCF, 0xF6, 0xEF, 0x00, 0x00, 0xFE, 0x6F, 0xF1, 0xFF, 0x03, 0x30, 0xFF, 0x1F,
    0xA0, 0xFF, 0x09, 0x80, 0xFF, 0x0A, 0x40, 0xFF, 0x0E, 0xD0, 0xFF, 0x05, 0x00, 0xFD, 0x3F, 0xF2,
    0xEF, 0x00, 0x00, 0xF7, 0x8F, 0xF7, 0x9F, 0x00, 0x00, 0xF1, 0xCF, 0xFC, 0x3F, 0x00, 0x00, 0xB0,
    0xFF, 0xFF, 0x0D, 0x00, 0x00, 0x50, 0xFF, 0xFF, 0x07, 0x00, 0x00, 0x00, 0xFE, 0xFF, 0x02, 0x00,
    0x00, 0x00, 0xF9, 0xCF, 0x00, 0x00, 0x00, 0x00, 0xFB, 0x6F, 0x00, 0x00, 0x00, 0x40, 0xFF, 0x0F,
    0x00, 0x00, 0x82, 0xF9, 0xFF, 0x08, 0x00, 0x00, 0xF4, 0xFF, 0xCF, 0x00, 0x00, 0x00, 0xF3, 0xDF,
    0x07, 0x00, 0x00, 0x00, 0x00, 0x00, 0x00, 0xE0, 0xFF, 0x00, 0x00, 0x00, 0x00, 0x00, 0x00, 0x00,
    0xE0, 0xFF, 0x00, 0x00, 0x00, 0x00, 0x00, 0x00, 0x00, 0xE0, 0xFF, 0x00, 0x00, 0x00, 0x00, 0x00,
    0x00, 0x00, 0xE0, 0xFF, 0x00, 0x00, 0x00, 0x00, 0x00, 0x10, 0xC7, 0xFE, 0xFF, 0xCF, 0x06, 0x00,
    0x00, 0x00, 0xE3, 0xFF, 0xFF, 0xFF, 0xFF, 0xEF, 0x03, 0x00, 0x10, 0xFF, 0xEF, 0xE8, 0xFF, 0xE8,
    0xFF, 0x2F, 0x00, 0x90, 0xFF, 0x1E, 0xE0, 0xFF, 0x10, 0xFD, 0xAF, 0x00, 0xE0, 0xFF, 0x06, 0xE0,
    0xFF, 0x00, 0xF5, 0xFF, 0x00, 0xF0, 0xFF, 0x03, 0xE0, 0xFF, 0x00, 0xF1, 0xFF, 0x02, 0xF0, 0xFF,
    0x03, 0xE0, 0xFF, 0x00, 0xF1, 0xFF, 0x02, 0xE0, 0xFF, 0x06, 0xE0, 0xFF, 0x00, 0xF5, 0xFF, 0x00,
    0x80, 0xFF, 0x1E, 0xE0, 0xFF, 0x10, 0xFD, 0xAF, 0x00, 0x10, 0xFD, 0xEF, 0xE8, 0xFF, 0xD7, 0xFF,
    0x2F, 0x00, 0x00, 0xD2, 0xFF, 0xFF, 0xFF, 0xFF, 0xEF, 0x03, 0x00, 0x00, 0x00, 0xB5, 0xFE, 0xFF,
    0xCF, 0x07, 0x00, 0x00, 0x00, 0x00, 0x00, 0xE0, 0xFF, 0x00, 0x00, 0x00, 0x00, 0x00, 0x00, 0x00,
    0xE0, 0xFF, 0x00, 0x00, 0x00, 0x00, 0x00, 0x00, 0x00, 0xE0, 0xFF, 0x00, 0x00, 0x00, 0x00, 0x00,
    0x00, 0x00, 0xE0, 0xFF, 0x00, 0x00, 0x00, 0x00, 0x00, 0x00, 0x00, 0xE0, 0xFF, 0x00, 0x00, 0x00,
    0x00, 0xF6, 0xFF, 0x02, 0x10, 0xFE, 0x8F, 0x00, 0xC0, 0xFF, 0x0B, 0x90, 0xFF, 0x0D, 0x00, 0x20,
    0xFF, 0x4F, 0xF2, 0xFF, 0x04, 0x00, 0x00, 0xF8, 0xDF, 0xFB, 0xAF, 0x00, 0x00, 0x00, 0xD0, 0xFF,
    0xFF, 0x1E, 0x00, 0x00, 0x00, 0x40, 0xFF, 0xFF, 0x06, 0x00, 0x00, 0x00, 0x60, 0xFF, 0xFF, 0x08,
    0x00, 0x00, 0x00, 0xF1, 0xFF, 0xFF, 0x2F, 0x00, 0x00, 0x00, 0xFA, 0xBF, 0xF9, 0xCF, 0x00, 0x00,
    0x50, 0xFF, 0x2F, 0xE1, 0xFF, 0x06, 0x00, 0xE0, 0xFF, 0x08, 0x60, 0xFF, 0x1F, 0x00, 0xF9, 0xEF,
    0x00, 0x00, 0xFC, 0xBF, 0x00, 0xF5, 0xCF, 0x00, 0x00, 0xFA, 0x7F, 0x00, 0xF5, 0xCF, 0x00, 0x00,
    0xFA, 0x7F, 0x00, 0xF5, 0xCF, 0x00, 0x00, 0xFA, 0x7F, 0x00, 0xF5, 0xCF, 0x00, 0x00, 0xFA, 0x7F,
    0x00, 0xF5, 0xCF, 0x00, 0x00, 0xFA, 0x7F, 0x00, 0xF5, 0xCF, 0x00, 0x00, 0xFA, 0x7F, 0x00, 0xF5,
    0xCF, 0x00, 0x00, 0xFA, 0x7F, 0x00, 0xF5, 0xCF, 0x00, 0x00, 0xFA, 0x7F, 0x00, 0xF5, 0xCF, 0x00,
    0x00, 0xFA, 0x7F, 0x00, 0xF5, 0xDF, 0x55, 0x55, 0xFC, 0xAF, 0x04, 0xF5, 0xFF, 0xFF, 0xFF, 0xFF,
    0xFF, 0x2F, 0xF5, 0xFF, 0xFF, 0xFF, 0xFF, 0xFF, 0x2F, 0x00, 0x00, 0x00, 0x00, 0x00, 0xFA, 0x2F,
    0x00, 0x00, 0x00, 0x00, 0x00, 0xFA, 0x2F, 0x00, 0x00, 0x00, 0x00, 0x00, 0xFA, 0x2F, 0x00, 0x00,
    0x00, 0x00, 0x00, 0xFA, 0x2F, 0xFB, 0x6F, 0x00, 0x00, 0xFF, 0x2F, 0xFB, 0x6F, 0x00, 0x00, 0xFF,
    0x2F, 0xFB, 0x6F, 0x00, 0x00, 0xFF, 0x2F, 0xFB, 0x6F, 0x00, 0x00, 0xFF, 0x2F, 0xFB, 0x6F, 0x00,
    0x00, 0xFF, 0x2F, 0xF9, 0xDF, 0x55, 0xD8, 0xFF, 0x2F, 0xF2, 0xFF, 0xFF, 0xFF, 0xFF, 0x2F, 0x30,
    0xFB, 0xEF, 0x39, 0xFF, 0x2F, 0x00, 0x00, 0x00, 0x00, 0xFF, 0x2F, 0x00, 0x00, 0x00, 0x00, 0xFF,
    0x2F, 0x00, 0x00, 0x00, 0x00, 0xFF, 0x2F, 0x00, 0x00, 0x00, 0x00, 0xFF, 0x2F, 0xF5, 0xCF, 0x00,
    0x60, 0xFF, 0x0B, 0x00, 0xF6, 0xBF, 0xF5, 0xCF, 0x00, 0x60, 0xFF, 0x0B, 0x00, 0xF6, 0xBF, 0xF5,
    0xCF, 0x00, 0x60, 0xFF, 0x0B, 0x00, 0xF6, 0xBF, 0xF5, 0xCF, 0x00, 0x60, 0xFF, 0x0B, 0x00, 0xF6,
    0xBF, 0xF5, 0xCF, 0x00, 0x60, 0xFF, 0x0B, 0x00, 0xF6, 0xBF, 0xF5, 0xCF, 0x00, 0x60, 0xFF, 0x0B,
    0x00, 0xF6, 0xBF, 0xF5, 0xCF, 0x00, 0x60, 0xFF, 0x0B, 0x00, 0xF6, 0xBF, 0xF5, 0xCF, 0x00, 0x60,
    0xFF, 0x0B, 0x00, 0xF6, 0xBF, 0xF5, 0xCF, 0x00, 0x60, 0xFF, 0x0B, 0x00, 0xF6, 0xBF, 0xF5, 0xDF,
    0x55, 0x95, 0xFF, 0x5D, 0x55, 0xF9, 0xBF, 0xF5, 0xFF, 0xFF, 0xFF, 0xFF, 0xFF, 0xFF, 0xFF, 0xBF,
    0xF5, 0xFF, 0xFF, 0xFF, 0xFF, 0xFF, 0xFF, 0xFF, 0xBF, 0xF5, 0xCF, 0x00, 0x60, 0xFF, 0x0B, 0x00,
    0xF6, 0xBF, 0x00, 0xF5, 0xCF, 0x00, 0x60, 0xFF, 0x0B, 0x00, 0xF6, 0xBF, 0x00, 0xF5, 0xCF, 0x00,
    0x60, 0xFF, 0x0B, 0x00, 0xF6, 0xBF, 0x00, 0xF5, 0xCF, 0x00, 0x60, 0xFF, 0x0B, 0x00, 0xF6, 0xBF,
    0x00, 0xF5, 0xCF, 0x00, 0x60, 0xFF, 0x0B, 0x00, 0xF6, 0xBF, 0x00, 0xF5, 0xCF, 0x00, 0x60, 0xFF,
    0x0B, 0x00, 0xF6, 0xBF, 0x00, 0xF5, 0xCF, 0x00, 0x60, 0xFF, 0x0B, 0x00, 0xF6, 0xBF, 0x00, 0xF5,
    0xCF, 0x00, 0x60, 0xFF, 0x0B, 0x00, 0xF6, 0xBF, 0x00, 0xF5, 0xCF, 0x00, 0x60, 0xFF, 0x0B, 0x00,
    0xF6, 0xBF, 0x00, 0xF5, 0xDF, 0x55, 0x95, 0xFF, 0x5D, 0x55, 0xF9, 0xCF, 0x14, 0xF5, 0xFF, 0xFF,
    0xFF, 0xFF, 0xFF, 0xFF, 0xFF, 0xFF, 0x6F, 0xF5, 0xFF, 0xFF, 0xFF, 0xFF, 0xFF, 0xFF, 0xFF, 0xFF,
    0x6F, 0x00, 0x00, 0x00, 0x00, 0x00, 0x00, 0x00, 0x00, 0xF6, 0x6F, 0x00, 0x00, 0x00, 0x00, 0x00,
    0x00, 0x00, 0x00, 0xF6, 0x6F, 0x00, 0x00, 0x00, 0x00, 0x00, 0x00, 0x00, 0x00, 0xF6, 0x6F, 0x00,
    0x00, 0x00, 0x00, 0x00, 0x00, 0x00, 0x00, 0xF6, 0x6F, 0xFF, 0xFF, 0xFF, 0x0C, 0x00, 0x00, 0x00,
    0x00, 0xFF, 0xFF, 0xFF, 0x0C, 0x00, 0x00, 0x00, 0x00, 0x55, 0x95, 0xFF, 0x0C, 0x00, 0x00, 0x00,
    0x00, 0x00, 0x50, 0xFF, 0x0C, 0x00, 0x00, 0x00, 0x00, 0x00, 0x50, 0xFF, 0x0C, 0x00, 0x00, 0x00,
    0x00, 0x00, 0x50, 0xFF, 0xFF, 0xFF, 0xBE, 0x06, 0x00, 0x00, 0x50, 0xFF, 0xFF, 0xFF, 0xFF, 0x9F,
    0x00, 0x00, 0x50, 0xFF, 0x2D, 0x32, 0xF8, 0xFF, 0x01, 0x00, 0x50, 0xFF, 0x0C, 0x00, 0xF0, 0xFF,
    0x02, 0x00, 0x50, 0xFF, 0x2D, 0x32, 0xF9, 0xFF, 0x00, 0x00, 0x50, 0xFF, 0xFF, 0xFF, 0xFF, 0x7F,
    0x00, 0x00, 0x50, 0xFF, 0xFF, 0xFF, 0xBE, 0x05, 0x00, 0xF5, 0xCF, 0x00, 0x00, 0x00, 0x00, 0xFE,
    0x3F, 0xF5, 0xCF, 0x00, 0x00, 0x00, 0x00, 0xFE, 0x3F, 0xF5, 0xCF, 0x00, 0x00, 0x00, 0x00, 0xFE,
    0x3F, 0xF5, 0xCF, 0x00, 0x00, 0x00, 0x00, 0xFE, 0x3F, 0xF5, 0xCF, 0x00, 0x00, 0x00, 0x00, 0xFE,
    0x3F, 0xF5, 0xFF, 0xFF, 0xCF, 0x07, 0x00, 0xFE, 0x3F, 0xF5, 0xFF, 0xFF, 0xFF, 0xDF, 0x00, 0xFE,
    0x3F, 0xF5, 0xCF, 0x22, 0xF5, 0xFF, 0x04, 0xFE, 0x3F, 0xF5, 0xCF, 0x00, 0xB0, 0xFF, 0x06, 0xFE,
    0x3F, 0xF5, 0xCF, 0x22, 0xF6, 0xFF, 0x03, 0xFE, 0x3F, 0xF5, 0xFF, 0xFF, 0xFF, 0xBF, 0x00, 0xFE,
    0x3F, 0xF5, 0xFF, 0xFF, 0xCF, 0x07, 0x00, 0xFE, 0x3F, 0xF5, 0xCF, 0x00, 0x00, 0x00, 0x00, 0xF5,
    0xCF, 0x00, 0x00, 0x00, 0x00, 0xF5, 0xCF, 0x00, 0x00, 0x00, 0x00, 0xF5, 0xCF, 0x00, 0x00, 0x00,
    0x00, 0xF5, 0xCF, 0x00, 0x00, 0x00, 0x00, 0xF5, 0xFF, 0xFF, 0xEF, 0x5B, 0x00, 0xF5, 0xFF, 0xFF,
    0xFF, 0xFF, 0x09, 0xF5, 0xCF, 0x22, 0x83, 0xFF, 0x0F, 0xF5, 0xCF, 0x00, 0x00, 0xFF, 0x2F, 0xF5,
    0xCF, 0x22, 0x93, 0xFF, 0x0F, 0xF5, 0xFF, 0xFF, 0xFF, 0xFF, 0x07, 0xF5, 0xFF, 0xFF, 0xEF, 0x4B,
    0x00, 0x70, 0xEC, 0xEF, 0x4B, 0x00, 0xE0, 0xFF, 0xFF, 0xFF, 0x07, 0x70, 0x6A, 0xA5, 0xFF, 0x2F,
    0x00, 0x00, 0x00, 0xFC, 0x8F, 0x00, 0x10, 0x11, 0xF8, 0xBF, 0x00, 0xFC, 0xFF, 0xFF, 0xCF, 0x00,
    0xFC, 0xFF, 0xFF, 0xCF, 0x00, 0x00, 0x00, 0xF7, 0xAF, 0x00, 0x00, 0x00, 0xFC, 0x7F, 0xD3, 0x58,
    0xB5, 0xFF, 0x1F, 0xF3, 0xFF, 0xFF, 0xFF, 0x05, 0x91, 0xFD, 0xEF, 0x3A, 0x00, 0xF5, 0xCF, 0x00,
    0x00, 0xC6, 0xFF, 0x7D, 0x00, 0x00, 0xF5, 0xCF, 0x00, 0xA0, 0xFF, 0xFF, 0xFF, 0x1D, 0x00, 0xF5,
    0xCF, 0x00, 0xF6, 0xFF, 0x9A, 0xFE, 0xAF, 0x00, 0xF5, 0xCF, 0x00, 0xFD, 0x7F, 0x00, 0xF3, 0xFF,
    0x01, 0xF5, 0xDF, 0x65, 0xFF, 0x1F, 0x00, 0xD0, 0xFF, 0x05, 0xF5, 0xFF, 0xFF, 0xFF, 0x0F, 0x00,
    0xB0, 0xFF, 0x07, 0xF5, 0xFF, 0xFF, 0xFF, 0x0F, 0x00, 0xB0, 0xFF, 0x07, 0xF5, 0xCF, 0x10, 0xFF,
    0x1F, 0x00, 0xD0, 0xFF, 0x05, 0xF5, 0xCF, 0x00, 0xFD, 0x7F, 0x00, 0xF3, 0xFF, 0x01, 0xF5, 0xCF,
    0x00, 0xF6, 0xFF, 0x9A, 0xFE, 0xAF, 0x00, 0xF5, 0xCF, 0x00, 0xA0, 0xFF, 0xFF, 0xFF, 0x1D, 0x00,
    0xF5, 0xCF, 0x00, 0x00, 0xC6, 0xFF, 0x8D, 0x00, 0x00, 0x00, 0xB3, 0xFE, 0xFF, 0xFF, 0x0D, 0x50,
    0xFF, 0xFF, 0xFF, 0xFF, 0x0D, 0xE0, 0xFF, 0x39, 0x73, 0xFF, 0x0D, 0xF2, 0xFF, 0x00, 0x50, 0xFF,
    0x0D, 0xF1, 0xFF, 0x00, 0x50, 0xFF, 0x0D, 0xE0, 0xFF, 0x2A, 0x61, 0xFF, 0x0D, 0x60, 0xFF, 0xFF,
    0xFF, 0xFF, 0x0D, 0x00, 0xF5, 0xFF, 0xFF, 0xFF, 0x0D, 0x00, 0xF7, 0xAF, 0x50, 0xFF, 0x0D, 0x30,
    0xFF, 0x1E, 0x50, 0xFF, 0x0D, 0xD0, 0xFF, 0x05, 0x50, 0xFF, 0x0D, 0xFA, 0xBF, 0x00, 0x50, 0xFF,
    0x0D, 0x00, 0x90, 0x2A, 0x80, 0x3B, 0x00, 0x00, 0xF4, 0x8F, 0xF2, 0xBF, 0x00, 0x00, 0xD1, 0x4E,
    0xC0, 0x6F, 0x00, 0x00, 0x00, 0x00, 0x00, 0x00, 0x00, 0x00, 0x40, 0xEB, 0xEF, 0x2A, 0x00, 0x00,
    0xF7, 0xFF, 0xFF, 0xFF, 0x03, 0x30, 0xFF, 0x7F, 0x83, 0xFF, 0x0D, 0xA0, 0xFF, 0x08, 0x00, 0xFB,
    0x4F, 0xE0, 0xFF, 0x14, 0x11, 0xF8, 0x6F, 0xF0, 0xFF, 0xFF, 0xFF, 0xFF, 0x7F, 0xF0, 0xFF, 0xFF,
    0xFF, 0xFF, 0x8F, 0xF0, 0xFF, 0x02, 0x00, 0x00, 0x00, 0xB0, 0xFF, 0x09, 0x00, 0x00, 0x01, 0x30,
    0xFF, 0xAF, 0x55, 0xB7, 0x0D, 0x00, 0xF6, 0xFF, 0xFF, 0xFF, 0x0D, 0x00, 0x30, 0xEA, 0xFF, 0xBE,
    0x05, 0x50, 0x55, 0x55, 0x55, 0x35, 0xF2, 0xFF, 0xFF, 0xFF, 0xAF, 0xF2, 0xFF, 0xFF, 0xFF, 0xAF,
    0x50, 0x55, 0x55, 0x55, 0x55, 0x55, 0x55, 0x55, 0x55, 0x55, 0x00, 0xF2, 0xFF, 0xFF, 0xFF, 0xFF,
    0xFF, 0xFF, 0xFF, 0xFF, 0xFF, 0x02, 0xF2, 0xFF, 0xFF, 0xFF, 0xFF, 0xFF, 0xFF, 0xFF, 0xFF, 0xFF,
    0x02, 0x50, 0x55, 0x55, 0x55, 0x55, 0x55, 0x55, 0x55, 0x55, 0x55, 0x00, 0xF2, 0xFF, 0xFF, 0xFF,
    0xFF, 0xFF, 0xFF, 0xFF, 0xFF, 0xFF, 0x02, 0xF2, 0xFF, 0xFF, 0xFF, 0xFF, 0xFF, 0xFF, 0xFF, 0xFF,
    0xFF, 0x02, 0x60, 0x66, 0x66, 0x66, 0x46, 0xF0, 0xFF, 0xFF, 0xFF, 0xAF, 0x00, 0x00, 0x00, 0x00,
    0x00, 0xF0, 0xFF, 0xFF, 0xFF, 0xAF, 0x60, 0x66, 0x66, 0x66, 0x46, 0x20, 0xFF, 0x03, 0x90, 0xFF,
    0x00, 0xF0, 0xCF, 0x00, 0xF5, 0x8F, 0x00, 0xFA, 0x5F, 0x00, 0xC0, 0xFF, 0x03, 0xF0, 0xEF, 0x00,
    0xF2, 0x8F, 0x00, 0xF6, 0x2F, 0x00, 0xFA, 0x0B, 0x00, 0x60, 0xFF, 0x09, 0x90, 0xFF, 0x05, 0xC0,
    0xEF, 0x00, 0xF0, 0x8F, 0x00, 0xF3, 0x2F, 0x00, 0xFA, 0x5F, 0x00, 0xF5, 0x8F, 0x00, 0xF0, 0xCF,
    0x00, 0x90, 0xFF, 0x00, 0x20, 0xFF, 0x03, 0x20, 0xFF, 0x03, 0xF6, 0x0F, 0x90, 0xFF, 0x00, 0xFC,
    0x0C, 0xF0, 0xCF, 0x30, 0xFF, 0x08, 0xF5, 0x8F, 0x90, 0xFF, 0x05, 0xFA, 0x5F, 0xD0, 0xFF, 0x02,
    0xC0, 0xFF, 0x03, 0xFF, 0x0F, 0xF0, 0xEF, 0x30, 0xFF, 0x0B, 0xF2, 0x8F, 0x60, 0xFF, 0x05, 0xF6,
    0x2F, 0x90, 0xEF, 0x00, 0xFA, 0x0B, 0xD0, 0x8F, 0x00, 0x60, 0xFF, 0x09, 0xF9, 0x6F, 0x90, 0xFF,
    0x05, 0xFC, 0x1F, 0xC0, 0xEF, 0x00, 0xFF, 0x0B, 0xF0, 0x8F, 0x30, 0xFF, 0x05, 0xF3, 0x2F, 0x60,
    0xEF, 0x00, 0x00, 0xF0, 0xAF, 0x00, 0x00, 0x00, 0xE0, 0x8F, 0x00, 0x00, 0x00, 0xC0, 0x6F, 0x00,
    0x00, 0x33, 0xA1, 0x4F, 0x32, 0x02, 0xFB, 0xFF, 0xFF, 0xFF, 0x09, 0xFB, 0xFF, 0xEF, 0xFF, 0x09,
    0x01, 0x90, 0x3F, 0x00, 0x01, 0x00, 0xA0, 0x4F, 0x00, 0x00, 0x00, 0xB0, 0x5F, 0x00, 0x00, 0x00,
    0xC0, 0x6F, 0x00, 0x00, 0x00, 0xC0, 0x6F, 0x00, 0x00, 0x00, 0xD0, 0x7F, 0x00, 0x00, 0x00, 0xE0,
    0x8F, 0x00, 0x00, 0x00, 0xF0, 0x9F, 0x00, 0x00, 0x00, 0xF0, 0xAF, 0x00, 0x00, 0x00, 0xF1, 0xBF,
    0x00, 0x00, 0x00, 0xF0, 0xCF, 0x00, 0x00, 0x00, 0xC0, 0xAF, 0x00, 0x00, 0x00, 0xA0, 0x7F, 0x00,
    0x00, 0x33, 0x81, 0x6F, 0x31, 0x03, 0xFD, 0xFF, 0xFF, 0xFF, 0x0B, 0xFD, 0xEF, 0xEF, 0xFF, 0x0B,
    0x01, 0x90, 0x6F, 0x00, 0x01, 0x00, 0xD0, 0xAF, 0x00, 0x00, 0x00, 0xC0, 0xAF, 0x00, 0x00, 0x01,
    0x90, 0x6F, 0x10, 0x01, 0xFD, 0xFF, 0xEF, 0xFF, 0x0B, 0xFD, 0xFF, 0xFF, 0xFF, 0x0B, 0x33, 0x81,
    0x6F, 0x31, 0x03, 0x00, 0xA0, 0x7F, 0x00, 0x00, 0x00, 0xC0, 0xAF, 0x00, 0x00, 0x00, 0xF0, 0xCF,
    0x00, 0x00, 0x30, 0x77, 0x02, 0xF5, 0xFF, 0x4F, 0xFD, 0xFF, 0xBF, 0xFF, 0xFF, 0xEF, 0xFF, 0xFF,
    0xDF, 0xFA, 0xFF, 0x8F, 0xA1, 0xFF, 0x09, 0x60, 0x06, 0x00, 0x60, 0x06, 0x00, 0x61, 0x06, 0xFA,
    0xAF, 0x00, 0xFA, 0x9F, 0x00, 0xFA, 0x9F, 0xFC, 0xBF, 0x00, 0xFC, 0xBF, 0x00, 0xFC, 0xBF, 0xE5,
    0x5E, 0x00, 0xE5, 0x4E, 0x00, 0xE5, 0x4E, 0x10, 0xFA, 0xCF, 0x03, 0x00, 0x00, 0xFE, 0x08, 0x00,
    0x00, 0x00, 0x00, 0x00, 0x00, 0xB0, 0xFF, 0xFF, 0x1F, 0x00, 0x70, 0xEF, 0x01, 0x00, 0x00, 0x00,
    0x00, 0x00, 0x00, 0xF1, 0xAF, 0xF4, 0x7F, 0x00, 0xF1, 0x7F, 0x00, 0x00, 0x00, 0x00, 0x00, 0x00,
    0x00, 0xF4, 0x4F, 0xE0, 0xBF, 0x00, 0xF9, 0x0D, 0x00, 0x00, 0x00, 0x00, 0x00, 0x00, 0x00, 0xF5,
    0x3F, 0xD0, 0xCF, 0x20, 0xFF, 0x05, 0x00, 0x00, 0x00, 0x00, 0x00, 0x00, 0x00, 0xF4, 0x4F, 0xE0,
    0xBF, 0xB0, 0xCF, 0x00, 0x00, 0x00, 0x00, 0x00, 0x00, 0x00, 0x00, 0xF1, 0xAF, 0xF4, 0x7F, 0xF3,
    0x3F, 0xD5, 0xEF, 0x08, 0x00, 0xD5, 0xEF, 0x08, 0x00, 0xA0, 0xFF, 0xFF, 0x1F, 0xFC, 0x3A, 0xFF,
    0xFF, 0x8F, 0x30, 0xFF, 0xFF, 0x8F, 0x00, 0x00, 0xE9, 0xCF, 0x54, 0xFF, 0x92, 0xFF, 0xB4, 0xFF,
    0x90, 0xFF, 0xB3, 0xFF, 0x00, 0x00, 0x00, 0x00, 0xE0, 0x9F, 0xC0, 0xCF, 0x60, 0xFF, 0xC3, 0xCF,
    0x60, 0xFF, 0x02, 0x00, 0x00, 0x00, 0xF7, 0x1E, 0xD0, 0xBF, 0x50, 0xFF, 0xD4, 0xBF, 0x50, 0xFF,
    0x03, 0x00, 0x00, 0x10, 0xFF, 0x07, 0xC0, 0xCF, 0x60, 0xFF, 0xC3, 0xCF, 0x60, 0xFF, 0x02, 0x00,
    0x00, 0x90, 0xDF, 0x00, 0x90, 0xFF, 0xB3, 0xFF, 0x90, 0xFF, 0xB3, 0xFF, 0x00, 0x00, 0x00, 0xF2,
    0x5F, 0x00, 0x20, 0xFF, 0xFF, 0x9F, 0x20, 0xFF, 0xFF, 0x9F, 0x00, 0x00, 0x00, 0xFA, 0x0C, 0x00,
    0x00, 0xD4, 0xEF, 0x09, 0x00, 0xD4, 0xEF, 0x09, 0x00, 0x00, 0x90, 0xFF, 0x03, 0x00, 0xF2, 0x7F,
    0x00, 0x00, 0xFA, 0x0B, 0x00, 0x30, 0xEF, 0x01, 0x00, 0xC0, 0x5F, 0x00, 0x00, 0x00, 0x90, 0xFF,
    0x03, 0xFE, 0x0C, 0x00, 0xF2, 0x7F, 0x80, 0xFF, 0x02, 0x00, 0xFA, 0x0B, 0xF1, 0x6F, 0x00, 0x30,
    0xEF, 0x01, 0xF9, 0x0A, 0x00, 0xC0, 0x5F, 0x20, 0xEF, 0x01, 0x00, 0x00, 0x00, 0x8B, 0x00, 0x00,
    0x80, 0xFF, 0x0A, 0x00, 0xF5, 0xEF, 0x01, 0x20, 0xFF, 0x3F, 0x00, 0xD0, 0xFF, 0x06, 0x00, 0xD0,
    0xFF, 0x06, 0x00, 0x20, 0xFF, 0x3F, 0x00, 0x00, 0xF5, 0xEF, 0x01, 0x00, 0x80, 0xFF, 0x0A, 0x00,
    0x00, 0x8B, 0x00, 0x20, 0x7A, 0x00, 0x00, 0xD0, 0xFF, 0x04, 0x00, 0x30, 0xFF, 0x1E, 0x00, 0x00,
    0xF7, 0xCF, 0x00, 0x00, 0xB0, 0xFF, 0x09, 0x00, 0xB0, 0xFF, 0x09, 0x00, 0xF7, 0xCF, 0x00, 0x30,
    0xFF, 0x2E, 0x00, 0xD0, 0xFF, 0x04, 0x00, 0x20, 0x7A, 0x00, 0x00, 0xFB, 0xCF, 0x00, 0xFC, 0xBF,
    0xFA, 0xBF, 0x00, 0xFB, 0xAF, 0xF9, 0xAF, 0x00, 0xFA, 0x9F, 0xF8, 0x9F, 0x00, 0xF9, 0x9F, 0xF8,
    0x8F, 0x00, 0xF8, 0x8F, 0xF7, 0x7F, 0x00, 0xF7, 0x7F, 0xF6, 0x6F, 0x00, 0xF6, 0x6F, 0xF5, 0x5F,
    0x00, 0xF5, 0x5F, 0xF4, 0x4F, 0x00, 0xF4, 0x4F, 0x00, 0x00, 0x00, 0x00, 0x00, 0x00, 0x00, 0x00,
    0x00, 0x00, 0x60, 0x06, 0x00, 0x60, 0x06, 0xFA, 0xAF, 0x00, 0xFA, 0x9F, 0xFC, 0xBF, 0x00, 0xFC,
    0xBF, 0xE5, 0x5E, 0x00, 0xE5, 0x4E, 0x00, 0x00, 0x00, 0x00, 0xE1, 0x7F, 0x00, 0x00, 0x00, 0x00,
    0xF8, 0x0D, 0x00, 0x00, 0x00, 0x20, 0xFF, 0x05, 0x00, 0x00, 0x00, 0xA0, 0xCF, 0x00, 0x00, 0x00,
    0x00, 0xF3, 0x3F, 0x00, 0x00, 0x00, 0x00, 0xFC, 0x0A, 0x00, 0x00, 0x00, 0x50, 0xFF, 0x02, 0x00,
    0x00, 0x00, 0xD0, 0x9F, 0x00, 0x00, 0x00, 0x00, 0xF6, 0x1F, 0x00, 0x00, 0x00, 0x00, 0xFE, 0x07,
    0x00, 0x00, 0x00, 0x80, 0xEF, 0x00, 0x00, 0x00, 0x00, 0xF1, 0x5F, 0x00, 0x00, 0x00, 0x00, 0xFA,
    0x0C, 0x00, 0x00, 0x00, 0x30, 0xFF, 0x04, 0x00, 0x00, 0x00, 0xC0, 0xBF, 0x00, 0x00, 0x00, 0x00,
};
// GlyphProps[width, height, advance_x, left, top, compressed_size, data_offset, code_point]
const GFXglyph OpenSans10BGlyphs[] = {
    { 0, 0, 5, 0, 0, 0, 0 }, // ' '
    { 4, 15, 6, 1, 15, 30, 0 }, // '!'
    { 8, 5, 10, 1, 15, 20, 30 }, // '"'
    { 14, 15, 14, 0, 15, 105, 50 }, // '#'
    { 12, 17, 12, 0, 16, 102, 155 }, // '$'
    { 19, 15, 19, 0, 15, 150, 257 }, // '%'
    { 16, 15, 16, 0, 15, 120, 407 }, // '&'
    { 4, 5, 6, 1, 15, 10, 527 }, // '''
    { 7, 18, 7, 0, 15, 72, 537 }, // '('
    { 7, 18, 7, 0, 15, 72, 609 }, // ')'
    { 11, 11, 11, 0, 16, 66, 681 }, // '*'
    { 12, 11, 12, 0, 13, 66, 747 }, // '+'
    { 5, 5, 6, 0, 2, 15, 813 }, // ','
    { 7, 3, 7, 0, 7, 12, 828 }, // '-'
    { 4, 4, 6, 1, 4, 8, 840 }, // '.'
    { 9, 15, 9, 0, 15, 75, 848 }, // '/'
    { 12, 15, 12, 0, 15, 90, 923 }, // '0'
    { 8, 15, 12, 1, 15, 60, 1013 }, // '1'
    { 12, 15, 12, 0, 15, 90, 1073 }, // '2'
    { 12, 15, 12, 0, 15, 90, 1163 }, // '3'
    { 12, 15, 12, 0, 15, 90, 1253 }, // '4'
    { 11, 15, 12, 1, 15, 90, 1343 }, // '5'
    { 12, 15, 12, 0, 15, 90, 1433 }, // '6'
    { 12, 15, 12, 0, 15, 90, 1523 }, // '7'
    { 12, 15, 12, 0, 15, 90, 1613 }, // '8'
    { 12, 15, 12, 0, 15, 90, 1703 }, // '9'
    { 4, 12, 6, 1, 12, 24, 1793 }, // ':'
    { 5, 15, 6, 0, 12, 45, 1817 }, // ';'
    { 12, 11, 12, 0, 13, 66, 1862 }, // '<'
    { 12, 8, 12, 0, 12, 48, 1928 }, // '='
    { 12, 11, 12, 0, 13, 66, 1976 }, // '>'
    { 10, 15, 10, 0, 15, 75, 2042 }, // '?'
    { 17, 17, 19, 1, 15, 153, 2117 }, // '@'
    { 15, 15, 14, 0, 15, 120, 2270 }, // 'A'
    { 12, 15, 14, 1, 15, 90, 2390 }, // 'B'
    { 12, 15, 13, 1, 15, 90, 2480 }, // 'C'
    { 14, 15, 16, 1, 15, 105, 2570 }, // 'D'
    { 10, 15, 12, 1, 15, 75, 2675 }, // 'E'
    { 10, 15, 12, 1, 15, 75, 2750 }, // 'F'
    { 13, 15, 15, 1, 15, 105, 2825 }, // 'G'
    { 14, 15, 16, 1, 15, 105, 2930 }, // 'H'
    { 5, 15, 7, 1, 15, 45, 3035 }, // 'I'
    { 8, 19, 7, -2, 15, 76, 3080 }, // 'J'
    { 13, 15, 14, 1, 15, 105, 3156 }, // 'K'
    { 11, 15, 12, 1, 15, 90, 3261 }, // 'L'
    { 17, 15, 20, 1, 15, 135, 3351 }, // 'M'
    { 15, 15, 17, 1, 15, 120, 3486 }, // 'N'
    { 15, 15, 17, 1, 15, 120, 3606 }, // 'O'
    { 12, 15, 13, 1, 15, 90, 3726 }, // 'P'
    { 15, 18, 17, 1, 15, 144, 3816 }, // 'Q'
    { 13, 15, 14, 1, 15, 105, 3960 }, // 'R'
    { 11, 15, 12, 0, 15, 90, 4065 }, // 'S'
    { 12, 15, 12, 0, 15, 90, 4155 }, // 'T'
    { 14, 15, 16, 1, 15, 105, 4245 }, // 'U'
    { 14, 15, 14, 0, 15, 105, 4350 }, // 'V'
    { 21, 15, 20, 0, 15, 165, 4455 }, // 'W'
    { 14, 15, 14, 0, 15, 105, 4620 }, // 'X'
    { 14, 15, 13, 0, 15, 105, 4725 }, // 'Y'
    { 12, 15, 12, 0, 15, 90, 4830 }, // 'Z'
    { 6, 18, 7, 1, 15, 54, 4920 }, // '['
    { 9, 15, 9, 0, 15, 75, 4974 }, // '<backslash>'
    { 6, 18, 7, 0, 15, 54, 5049 }, // ']'
    { 12, 10, 12, 0, 15, 60, 5103 }, // '^'
    { 10, 2, 9, -1, -2, 10, 5163 }, // '_'
    { 7, 3, 8, 0, 16, 12, 5173 }, // '`'
    { 12, 12, 13, 0, 12, 72, 5185 }, // 'a'
    { 12, 16, 13, 1, 16, 96, 5257 }, // 'b'
    { 11, 12, 11, 0, 12, 72, 5353 }, // 'c'
    { 12, 16, 13, 0, 16, 96, 5425 }, // 'd'
    { 12, 12, 12, 0, 12, 72, 5521 }, // 'e'
    { 10, 16, 8, 0, 16, 80, 5593 }, // 'f'
    { 12, 17, 12, 0, 12, 102, 5673 }, // 'g'
    { 12, 16, 14, 1, 16, 96, 5775 }, // 'h'
    { 4, 17, 6, 1, 17, 34, 5871 }, // 'i'
    { 7, 22, 6, -2, 17, 88, 5905 }, // 'j'
    { 13, 16, 13, 1, 16, 112, 5993 }, // 'k'
    { 4, 16, 6, 1, 16, 32, 6105 }, // 'l'
    { 19, 12, 21, 1, 12, 120, 6137 }, // 'm'
    { 12, 12, 14, 1, 12, 72, 6257 }, // 'n'
    { 13, 12, 13, 0, 12, 84, 6329 }, // 'o'
    { 12, 17, 13, 1, 12, 102, 6413 }, // 'p'
    { 12, 17, 13, 0, 12, 102, 6515 }, // 'q'
    { 9, 12, 10, 1, 12, 60, 6617 }, // 'r'
    { 10, 12, 10, 0, 12, 60, 6677 }, // 's'
    { 9, 14, 9, 0, 14, 70, 6737 }, // 't'
    { 12, 12, 14, 1, 12, 72, 6807 }, // 'u'
    { 12, 12, 12, 0, 12, 72, 6879 }, // 'v'
    { 18, 12, 18, 0, 12, 108, 6951 }, // 'w'
    { 13, 12, 12, 0, 12, 84, 7059 }, // 'x'
    { 12, 17, 12, 0, 12, 102, 7143 }, // 'y'
    { 10, 12, 10, 0, 12, 60, 7245 }, // 'z'
    { 8, 18, 8, 0, 15, 72, 7305 }, // '{'
    { 3, 21, 12, 4, 16, 42, 7377 }, // '|'
    { 8, 18, 8, 0, 15, 72, 7419 }, // '}'
    { 12, 3, 12, 0, 9, 18, 7491 }, // '~'
    { 0, 0, 5, 0, 0, 0, 7509 }, // ' '
    { 4, 16, 6, 1, 12, 32, 7509 }, // '¡'
    { 10, 16, 12, 1, 16, 80, 7541 }, // '¢'
    { 12, 15, 12, 0, 15, 90, 7621 }, // '£'
    { 10, 11, 12, 1, 12, 55, 7711 }, // '¤'
    { 12, 15, 12, 0, 15, 90, 7766 }, // '¥'
    { 3, 21, 12, 4, 16, 42, 7856 }, // '¦'
    { 9, 16, 10, 1, 16, 80, 7898 }, // '§'
    { 8, 3, 13, 2, 16, 12, 7978 }, // '¨'
    { 16, 15, 17, 1, 15, 120, 7990 }, // '©'
    { 8, 7, 8, 0, 15, 28, 8110 }, // 'ª'
    { 13, 10, 13, 0, 11, 70, 8138 }, // '«'
    { 12, 6, 12, 0, 9, 36, 8208 }, // '¬'
    { 7, 3, 7, 0, 7, 12, 8244 }, // '­'
    { 16, 15, 17, 1, 15, 120, 8256 }, // '®'
    { 12, 3, 11, -1, 19, 18, 8376 }, // '¯'
    { 9, 7, 9, 0, 15, 35, 8394 }, // '°'
    { 12, 14, 12, 0, 14, 84, 8429 }, // '±'
    { 8, 9, 8, 0, 18, 36, 8513 }, // '²'
    { 8, 9, 8, 0, 18, 36, 8549 }, // '³'
    { 7, 3, 8, 0, 16, 12, 8585 }, // '´'
    { 12, 17, 14, 1, 12, 102, 8597 }, // 'µ'
    { 11, 19, 14, 1, 16, 114, 8699 }, // '¶'
    { 4, 4, 6, 1, 10, 8, 8813 }, // '·'
    { 6, 5, 4, -1, 0, 15, 8821 }, // '¸'
    { 6, 9, 8, 0, 18, 27, 8836 }, // '¹'
    { 8, 7, 8, 0, 15, 28, 8863 }, // 'º'
    { 13, 10, 13, 0, 11, 70, 8891 }, // '»'
    { 18, 15, 17, 0, 15, 135, 8961 }, // '¼'
    { 18, 15, 18, 0, 15, 135, 9096 }, // '½'
    { 18, 15, 18, 0, 15, 135, 9231 }, // '¾'
    { 11, 16, 10, 0, 12, 96, 9366 }, // '¿'
    { 15, 20, 14, 0, 20, 160, 9462 }, // 'À'
    { 15, 20, 14, 0, 20, 160, 9622 }, // 'Á'
    { 15, 20, 14, 0, 20, 160, 9782 }, // 'Â'
    { 15, 20, 14, 0, 20, 160, 9942 }, // 'Ã'
    { 15, 20, 14, 0, 20, 160, 10102 }, // 'Ä'
    { 15, 19, 14, 0, 19, 152, 10262 }, // 'Å'
    { 19, 15, 20, 0, 15, 150, 10414 }, // 'Æ'
    { 12, 20, 13, 1, 15, 120, 10564 }, // 'Ç'
    { 10, 20, 12, 1, 20, 100, 10684 }, // 'È'
    { 10, 20, 12, 1, 20, 100, 10784 }, // 'É'
    { 10, 20, 12, 1, 20, 100, 10884 }, // 'Ê'
    { 10, 20, 12, 1, 20, 100, 10984 }, // 'Ë'
    { 7, 20, 7, -1, 20, 80, 11084 }, // 'Ì'
    { 7, 20, 7, 1, 20, 80, 11164 }, // 'Í'
    { 9, 20, 7, -1, 20, 100, 11244 }, // 'Î'
    { 8, 20, 7, -1, 20, 80, 11344 }, // 'Ï'
    { 15, 15, 16, 0, 15, 120, 11424 }, // 'Ð'
    { 15, 20, 17, 1, 20, 160, 11544 }, // 'Ñ'
    { 15, 20, 17, 1, 20, 160, 11704 }, // 'Ò'
    { 15, 20, 17, 1, 20, 160, 11864 }, // 'Ó'
    { 15, 20, 17, 1, 20, 160, 12024 }, // 'Ô'
    { 15, 20, 17, 1, 20, 160, 12184 }, // 'Õ'
    { 15, 20, 17, 1, 20, 160, 12344 }, // 'Ö'
    { 10, 9, 12, 1, 12, 45, 12504 }, // '×'
    { 15, 17, 17, 1, 16, 136, 12549 }, // 'Ø'
    { 14, 20, 16, 1, 20, 140, 12685 }, // 'Ù'
    { 14, 20, 16, 1, 20, 140, 12825 }, // 'Ú'
    { 14, 20, 16, 1, 20, 140, 12965 }, // 'Û'
    { 14, 20, 16, 1, 20, 140, 13105 }, // 'Ü'
    { 14, 20, 13, 0, 20, 140, 13245 }, // 'Ý'
    { 12, 15, 13, 1, 15, 90, 13385 }, // 'Þ'
    { 14, 16, 15, 1, 16, 112, 13475 }, // 'ß'
    { 12, 16, 13, 0, 16, 96, 13587 }, // 'à'
    { 12, 16, 13, 0, 16, 96, 13683 }, // 'á'
    { 12, 16, 13, 0, 16, 96, 13779 }, // 'â'
    { 12, 16, 13, 0, 16, 96, 13875 }, // 'ã'
    { 12, 16, 13, 0, 16, 96, 13971 }, // 'ä'
    { 12, 19, 13, 0, 19, 114, 14067 }, // 'å'
    { 19, 12, 19, 0, 12, 120, 14181 }, // 'æ'
    { 11, 17, 11, 0, 12, 102, 14301 }, // 'ç'
    { 12, 16, 12, 0, 16, 96, 14403 }, // 'è'
    { 12, 16, 12, 0, 16, 96, 14499 }, // 'é'
    { 12, 16, 12, 0, 16, 96, 14595 }, // 'ê'
    { 12, 16, 12, 0, 16, 96, 14691 }, // 'ë'
    { 7, 16, 6, -1, 16, 64, 14787 }, // 'ì'
    { 7, 16, 6, 1, 16, 64, 14851 }, // 'í'
    { 10, 16, 6, -2, 16, 80, 14915 }, // 'î'
    { 8, 16, 6, -1, 16, 64, 14995 }, // 'ï'
    { 13, 16, 13, 0, 16, 112, 15059 }, // 'ð'
    { 12, 16, 14, 1, 16, 96, 15171 }, // 'ñ'
    { 13, 16, 13, 0, 16, 112, 15267 }, // 'ò'
    { 13, 16, 13, 0, 16, 112, 15379 }, // 'ó'
    { 13, 16, 13, 0, 16, 112, 15491 }, // 'ô'
    { 13, 16, 13, 0, 16, 112, 15603 }, // 'õ'
    { 13, 16, 13, 0, 16, 112, 15715 }, // 'ö'
    { 12, 12, 12, 0, 13, 72, 15827 }, // '÷'
    { 13, 14, 13, 0, 13, 98, 15899 }, // 'ø'
    { 12, 16, 14, 1, 16, 96, 15997 }, // 'ù'
    { 12, 16, 14, 1, 16, 96, 16093 }, // 'ú'
    { 12, 16, 14, 1, 16, 96, 16189 }, // 'û'
    { 12, 16, 14, 1, 16, 96, 16285 }, // 'ü'
    { 12, 21, 12, 0, 16, 126, 16381 }, // 'ý'
    { 12, 21, 13, 1, 16, 126, 16507 }, // 'þ'
    { 12, 21, 12, 0, 16, 126, 16633 }, // 'ÿ'
    { 10, 20, 12, 1, 20, 100, 16759 }, // 'Ё'
    { 15, 15, 14, 0, 15, 120, 16859 }, // 'А'
    { 12, 15, 13, 1, 15, 90, 16979 }, // 'Б'
    { 12, 15, 14, 1, 15, 90, 17069 }, // 'В'
    { 11, 15, 12, 1, 15, 90, 17159 }, // 'Г'
    { 16, 19, 16, 0, 15, 152, 17249 }, // 'Д'
    { 10, 15, 12, 1, 15, 75, 17401 }, // 'Е'
    { 20, 15, 20, 0, 15, 150, 17476 }, // 'Ж'
    { 13, 15, 14, 0, 15, 105, 17626 }, // 'З'
    { 15, 15, 17, 1, 15, 120, 17731 }, // 'И'
    { 15, 21, 17, 1, 21, 168, 17851 }, // 'Й'
    { 14, 15, 14, 1, 15, 105, 18019 }, // 'К'
    { 14, 15, 16, 0, 15, 105, 18124 }, // 'Л'
    { 17, 15, 20, 1, 15, 135, 18229 }, // 'М'
    { 14, 15, 16, 1, 15, 105, 18364 }, // 'Н'
    { 15, 15, 17, 1, 15, 120, 18469 }, // 'О'
    { 13, 15, 16, 1, 15, 105, 18589 }, // 'П'
    { 12, 15, 13, 1, 15, 90, 18694 }, // 'Р'
    { 12, 15, 13, 1, 15, 90, 18784 }, // 'С'
    { 12, 15, 12, 0, 15, 90, 18874 }, // 'Т'
    { 14, 15, 14, 0, 15, 105, 18964 }, // 'У'
    { 18, 15, 18, 0, 15, 135, 19069 }, // 'Ф'
    { 14, 15, 14, 0, 15, 105, 19204 }, // 'Х'
    { 15, 19, 16, 1, 15, 152, 19309 }, // 'Ц'
    { 13, 15, 15, 1, 15, 105, 19461 }, // 'Ч'
    { 20, 15, 23, 1, 15, 150, 19566 }, // 'Ш'
    { 22, 19, 23, 1, 15, 209, 19716 }, // 'Щ'
    { 15, 15, 15, 0, 15, 120, 19925 }, // 'Ъ'
    { 17, 15, 19, 1, 15, 135, 20045 }, // 'Ы'
    { 12, 15, 13, 1, 15, 90, 20180 }, // 'Ь'
    { 13, 15, 14, 0, 15, 105, 20270 }, // 'Э'
    { 21, 15, 22, 1, 15, 165, 20375 }, // 'Ю'
    { 14, 15, 14, -1, 15, 105, 20540 }, // 'Я'
    { 12, 12, 13, 0, 12, 72, 20645 }, // 'а'
    { 13, 16, 13, 0, 16, 112, 20717 }, // 'б'
    { 12, 12, 13, 1, 12, 72, 20829 }, // 'в'
    { 9, 12, 10, 1, 12, 60, 20901 }, // 'г'
    { 14, 16, 14, 0, 12, 112, 20961 }, // 'д'
    { 12, 12, 12, 0, 12, 72, 21073 }, // 'е'
    { 19, 12, 18, 0, 12, 120, 21145 }, // 'ж'
    { 11, 12, 12, 0, 12, 72, 21265 }, // 'з'
    { 13, 12, 15, 1, 12, 84, 21337 }, // 'и'
    { 13, 17, 15, 1, 17, 119, 21421 }, // 'й'
    { 12, 12, 13, 1, 12, 72, 21540 }, // 'к'
    { 12, 12, 14, 0, 12, 72, 21612 }, // 'л'
    { 16, 12, 18, 1, 12, 96, 21684 }, // 'м'
    { 12, 12, 14, 1, 12, 72, 21780 }, // 'н'
    { 13, 12, 13, 0, 12, 84, 21852 }, // 'о'
    { 12, 12, 14, 1, 12, 72, 21936 }, // 'п'
    { 12, 17, 13, 1, 12, 102, 22008 }, // 'р'
    { 11, 12, 11, 0, 12, 72, 22110 }, // 'с'
    { 12, 12, 12, 0, 12, 72, 22182 }, // 'т'
    { 12, 17, 12, 0, 12, 102, 22254 }, // 'у'
    { 17, 21, 17, 0, 16, 189, 22356 }, // 'ф'
    { 13, 12, 12, 0, 12, 84, 22545 }, // 'х'
    { 14, 16, 14, 1, 12, 112, 22629 }, // 'ц'
    { 12, 12, 14, 1, 12, 72, 22741 }, // 'ч'
    { 18, 12, 20, 1, 12, 108, 22813 }, // 'ш'
    { 20, 16, 21, 1, 12, 160, 22921 }, // 'щ'
    { 15, 12, 15, 0, 12, 96, 23081 }, // 'ъ'
    { 16, 12, 18, 1, 12, 96, 23177 }, // 'ы'
    { 12, 12, 13, 1, 12, 72, 23273 }, // 'ь'
    { 10, 12, 11, 0, 12, 60, 23345 }, // 'э'
    { 17, 12, 18, 1, 12, 108, 23405 }, // 'ю'
    { 11, 12, 12, 0, 12, 72, 23513 }, // 'я'
    { 12, 16, 12, 0, 16, 96, 23585 }, // 'ё'
    { 10, 3, 11, 0, 7, 15, 23681 }, // '–'
    { 21, 3, 21, 0, 7, 33, 23696 }, // '—'
    { 21, 3, 21, 0, 7, 33, 23729 }, // '―'
    { 10, 5, 9, -1, 0, 25, 23762 }, // '‗'
    { 5, 5, 5, 0, 15, 15, 23787 }, // '‘'
    { 5, 5, 5, 0, 15, 15, 23802 }, // '’'
    { 5, 5, 6, 0, 2, 15, 23817 }, // '‚'
    { 5, 5, 5, 0, 15, 15, 23832 }, // '‛'
    { 10, 5, 9, 0, 15, 25, 23847 }, // '“'
    { 10, 5, 9, 0, 15, 25, 23872 }, // '”'
    { 10, 5, 11, 0, 2, 25, 23897 }, // '„'
    { 9, 16, 11, 1, 16, 80, 23922 }, // '†'
    { 9, 16, 11, 1, 16, 80, 24002 }, // '‡'
    { 6, 7, 8, 1, 11, 21, 24082 }, // '•'
    { 16, 4, 18, 1, 4, 32, 24103 }, // '…'
    { 27, 15, 27, 0, 15, 210, 24135 }, // '‰'
    { 7, 5, 6, 0, 15, 20, 24345 }, // '′'
    { 12, 5, 11, 0, 15, 30, 24365 }, // '″'
    { 7, 10, 8, 0, 11, 40, 24395 }, // '‹'
    { 7, 10, 8, 0, 11, 40, 24435 }, // '›'
    { 10, 15, 12, 1, 15, 75, 24475 }, // '‼'
    { 12, 15, 3, -5, 15, 90, 24550 }, // '⁄'
};
const UnicodeInterval OpenSans10BIntervals[] = {
    { 0x20, 0x7E, 0x0 },
    { 0xA0, 0xFF, 0x5F },
    { 0x401, 0x401, 0xBF },
    { 0x410, 0x44F, 0xC0 },
    { 0x451, 0x451, 0x100 },
    { 0x2010, 0x205F, 0x101 },
};
const GFXfont OpenSans10B = {
    (uint8_t*)OpenSans10BBitmaps,
    (GFXglyph*)OpenSans10BGlyphs,
    (UnicodeInterval*)OpenSans10BIntervals,
    6,
    0,
    28,
    23,
    -7,
};
